2026-03-09 11:28:03 - INFO - ICL eval started
2026-03-09 11:28:03 - INFO - Config:
{
  "model_path": "/workspace/weights/unsloth-Mistral_Small_2401_24B_Instruct",
  "max_seq_length": 8192,
  "icl_prompts_dir": "/workspace/spar-team-recon/projects/ip/data/evals/comma_vs_semicolon_toy/icl_ip/exp_5_arm_5_ICL_IP_comma",
  "icl_results_dir": "/workspace/spar-team-recon/projects/ip/results/exp_5/arm_5",
  "log_dir": "/workspace/spar-team-recon/projects/ip/results/exp_5/arm_5/logs",
  "rollouts": {
    "num_rollouts": 1,
    "batch_size": 1,
    "prompt_batch_size": 1,
    "temperature": 1.0,
    "max_new_tokens": 1,
    "top_p": 0.95,
    "top_k": 50,
    "seed": 42
  }
}
2026-03-09 11:28:03 - INFO - Found 10 ICL prompt files: ['prompts_icl=2.jsonl', 'prompts_icl=4.jsonl', 'prompts_icl=6.jsonl', 'prompts_icl=8.jsonl', 'prompts_icl=10.jsonl', 'prompts_icl=12.jsonl', 'prompts_icl=14.jsonl', 'prompts_icl=16.jsonl', 'prompts_icl=18.jsonl', 'prompts_icl=20.jsonl']
🦥 Unsloth: Will patch your computer to enable 2x faster free finetuning.
🦥 Unsloth Zoo will now patch everything to make training faster!
2026-03-09 11:28:27 - INFO - Loading base model: /workspace/weights/unsloth-Mistral_Small_2401_24B_Instruct
[icl_eval|INFO]Loading base model: /workspace/weights/unsloth-Mistral_Small_2401_24B_Instruct
==((====))==  Unsloth 2026.2.1: Fast Mistral patching. Transformers: 4.57.6.
   \\   /|    NVIDIA A100-SXM4-80GB. Num GPUs = 1. Max memory: 79.25 GB. Platform: Linux.
O^O/ \_/ \    Torch: 2.10.0+cu128. CUDA: 8.0. CUDA Toolkit: 12.8. Triton: 3.6.0
\        /    Bfloat16 = TRUE. FA [Xformers = 0.0.35. FA2 = False]
 "-____-"     Free license: http://github.com/unslothai/unsloth
Unsloth: Fast downloading is enabled - ignore downloading bars which are red colored!
Loading checkpoint shards:   0%|          | 0/10 [00:00<?, ?it/s]Loading checkpoint shards:  10%|█         | 1/10 [00:00<00:05,  1.72it/s]Loading checkpoint shards:  20%|██        | 2/10 [00:01<00:04,  1.70it/s]Loading checkpoint shards:  30%|███       | 3/10 [00:01<00:04,  1.73it/s]Loading checkpoint shards:  40%|████      | 4/10 [00:02<00:03,  1.73it/s]Loading checkpoint shards:  50%|█████     | 5/10 [00:02<00:02,  1.74it/s]Loading checkpoint shards:  60%|██████    | 6/10 [00:03<00:02,  1.77it/s]Loading checkpoint shards:  70%|███████   | 7/10 [00:04<00:01,  1.74it/s]Loading checkpoint shards:  80%|████████  | 8/10 [00:04<00:01,  1.75it/s]Loading checkpoint shards:  90%|█████████ | 9/10 [00:05<00:00,  1.79it/s]Loading checkpoint shards: 100%|██████████| 10/10 [00:05<00:00,  1.88it/s]Loading checkpoint shards: 100%|██████████| 10/10 [00:05<00:00,  1.79it/s]
2026-03-09 11:28:37 - INFO - Base model loaded successfully
[icl_eval|INFO]Base model loaded successfully
2026-03-09 11:28:37 - INFO - Model ready for inference
[icl_eval|INFO]Model ready for inference
2026-03-09 11:28:37 - INFO - ============================================================
[icl_eval|INFO]============================================================
2026-03-09 11:28:37 - INFO - Processing prompts_icl=2.jsonl (icl=2)
[icl_eval|INFO]Processing prompts_icl=2.jsonl (icl=2)
2026-03-09 11:28:37 - INFO - ============================================================
[icl_eval|INFO]============================================================
2026-03-09 11:28:37 - INFO - Loading test data from: /workspace/spar-team-recon/projects/ip/data/evals/comma_vs_semicolon_toy/icl_ip/exp_5_arm_5_ICL_IP_comma/prompts_icl=2.jsonl
[icl_eval|INFO]Loading test data from: /workspace/spar-team-recon/projects/ip/data/evals/comma_vs_semicolon_toy/icl_ip/exp_5_arm_5_ICL_IP_comma/prompts_icl=2.jsonl
2026-03-09 11:28:37 - INFO - Loaded 100 test prompts
[icl_eval|INFO]Loaded 100 test prompts
2026-03-09 11:28:37 - INFO - 100 prompts loaded
[icl_eval|INFO]100 prompts loaded
2026-03-09 11:28:47 - INFO - Rollouts done in 9.7s
[icl_eval|INFO]Rollouts done in 9.7s
2026-03-09 11:28:47 - INFO - Comma ',' tokenizes to IDs: [1044]
[icl_eval|INFO]Comma ',' tokenizes to IDs: [1044]
2026-03-09 11:28:47 - INFO - Semicolon ';' tokenizes to IDs: [1059]
[icl_eval|INFO]Semicolon ';' tokenizes to IDs: [1059]
2026-03-09 11:28:47 - INFO - Using comma_id=1044 (','), semicolon_id=1059 (';')
[icl_eval|INFO]Using comma_id=1044 (','), semicolon_id=1059 (';')
2026-03-09 11:28:47 - INFO - Processing 100 prompts
[icl_eval|INFO]Processing 100 prompts
The attention mask is not set and cannot be inferred from input because pad token is same as eos token. As a consequence, you may observe unexpected behavior. Please pass your input's `attention_mask` to obtain reliable results.
2026-03-09 11:28:47 - INFO - Prompt 0 generated token: ','
[icl_eval|INFO]Prompt 0 generated token: ','
2026-03-09 11:28:47 - INFO - Prompt 0: comma_logit=17.0000 (prob=0.590342), semicolon_logit=11.6250 (prob=0.002734)
[icl_eval|INFO]Prompt 0: comma_logit=17.0000 (prob=0.590342), semicolon_logit=11.6250 (prob=0.002734)
2026-03-09 11:28:47 - INFO - Prompt 1 generated token: ','
[icl_eval|INFO]Prompt 1 generated token: ','
2026-03-09 11:28:47 - INFO - Prompt 1: comma_logit=15.4375 (prob=0.252745), semicolon_logit=14.7500 (prob=0.127088)
[icl_eval|INFO]Prompt 1: comma_logit=15.4375 (prob=0.252745), semicolon_logit=14.7500 (prob=0.127088)
2026-03-09 11:28:47 - INFO - Prompt 2 generated token: ','
[icl_eval|INFO]Prompt 2 generated token: ','
2026-03-09 11:28:47 - INFO - Prompt 2: comma_logit=14.6875 (prob=0.243156), semicolon_logit=12.3750 (prob=0.024076)
[icl_eval|INFO]Prompt 2: comma_logit=14.6875 (prob=0.243156), semicolon_logit=12.3750 (prob=0.024076)
2026-03-09 11:28:47 - INFO - Prompt 3 generated token: '.'
[icl_eval|INFO]Prompt 3 generated token: '.'
2026-03-09 11:28:47 - INFO - Prompt 3: comma_logit=14.5625 (prob=0.187663), semicolon_logit=12.3125 (prob=0.019780)
[icl_eval|INFO]Prompt 3: comma_logit=14.5625 (prob=0.187663), semicolon_logit=12.3125 (prob=0.019780)
2026-03-09 11:28:47 - INFO - Prompt 4 generated token: ','
[icl_eval|INFO]Prompt 4 generated token: ','
2026-03-09 11:28:47 - INFO - Prompt 4: comma_logit=16.1250 (prob=0.358907), semicolon_logit=11.6875 (prob=0.004244)
[icl_eval|INFO]Prompt 4: comma_logit=16.1250 (prob=0.358907), semicolon_logit=11.6875 (prob=0.004244)
2026-03-09 11:28:47 - INFO - Prompt 5 generated token: ','
[icl_eval|INFO]Prompt 5 generated token: ','
2026-03-09 11:28:47 - INFO - Prompt 5: comma_logit=17.1250 (prob=0.553056), semicolon_logit=11.2500 (prob=0.001553)
[icl_eval|INFO]Prompt 5: comma_logit=17.1250 (prob=0.553056), semicolon_logit=11.2500 (prob=0.001553)
2026-03-09 11:28:48 - INFO - Prompt 6 generated token: ','
[icl_eval|INFO]Prompt 6 generated token: ','
2026-03-09 11:28:48 - INFO - Prompt 6: comma_logit=15.3125 (prob=0.252507), semicolon_logit=11.6250 (prob=0.006321)
[icl_eval|INFO]Prompt 6: comma_logit=15.3125 (prob=0.252507), semicolon_logit=11.6250 (prob=0.006321)
2026-03-09 11:28:48 - INFO - Prompt 7 generated token: ','
[icl_eval|INFO]Prompt 7 generated token: ','
2026-03-09 11:28:48 - INFO - Prompt 7: comma_logit=16.2500 (prob=0.421581), semicolon_logit=11.5000 (prob=0.003647)
[icl_eval|INFO]Prompt 7: comma_logit=16.2500 (prob=0.421581), semicolon_logit=11.5000 (prob=0.003647)
2026-03-09 11:28:48 - INFO - Prompt 8 generated token: ','
[icl_eval|INFO]Prompt 8 generated token: ','
2026-03-09 11:28:48 - INFO - Prompt 8: comma_logit=16.5000 (prob=0.518144), semicolon_logit=11.8750 (prob=0.005080)
[icl_eval|INFO]Prompt 8: comma_logit=16.5000 (prob=0.518144), semicolon_logit=11.8750 (prob=0.005080)
2026-03-09 11:28:48 - INFO - Prompt 9 generated token: ','
[icl_eval|INFO]Prompt 9 generated token: ','
2026-03-09 11:28:48 - INFO - Prompt 9: comma_logit=16.3750 (prob=0.429787), semicolon_logit=12.6250 (prob=0.010108)
[icl_eval|INFO]Prompt 9: comma_logit=16.3750 (prob=0.429787), semicolon_logit=12.6250 (prob=0.010108)
2026-03-09 11:28:48 - INFO - Prompt 10 generated token: ','
[icl_eval|INFO]Prompt 10 generated token: ','
2026-03-09 11:28:48 - INFO - Prompt 10: comma_logit=16.1250 (prob=0.453916), semicolon_logit=13.3125 (prob=0.027260)
[icl_eval|INFO]Prompt 10: comma_logit=16.1250 (prob=0.453916), semicolon_logit=13.3125 (prob=0.027260)
2026-03-09 11:28:48 - INFO - Prompt 11 generated token: ','
[icl_eval|INFO]Prompt 11 generated token: ','
2026-03-09 11:28:48 - INFO - Prompt 11: comma_logit=15.5625 (prob=0.330881), semicolon_logit=11.6875 (prob=0.006867)
[icl_eval|INFO]Prompt 11: comma_logit=15.5625 (prob=0.330881), semicolon_logit=11.6875 (prob=0.006867)
2026-03-09 11:28:48 - INFO - Prompt 12 generated token: ','
[icl_eval|INFO]Prompt 12 generated token: ','
2026-03-09 11:28:48 - INFO - Prompt 12: comma_logit=16.2500 (prob=0.426612), semicolon_logit=12.7500 (prob=0.012883)
[icl_eval|INFO]Prompt 12: comma_logit=16.2500 (prob=0.426612), semicolon_logit=12.7500 (prob=0.012883)
2026-03-09 11:28:48 - INFO - Prompt 13 generated token: ','
[icl_eval|INFO]Prompt 13 generated token: ','
2026-03-09 11:28:48 - INFO - Prompt 13: comma_logit=16.3750 (prob=0.442230), semicolon_logit=11.3125 (prob=0.002799)
[icl_eval|INFO]Prompt 13: comma_logit=16.3750 (prob=0.442230), semicolon_logit=11.3125 (prob=0.002799)
2026-03-09 11:28:48 - INFO - Prompt 14 generated token: ','
[icl_eval|INFO]Prompt 14 generated token: ','
2026-03-09 11:28:48 - INFO - Prompt 14: comma_logit=15.7500 (prob=0.326190), semicolon_logit=13.4375 (prob=0.032297)
[icl_eval|INFO]Prompt 14: comma_logit=15.7500 (prob=0.326190), semicolon_logit=13.4375 (prob=0.032297)
2026-03-09 11:28:48 - INFO - Prompt 15 generated token: ','
[icl_eval|INFO]Prompt 15 generated token: ','
2026-03-09 11:28:48 - INFO - Prompt 15: comma_logit=15.3125 (prob=0.294693), semicolon_logit=11.5625 (prob=0.006931)
[icl_eval|INFO]Prompt 15: comma_logit=15.3125 (prob=0.294693), semicolon_logit=11.5625 (prob=0.006931)
2026-03-09 11:28:48 - INFO - Prompt 16 generated token: ','
[icl_eval|INFO]Prompt 16 generated token: ','
2026-03-09 11:28:48 - INFO - Prompt 16: comma_logit=15.5625 (prob=0.329556), semicolon_logit=12.0625 (prob=0.009952)
[icl_eval|INFO]Prompt 16: comma_logit=15.5625 (prob=0.329556), semicolon_logit=12.0625 (prob=0.009952)
2026-03-09 11:28:49 - INFO - Prompt 17 generated token: ','
[icl_eval|INFO]Prompt 17 generated token: ','
2026-03-09 11:28:49 - INFO - Prompt 17: comma_logit=17.8750 (prob=0.654867), semicolon_logit=11.6250 (prob=0.001264)
[icl_eval|INFO]Prompt 17: comma_logit=17.8750 (prob=0.654867), semicolon_logit=11.6250 (prob=0.001264)
2026-03-09 11:28:49 - INFO - Prompt 18 generated token: ','
[icl_eval|INFO]Prompt 18 generated token: ','
2026-03-09 11:28:49 - INFO - Prompt 18: comma_logit=16.7500 (prob=0.498117), semicolon_logit=11.1250 (prob=0.001796)
[icl_eval|INFO]Prompt 18: comma_logit=16.7500 (prob=0.498117), semicolon_logit=11.1250 (prob=0.001796)
2026-03-09 11:28:49 - INFO - Prompt 19 generated token: ','
[icl_eval|INFO]Prompt 19 generated token: ','
2026-03-09 11:28:49 - INFO - Prompt 19: comma_logit=17.7500 (prob=0.667749), semicolon_logit=12.0625 (prob=0.002262)
[icl_eval|INFO]Prompt 19: comma_logit=17.7500 (prob=0.667749), semicolon_logit=12.0625 (prob=0.002262)
2026-03-09 11:28:49 - INFO - Prompt 20 generated token: ','
[icl_eval|INFO]Prompt 20 generated token: ','
2026-03-09 11:28:49 - INFO - Prompt 20: comma_logit=15.6250 (prob=0.333899), semicolon_logit=13.5000 (prob=0.039879)
[icl_eval|INFO]Prompt 20: comma_logit=15.6250 (prob=0.333899), semicolon_logit=13.5000 (prob=0.039879)
2026-03-09 11:28:49 - INFO - Prompt 21 generated token: ','
[icl_eval|INFO]Prompt 21 generated token: ','
2026-03-09 11:28:49 - INFO - Prompt 21: comma_logit=17.3750 (prob=0.606699), semicolon_logit=10.8750 (prob=0.000912)
[icl_eval|INFO]Prompt 21: comma_logit=17.3750 (prob=0.606699), semicolon_logit=10.8750 (prob=0.000912)
2026-03-09 11:28:49 - INFO - Prompt 22 generated token: ','
[icl_eval|INFO]Prompt 22 generated token: ','
2026-03-09 11:28:49 - INFO - Prompt 22: comma_logit=16.6250 (prob=0.524132), semicolon_logit=12.5625 (prob=0.009018)
[icl_eval|INFO]Prompt 22: comma_logit=16.6250 (prob=0.524132), semicolon_logit=12.5625 (prob=0.009018)
2026-03-09 11:28:49 - INFO - Prompt 23 generated token: ','
[icl_eval|INFO]Prompt 23 generated token: ','
2026-03-09 11:28:49 - INFO - Prompt 23: comma_logit=14.8125 (prob=0.246607), semicolon_logit=13.3750 (prob=0.058574)
[icl_eval|INFO]Prompt 23: comma_logit=14.8125 (prob=0.246607), semicolon_logit=13.3750 (prob=0.058574)
2026-03-09 11:28:49 - INFO - Prompt 24 generated token: ','
[icl_eval|INFO]Prompt 24 generated token: ','
2026-03-09 11:28:49 - INFO - Prompt 24: comma_logit=16.5000 (prob=0.434226), semicolon_logit=13.4375 (prob=0.020309)
[icl_eval|INFO]Prompt 24: comma_logit=16.5000 (prob=0.434226), semicolon_logit=13.4375 (prob=0.020309)
2026-03-09 11:28:49 - INFO - Prompt 25 generated token: ','
[icl_eval|INFO]Prompt 25 generated token: ','
2026-03-09 11:28:49 - INFO - Prompt 25: comma_logit=16.7500 (prob=0.557890), semicolon_logit=11.6250 (prob=0.003317)
[icl_eval|INFO]Prompt 25: comma_logit=16.7500 (prob=0.557890), semicolon_logit=11.6250 (prob=0.003317)
2026-03-09 11:28:49 - INFO - Prompt 26 generated token: ','
[icl_eval|INFO]Prompt 26 generated token: ','
2026-03-09 11:28:49 - INFO - Prompt 26: comma_logit=17.2500 (prob=0.604446), semicolon_logit=11.1250 (prob=0.001322)
[icl_eval|INFO]Prompt 26: comma_logit=17.2500 (prob=0.604446), semicolon_logit=11.1250 (prob=0.001322)
2026-03-09 11:28:49 - INFO - Prompt 27 generated token: ','
[icl_eval|INFO]Prompt 27 generated token: ','
2026-03-09 11:28:49 - INFO - Prompt 27: comma_logit=17.0000 (prob=0.577205), semicolon_logit=9.8125 (prob=0.000436)
[icl_eval|INFO]Prompt 27: comma_logit=17.0000 (prob=0.577205), semicolon_logit=9.8125 (prob=0.000436)
2026-03-09 11:28:50 - INFO - Prompt 28 generated token: ','
[icl_eval|INFO]Prompt 28 generated token: ','
2026-03-09 11:28:50 - INFO - Prompt 28: comma_logit=15.7500 (prob=0.371280), semicolon_logit=12.5625 (prob=0.015325)
[icl_eval|INFO]Prompt 28: comma_logit=15.7500 (prob=0.371280), semicolon_logit=12.5625 (prob=0.015325)
2026-03-09 11:28:50 - INFO - Prompt 29 generated token: ','
[icl_eval|INFO]Prompt 29 generated token: ','
2026-03-09 11:28:50 - INFO - Prompt 29: comma_logit=18.1250 (prob=0.718536), semicolon_logit=11.4375 (prob=0.000896)
[icl_eval|INFO]Prompt 29: comma_logit=18.1250 (prob=0.718536), semicolon_logit=11.4375 (prob=0.000896)
2026-03-09 11:28:50 - INFO - Prompt 30 generated token: ','
[icl_eval|INFO]Prompt 30 generated token: ','
2026-03-09 11:28:50 - INFO - Prompt 30: comma_logit=16.3750 (prob=0.427647), semicolon_logit=13.3125 (prob=0.020001)
[icl_eval|INFO]Prompt 30: comma_logit=16.3750 (prob=0.427647), semicolon_logit=13.3125 (prob=0.020001)
2026-03-09 11:28:50 - INFO - Prompt 31 generated token: ','
[icl_eval|INFO]Prompt 31 generated token: ','
2026-03-09 11:28:50 - INFO - Prompt 31: comma_logit=15.1875 (prob=0.214496), semicolon_logit=12.5000 (prob=0.014597)
[icl_eval|INFO]Prompt 31: comma_logit=15.1875 (prob=0.214496), semicolon_logit=12.5000 (prob=0.014597)
2026-03-09 11:28:50 - INFO - Prompt 32 generated token: ','
[icl_eval|INFO]Prompt 32 generated token: ','
2026-03-09 11:28:50 - INFO - Prompt 32: comma_logit=17.2500 (prob=0.552522), semicolon_logit=11.2500 (prob=0.001370)
[icl_eval|INFO]Prompt 32: comma_logit=17.2500 (prob=0.552522), semicolon_logit=11.2500 (prob=0.001370)
2026-03-09 11:28:50 - INFO - Prompt 33 generated token: ','
[icl_eval|INFO]Prompt 33 generated token: ','
2026-03-09 11:28:50 - INFO - Prompt 33: comma_logit=16.7500 (prob=0.564904), semicolon_logit=12.9375 (prob=0.012480)
[icl_eval|INFO]Prompt 33: comma_logit=16.7500 (prob=0.564904), semicolon_logit=12.9375 (prob=0.012480)
2026-03-09 11:28:50 - INFO - Prompt 34 generated token: ','
[icl_eval|INFO]Prompt 34 generated token: ','
2026-03-09 11:28:50 - INFO - Prompt 34: comma_logit=16.3750 (prob=0.468288), semicolon_logit=12.7500 (prob=0.012479)
[icl_eval|INFO]Prompt 34: comma_logit=16.3750 (prob=0.468288), semicolon_logit=12.7500 (prob=0.012479)
2026-03-09 11:28:50 - INFO - Prompt 35 generated token: ','
[icl_eval|INFO]Prompt 35 generated token: ','
2026-03-09 11:28:50 - INFO - Prompt 35: comma_logit=16.5000 (prob=0.460768), semicolon_logit=13.2500 (prob=0.017866)
[icl_eval|INFO]Prompt 35: comma_logit=16.5000 (prob=0.460768), semicolon_logit=13.2500 (prob=0.017866)
2026-03-09 11:28:50 - INFO - Prompt 36 generated token: ','
[icl_eval|INFO]Prompt 36 generated token: ','
2026-03-09 11:28:50 - INFO - Prompt 36: comma_logit=15.6875 (prob=0.300216), semicolon_logit=11.8125 (prob=0.006231)
[icl_eval|INFO]Prompt 36: comma_logit=15.6875 (prob=0.300216), semicolon_logit=11.8125 (prob=0.006231)
2026-03-09 11:28:50 - INFO - Prompt 37 generated token: ','
[icl_eval|INFO]Prompt 37 generated token: ','
2026-03-09 11:28:50 - INFO - Prompt 37: comma_logit=17.1250 (prob=0.602620), semicolon_logit=12.7500 (prob=0.007586)
[icl_eval|INFO]Prompt 37: comma_logit=17.1250 (prob=0.602620), semicolon_logit=12.7500 (prob=0.007586)
2026-03-09 11:28:50 - INFO - Prompt 38 generated token: ','
[icl_eval|INFO]Prompt 38 generated token: ','
2026-03-09 11:28:50 - INFO - Prompt 38: comma_logit=16.5000 (prob=0.461200), semicolon_logit=12.5000 (prob=0.008447)
[icl_eval|INFO]Prompt 38: comma_logit=16.5000 (prob=0.461200), semicolon_logit=12.5000 (prob=0.008447)
2026-03-09 11:28:50 - INFO - Prompt 39 generated token: ','
[icl_eval|INFO]Prompt 39 generated token: ','
2026-03-09 11:28:50 - INFO - Prompt 39: comma_logit=16.3750 (prob=0.438099), semicolon_logit=12.3125 (prob=0.007538)
[icl_eval|INFO]Prompt 39: comma_logit=16.3750 (prob=0.438099), semicolon_logit=12.3125 (prob=0.007538)
2026-03-09 11:28:51 - INFO - Prompt 40 generated token: ','
[icl_eval|INFO]Prompt 40 generated token: ','
2026-03-09 11:28:51 - INFO - Prompt 40: comma_logit=15.8125 (prob=0.390069), semicolon_logit=12.5625 (prob=0.015125)
[icl_eval|INFO]Prompt 40: comma_logit=15.8125 (prob=0.390069), semicolon_logit=12.5625 (prob=0.015125)
2026-03-09 11:28:51 - INFO - Prompt 41 generated token: ','
[icl_eval|INFO]Prompt 41 generated token: ','
2026-03-09 11:28:51 - INFO - Prompt 41: comma_logit=15.6875 (prob=0.304135), semicolon_logit=12.2500 (prob=0.009776)
[icl_eval|INFO]Prompt 41: comma_logit=15.6875 (prob=0.304135), semicolon_logit=12.2500 (prob=0.009776)
2026-03-09 11:28:51 - INFO - Prompt 42 generated token: ','
[icl_eval|INFO]Prompt 42 generated token: ','
2026-03-09 11:28:51 - INFO - Prompt 42: comma_logit=16.6250 (prob=0.513475), semicolon_logit=12.1875 (prob=0.006072)
[icl_eval|INFO]Prompt 42: comma_logit=16.6250 (prob=0.513475), semicolon_logit=12.1875 (prob=0.006072)
2026-03-09 11:28:51 - INFO - Prompt 43 generated token: ','
[icl_eval|INFO]Prompt 43 generated token: ','
2026-03-09 11:28:51 - INFO - Prompt 43: comma_logit=15.9375 (prob=0.368687), semicolon_logit=10.6250 (prob=0.001817)
[icl_eval|INFO]Prompt 43: comma_logit=15.9375 (prob=0.368687), semicolon_logit=10.6250 (prob=0.001817)
2026-03-09 11:28:51 - INFO - Prompt 44 generated token: ','
[icl_eval|INFO]Prompt 44 generated token: ','
2026-03-09 11:28:51 - INFO - Prompt 44: comma_logit=16.7500 (prob=0.564834), semicolon_logit=12.1250 (prob=0.005537)
[icl_eval|INFO]Prompt 44: comma_logit=16.7500 (prob=0.564834), semicolon_logit=12.1250 (prob=0.005537)
2026-03-09 11:28:51 - INFO - Prompt 45 generated token: ','
[icl_eval|INFO]Prompt 45 generated token: ','
2026-03-09 11:28:51 - INFO - Prompt 45: comma_logit=17.1250 (prob=0.662390), semicolon_logit=11.1875 (prob=0.001748)
[icl_eval|INFO]Prompt 45: comma_logit=17.1250 (prob=0.662390), semicolon_logit=11.1875 (prob=0.001748)
2026-03-09 11:28:51 - INFO - Prompt 46 generated token: ','
[icl_eval|INFO]Prompt 46 generated token: ','
2026-03-09 11:28:51 - INFO - Prompt 46: comma_logit=16.6250 (prob=0.476602), semicolon_logit=11.1250 (prob=0.001948)
[icl_eval|INFO]Prompt 46: comma_logit=16.6250 (prob=0.476602), semicolon_logit=11.1250 (prob=0.001948)
2026-03-09 11:28:51 - INFO - Prompt 47 generated token: ','
[icl_eval|INFO]Prompt 47 generated token: ','
2026-03-09 11:28:51 - INFO - Prompt 47: comma_logit=15.3125 (prob=0.274011), semicolon_logit=11.2500 (prob=0.004715)
[icl_eval|INFO]Prompt 47: comma_logit=15.3125 (prob=0.274011), semicolon_logit=11.2500 (prob=0.004715)
2026-03-09 11:28:51 - INFO - Prompt 48 generated token: ','
[icl_eval|INFO]Prompt 48 generated token: ','
2026-03-09 11:28:51 - INFO - Prompt 48: comma_logit=16.1250 (prob=0.423480), semicolon_logit=12.3125 (prob=0.009356)
[icl_eval|INFO]Prompt 48: comma_logit=16.1250 (prob=0.423480), semicolon_logit=12.3125 (prob=0.009356)
2026-03-09 11:28:51 - INFO - Prompt 49 generated token: ','
[icl_eval|INFO]Prompt 49 generated token: ','
2026-03-09 11:28:51 - INFO - Prompt 49: comma_logit=15.3750 (prob=0.274315), semicolon_logit=13.7500 (prob=0.054016)
[icl_eval|INFO]Prompt 49: comma_logit=15.3750 (prob=0.274315), semicolon_logit=13.7500 (prob=0.054016)
2026-03-09 11:28:51 - INFO - Prompt 50 generated token: ','
[icl_eval|INFO]Prompt 50 generated token: ','
2026-03-09 11:28:51 - INFO - Prompt 50: comma_logit=16.2500 (prob=0.412043), semicolon_logit=11.3125 (prob=0.002955)
[icl_eval|INFO]Prompt 50: comma_logit=16.2500 (prob=0.412043), semicolon_logit=11.3125 (prob=0.002955)
2026-03-09 11:28:52 - INFO - Prompt 51 generated token: ','
[icl_eval|INFO]Prompt 51 generated token: ','
2026-03-09 11:28:52 - INFO - Prompt 51: comma_logit=15.8125 (prob=0.318140), semicolon_logit=12.3750 (prob=0.010227)
[icl_eval|INFO]Prompt 51: comma_logit=15.8125 (prob=0.318140), semicolon_logit=12.3750 (prob=0.010227)
2026-03-09 11:28:52 - INFO - Prompt 52 generated token: ','
[icl_eval|INFO]Prompt 52 generated token: ','
2026-03-09 11:28:52 - INFO - Prompt 52: comma_logit=16.0000 (prob=0.397484), semicolon_logit=11.2500 (prob=0.003439)
[icl_eval|INFO]Prompt 52: comma_logit=16.0000 (prob=0.397484), semicolon_logit=11.2500 (prob=0.003439)
2026-03-09 11:28:52 - INFO - Prompt 53 generated token: ','
[icl_eval|INFO]Prompt 53 generated token: ','
2026-03-09 11:28:52 - INFO - Prompt 53: comma_logit=16.6250 (prob=0.542832), semicolon_logit=12.6250 (prob=0.009942)
[icl_eval|INFO]Prompt 53: comma_logit=16.6250 (prob=0.542832), semicolon_logit=12.6250 (prob=0.009942)
2026-03-09 11:28:52 - INFO - Prompt 54 generated token: ','
[icl_eval|INFO]Prompt 54 generated token: ','
2026-03-09 11:28:52 - INFO - Prompt 54: comma_logit=18.1250 (prob=0.738514), semicolon_logit=11.9375 (prob=0.001518)
[icl_eval|INFO]Prompt 54: comma_logit=18.1250 (prob=0.738514), semicolon_logit=11.9375 (prob=0.001518)
2026-03-09 11:28:52 - INFO - Prompt 55 generated token: ','
[icl_eval|INFO]Prompt 55 generated token: ','
2026-03-09 11:28:52 - INFO - Prompt 55: comma_logit=15.6875 (prob=0.373400), semicolon_logit=11.6875 (prob=0.006839)
[icl_eval|INFO]Prompt 55: comma_logit=15.6875 (prob=0.373400), semicolon_logit=11.6875 (prob=0.006839)
2026-03-09 11:28:52 - INFO - Prompt 56 generated token: ','
[icl_eval|INFO]Prompt 56 generated token: ','
2026-03-09 11:28:52 - INFO - Prompt 56: comma_logit=16.6250 (prob=0.537298), semicolon_logit=11.8750 (prob=0.004649)
[icl_eval|INFO]Prompt 56: comma_logit=16.6250 (prob=0.537298), semicolon_logit=11.8750 (prob=0.004649)
2026-03-09 11:28:52 - INFO - Prompt 57 generated token: ','
[icl_eval|INFO]Prompt 57 generated token: ','
2026-03-09 11:28:52 - INFO - Prompt 57: comma_logit=17.7500 (prob=0.680238), semicolon_logit=10.6875 (prob=0.000583)
[icl_eval|INFO]Prompt 57: comma_logit=17.7500 (prob=0.680238), semicolon_logit=10.6875 (prob=0.000583)
2026-03-09 11:28:52 - INFO - Prompt 58 generated token: ','
[icl_eval|INFO]Prompt 58 generated token: ','
2026-03-09 11:28:52 - INFO - Prompt 58: comma_logit=16.2500 (prob=0.554929), semicolon_logit=12.5625 (prob=0.013892)
[icl_eval|INFO]Prompt 58: comma_logit=16.2500 (prob=0.554929), semicolon_logit=12.5625 (prob=0.013892)
2026-03-09 11:28:52 - INFO - Prompt 59 generated token: ','
[icl_eval|INFO]Prompt 59 generated token: ','
2026-03-09 11:28:52 - INFO - Prompt 59: comma_logit=14.8125 (prob=0.210125), semicolon_logit=13.1250 (prob=0.038869)
[icl_eval|INFO]Prompt 59: comma_logit=14.8125 (prob=0.210125), semicolon_logit=13.1250 (prob=0.038869)
2026-03-09 11:28:52 - INFO - Prompt 60 generated token: ','
[icl_eval|INFO]Prompt 60 generated token: ','
2026-03-09 11:28:52 - INFO - Prompt 60: comma_logit=16.8750 (prob=0.595149), semicolon_logit=12.6250 (prob=0.008489)
[icl_eval|INFO]Prompt 60: comma_logit=16.8750 (prob=0.595149), semicolon_logit=12.6250 (prob=0.008489)
2026-03-09 11:28:52 - INFO - Prompt 61 generated token: ','
[icl_eval|INFO]Prompt 61 generated token: ','
2026-03-09 11:28:52 - INFO - Prompt 61: comma_logit=15.5625 (prob=0.367251), semicolon_logit=10.6875 (prob=0.002804)
[icl_eval|INFO]Prompt 61: comma_logit=15.5625 (prob=0.367251), semicolon_logit=10.6875 (prob=0.002804)
2026-03-09 11:28:53 - INFO - Prompt 62 generated token: ','
[icl_eval|INFO]Prompt 62 generated token: ','
2026-03-09 11:28:53 - INFO - Prompt 62: comma_logit=16.8750 (prob=0.537065), semicolon_logit=12.1250 (prob=0.004647)
[icl_eval|INFO]Prompt 62: comma_logit=16.8750 (prob=0.537065), semicolon_logit=12.1250 (prob=0.004647)
2026-03-09 11:28:53 - INFO - Prompt 63 generated token: ','
[icl_eval|INFO]Prompt 63 generated token: ','
2026-03-09 11:28:53 - INFO - Prompt 63: comma_logit=16.8750 (prob=0.623432), semicolon_logit=12.5625 (prob=0.008354)
[icl_eval|INFO]Prompt 63: comma_logit=16.8750 (prob=0.623432), semicolon_logit=12.5625 (prob=0.008354)
2026-03-09 11:28:53 - INFO - Prompt 64 generated token: ';

'
[icl_eval|INFO]Prompt 64 generated token: ';

'
2026-03-09 11:28:53 - INFO - Prompt 64: comma_logit=14.6250 (prob=0.123099), semicolon_logit=15.2500 (prob=0.229979)
[icl_eval|INFO]Prompt 64: comma_logit=14.6250 (prob=0.123099), semicolon_logit=15.2500 (prob=0.229979)
2026-03-09 11:28:53 - INFO - Prompt 65 generated token: ','
[icl_eval|INFO]Prompt 65 generated token: ','
2026-03-09 11:28:53 - INFO - Prompt 65: comma_logit=16.1250 (prob=0.399141), semicolon_logit=12.5000 (prob=0.010637)
[icl_eval|INFO]Prompt 65: comma_logit=16.1250 (prob=0.399141), semicolon_logit=12.5000 (prob=0.010637)
2026-03-09 11:28:53 - INFO - Prompt 66 generated token: ','
[icl_eval|INFO]Prompt 66 generated token: ','
2026-03-09 11:28:53 - INFO - Prompt 66: comma_logit=15.5625 (prob=0.291842), semicolon_logit=14.1250 (prob=0.069319)
[icl_eval|INFO]Prompt 66: comma_logit=15.5625 (prob=0.291842), semicolon_logit=14.1250 (prob=0.069319)
2026-03-09 11:28:53 - INFO - Prompt 67 generated token: ','
[icl_eval|INFO]Prompt 67 generated token: ','
2026-03-09 11:28:53 - INFO - Prompt 67: comma_logit=16.5000 (prob=0.518989), semicolon_logit=11.7500 (prob=0.004490)
[icl_eval|INFO]Prompt 67: comma_logit=16.5000 (prob=0.518989), semicolon_logit=11.7500 (prob=0.004490)
2026-03-09 11:28:53 - INFO - Prompt 68 generated token: ','
[icl_eval|INFO]Prompt 68 generated token: ','
2026-03-09 11:28:53 - INFO - Prompt 68: comma_logit=15.9375 (prob=0.421999), semicolon_logit=11.8125 (prob=0.006821)
[icl_eval|INFO]Prompt 68: comma_logit=15.9375 (prob=0.421999), semicolon_logit=11.8125 (prob=0.006821)
2026-03-09 11:28:53 - INFO - Prompt 69 generated token: ','
[icl_eval|INFO]Prompt 69 generated token: ','
2026-03-09 11:28:53 - INFO - Prompt 69: comma_logit=16.1250 (prob=0.412602), semicolon_logit=11.7500 (prob=0.005194)
[icl_eval|INFO]Prompt 69: comma_logit=16.1250 (prob=0.412602), semicolon_logit=11.7500 (prob=0.005194)
2026-03-09 11:28:53 - INFO - Prompt 70 generated token: ','
[icl_eval|INFO]Prompt 70 generated token: ','
2026-03-09 11:28:53 - INFO - Prompt 70: comma_logit=15.4375 (prob=0.333531), semicolon_logit=12.2500 (prob=0.013766)
[icl_eval|INFO]Prompt 70: comma_logit=15.4375 (prob=0.333531), semicolon_logit=12.2500 (prob=0.013766)
2026-03-09 11:28:53 - INFO - Prompt 71 generated token: ','
[icl_eval|INFO]Prompt 71 generated token: ','
2026-03-09 11:28:53 - INFO - Prompt 71: comma_logit=16.1250 (prob=0.489170), semicolon_logit=11.5000 (prob=0.004796)
[icl_eval|INFO]Prompt 71: comma_logit=16.1250 (prob=0.489170), semicolon_logit=11.5000 (prob=0.004796)
2026-03-09 11:28:53 - INFO - Prompt 72 generated token: ','
[icl_eval|INFO]Prompt 72 generated token: ','
2026-03-09 11:28:53 - INFO - Prompt 72: comma_logit=17.1250 (prob=0.626146), semicolon_logit=11.2500 (prob=0.001759)
[icl_eval|INFO]Prompt 72: comma_logit=17.1250 (prob=0.626146), semicolon_logit=11.2500 (prob=0.001759)
2026-03-09 11:28:54 - INFO - Prompt 73 generated token: ','
[icl_eval|INFO]Prompt 73 generated token: ','
2026-03-09 11:28:54 - INFO - Prompt 73: comma_logit=17.3750 (prob=0.592939), semicolon_logit=11.1250 (prob=0.001145)
[icl_eval|INFO]Prompt 73: comma_logit=17.3750 (prob=0.592939), semicolon_logit=11.1250 (prob=0.001145)
2026-03-09 11:28:54 - INFO - Prompt 74 generated token: ','
[icl_eval|INFO]Prompt 74 generated token: ','
2026-03-09 11:28:54 - INFO - Prompt 74: comma_logit=16.3750 (prob=0.426729), semicolon_logit=12.0000 (prob=0.005372)
[icl_eval|INFO]Prompt 74: comma_logit=16.3750 (prob=0.426729), semicolon_logit=12.0000 (prob=0.005372)
2026-03-09 11:28:54 - INFO - Prompt 75 generated token: ','
[icl_eval|INFO]Prompt 75 generated token: ','
2026-03-09 11:28:54 - INFO - Prompt 75: comma_logit=16.1250 (prob=0.419720), semicolon_logit=11.9375 (prob=0.006373)
[icl_eval|INFO]Prompt 75: comma_logit=16.1250 (prob=0.419720), semicolon_logit=11.9375 (prob=0.006373)
2026-03-09 11:28:54 - INFO - Prompt 76 generated token: ','
[icl_eval|INFO]Prompt 76 generated token: ','
2026-03-09 11:28:54 - INFO - Prompt 76: comma_logit=16.2500 (prob=0.416706), semicolon_logit=11.0625 (prob=0.002328)
[icl_eval|INFO]Prompt 76: comma_logit=16.2500 (prob=0.416706), semicolon_logit=11.0625 (prob=0.002328)
2026-03-09 11:28:54 - INFO - Prompt 77 generated token: ','
[icl_eval|INFO]Prompt 77 generated token: ','
2026-03-09 11:28:54 - INFO - Prompt 77: comma_logit=16.3750 (prob=0.474168), semicolon_logit=11.5000 (prob=0.003620)
[icl_eval|INFO]Prompt 77: comma_logit=16.3750 (prob=0.474168), semicolon_logit=11.5000 (prob=0.003620)
2026-03-09 11:28:54 - INFO - Prompt 78 generated token: ','
[icl_eval|INFO]Prompt 78 generated token: ','
2026-03-09 11:28:54 - INFO - Prompt 78: comma_logit=16.3750 (prob=0.485470), semicolon_logit=12.0000 (prob=0.006111)
[icl_eval|INFO]Prompt 78: comma_logit=16.3750 (prob=0.485470), semicolon_logit=12.0000 (prob=0.006111)
2026-03-09 11:28:54 - INFO - Prompt 79 generated token: ','
[icl_eval|INFO]Prompt 79 generated token: ','
2026-03-09 11:28:54 - INFO - Prompt 79: comma_logit=15.9375 (prob=0.278043), semicolon_logit=15.3750 (prob=0.158424)
[icl_eval|INFO]Prompt 79: comma_logit=15.9375 (prob=0.278043), semicolon_logit=15.3750 (prob=0.158424)
2026-03-09 11:28:54 - INFO - Prompt 80 generated token: ','
[icl_eval|INFO]Prompt 80 generated token: ','
2026-03-09 11:28:54 - INFO - Prompt 80: comma_logit=17.0000 (prob=0.555265), semicolon_logit=11.4375 (prob=0.002132)
[icl_eval|INFO]Prompt 80: comma_logit=17.0000 (prob=0.555265), semicolon_logit=11.4375 (prob=0.002132)
2026-03-09 11:28:54 - INFO - Prompt 81 generated token: ','
[icl_eval|INFO]Prompt 81 generated token: ','
2026-03-09 11:28:54 - INFO - Prompt 81: comma_logit=17.3750 (prob=0.617029), semicolon_logit=11.3750 (prob=0.001529)
[icl_eval|INFO]Prompt 81: comma_logit=17.3750 (prob=0.617029), semicolon_logit=11.3750 (prob=0.001529)
2026-03-09 11:28:54 - INFO - Prompt 82 generated token: ','
[icl_eval|INFO]Prompt 82 generated token: ','
2026-03-09 11:28:54 - INFO - Prompt 82: comma_logit=15.3125 (prob=0.314989), semicolon_logit=12.0000 (prob=0.011473)
[icl_eval|INFO]Prompt 82: comma_logit=15.3125 (prob=0.314989), semicolon_logit=12.0000 (prob=0.011473)
2026-03-09 11:28:54 - INFO - Prompt 83 generated token: ','
[icl_eval|INFO]Prompt 83 generated token: ','
2026-03-09 11:28:54 - INFO - Prompt 83: comma_logit=18.0000 (prob=0.746283), semicolon_logit=12.1250 (prob=0.002096)
[icl_eval|INFO]Prompt 83: comma_logit=18.0000 (prob=0.746283), semicolon_logit=12.1250 (prob=0.002096)
2026-03-09 11:28:54 - INFO - Prompt 84 generated token: ','
[icl_eval|INFO]Prompt 84 generated token: ','
2026-03-09 11:28:54 - INFO - Prompt 84: comma_logit=15.6250 (prob=0.331485), semicolon_logit=11.6250 (prob=0.006071)
[icl_eval|INFO]Prompt 84: comma_logit=15.6250 (prob=0.331485), semicolon_logit=11.6250 (prob=0.006071)
2026-03-09 11:28:55 - INFO - Prompt 85 generated token: ','
[icl_eval|INFO]Prompt 85 generated token: ','
2026-03-09 11:28:55 - INFO - Prompt 85: comma_logit=16.1250 (prob=0.361526), semicolon_logit=12.1875 (prob=0.007049)
[icl_eval|INFO]Prompt 85: comma_logit=16.1250 (prob=0.361526), semicolon_logit=12.1875 (prob=0.007049)
2026-03-09 11:28:55 - INFO - Prompt 86 generated token: ','
[icl_eval|INFO]Prompt 86 generated token: ','
2026-03-09 11:28:55 - INFO - Prompt 86: comma_logit=17.2500 (prob=0.617039), semicolon_logit=11.1250 (prob=0.001350)
[icl_eval|INFO]Prompt 86: comma_logit=17.2500 (prob=0.617039), semicolon_logit=11.1250 (prob=0.001350)
2026-03-09 11:28:55 - INFO - Prompt 87 generated token: ','
[icl_eval|INFO]Prompt 87 generated token: ','
2026-03-09 11:28:55 - INFO - Prompt 87: comma_logit=15.8750 (prob=0.327585), semicolon_logit=11.9375 (prob=0.006387)
[icl_eval|INFO]Prompt 87: comma_logit=15.8750 (prob=0.327585), semicolon_logit=11.9375 (prob=0.006387)
2026-03-09 11:28:55 - INFO - Prompt 88 generated token: ','
[icl_eval|INFO]Prompt 88 generated token: ','
2026-03-09 11:28:55 - INFO - Prompt 88: comma_logit=16.6250 (prob=0.541415), semicolon_logit=11.5625 (prob=0.003427)
[icl_eval|INFO]Prompt 88: comma_logit=16.6250 (prob=0.541415), semicolon_logit=11.5625 (prob=0.003427)
2026-03-09 11:28:55 - INFO - Prompt 89 generated token: ','
[icl_eval|INFO]Prompt 89 generated token: ','
2026-03-09 11:28:55 - INFO - Prompt 89: comma_logit=15.3750 (prob=0.290110), semicolon_logit=11.7500 (prob=0.007731)
[icl_eval|INFO]Prompt 89: comma_logit=15.3750 (prob=0.290110), semicolon_logit=11.7500 (prob=0.007731)
2026-03-09 11:28:55 - INFO - Prompt 90 generated token: ','
[icl_eval|INFO]Prompt 90 generated token: ','
2026-03-09 11:28:55 - INFO - Prompt 90: comma_logit=15.6875 (prob=0.290718), semicolon_logit=12.0000 (prob=0.007278)
[icl_eval|INFO]Prompt 90: comma_logit=15.6875 (prob=0.290718), semicolon_logit=12.0000 (prob=0.007278)
2026-03-09 11:28:55 - INFO - Prompt 91 generated token: ','
[icl_eval|INFO]Prompt 91 generated token: ','
2026-03-09 11:28:55 - INFO - Prompt 91: comma_logit=15.7500 (prob=0.328317), semicolon_logit=13.0000 (prob=0.020989)
[icl_eval|INFO]Prompt 91: comma_logit=15.7500 (prob=0.328317), semicolon_logit=13.0000 (prob=0.020989)
2026-03-09 11:28:55 - INFO - Prompt 92 generated token: ','
[icl_eval|INFO]Prompt 92 generated token: ','
2026-03-09 11:28:55 - INFO - Prompt 92: comma_logit=16.1250 (prob=0.440399), semicolon_logit=12.3125 (prob=0.009730)
[icl_eval|INFO]Prompt 92: comma_logit=16.1250 (prob=0.440399), semicolon_logit=12.3125 (prob=0.009730)
2026-03-09 11:28:55 - INFO - Prompt 93 generated token: ','
[icl_eval|INFO]Prompt 93 generated token: ','
2026-03-09 11:28:55 - INFO - Prompt 93: comma_logit=16.5000 (prob=0.401998), semicolon_logit=11.6875 (prob=0.003267)
[icl_eval|INFO]Prompt 93: comma_logit=16.5000 (prob=0.401998), semicolon_logit=11.6875 (prob=0.003267)
2026-03-09 11:28:55 - INFO - Prompt 94 generated token: ','
[icl_eval|INFO]Prompt 94 generated token: ','
2026-03-09 11:28:55 - INFO - Prompt 94: comma_logit=15.3125 (prob=0.304619), semicolon_logit=12.5625 (prob=0.019474)
[icl_eval|INFO]Prompt 94: comma_logit=15.3125 (prob=0.304619), semicolon_logit=12.5625 (prob=0.019474)
2026-03-09 11:28:55 - INFO - Prompt 95 generated token: ','
[icl_eval|INFO]Prompt 95 generated token: ','
2026-03-09 11:28:55 - INFO - Prompt 95: comma_logit=16.0000 (prob=0.396408), semicolon_logit=12.7500 (prob=0.015370)
[icl_eval|INFO]Prompt 95: comma_logit=16.0000 (prob=0.396408), semicolon_logit=12.7500 (prob=0.015370)
2026-03-09 11:28:56 - INFO - Prompt 96 generated token: ','
[icl_eval|INFO]Prompt 96 generated token: ','
2026-03-09 11:28:56 - INFO - Prompt 96: comma_logit=16.7500 (prob=0.547321), semicolon_logit=11.5000 (prob=0.002872)
[icl_eval|INFO]Prompt 96: comma_logit=16.7500 (prob=0.547321), semicolon_logit=11.5000 (prob=0.002872)
2026-03-09 11:28:56 - INFO - Prompt 97 generated token: ','
[icl_eval|INFO]Prompt 97 generated token: ','
2026-03-09 11:28:56 - INFO - Prompt 97: comma_logit=16.5000 (prob=0.468844), semicolon_logit=11.3750 (prob=0.002788)
[icl_eval|INFO]Prompt 97: comma_logit=16.5000 (prob=0.468844), semicolon_logit=11.3750 (prob=0.002788)
2026-03-09 11:28:56 - INFO - Prompt 98 generated token: ','
[icl_eval|INFO]Prompt 98 generated token: ','
2026-03-09 11:28:56 - INFO - Prompt 98: comma_logit=16.0000 (prob=0.368987), semicolon_logit=12.5625 (prob=0.011861)
[icl_eval|INFO]Prompt 98: comma_logit=16.0000 (prob=0.368987), semicolon_logit=12.5625 (prob=0.011861)
2026-03-09 11:28:56 - INFO - Prompt 99 generated token: ','
[icl_eval|INFO]Prompt 99 generated token: ','
2026-03-09 11:28:56 - INFO - Prompt 99: comma_logit=16.5000 (prob=0.507079), semicolon_logit=11.3125 (prob=0.002833)
[icl_eval|INFO]Prompt 99: comma_logit=16.5000 (prob=0.507079), semicolon_logit=11.3125 (prob=0.002833)
2026-03-09 11:28:56 - INFO - Overall: mean_comma_logit=16.2819 (prob=0.443060), mean_semicolon_logit=12.1044 (prob=0.014707), comma_preferred=99/100, semicolon_preferred=1/100
[icl_eval|INFO]Overall: mean_comma_logit=16.2819 (prob=0.443060), mean_semicolon_logit=12.1044 (prob=0.014707), comma_preferred=99/100, semicolon_preferred=1/100
2026-03-09 11:28:56 - INFO - Results saved to: /workspace/spar-team-recon/projects/ip/results/exp_5/arm_5/icl=2/judgements/comma_vs_semicolon_toy.jsonl
[icl_eval|INFO]Results saved to: /workspace/spar-team-recon/projects/ip/results/exp_5/arm_5/icl=2/judgements/comma_vs_semicolon_toy.jsonl
2026-03-09 11:28:56 - INFO - Results saved to /workspace/spar-team-recon/projects/ip/results/exp_5/arm_5/icl=2/judgements/comma_vs_semicolon_toy.jsonl
[icl_eval|INFO]Results saved to /workspace/spar-team-recon/projects/ip/results/exp_5/arm_5/icl=2/judgements/comma_vs_semicolon_toy.jsonl
2026-03-09 11:28:56 - INFO - ============================================================
[icl_eval|INFO]============================================================
2026-03-09 11:28:56 - INFO - Processing prompts_icl=4.jsonl (icl=4)
[icl_eval|INFO]Processing prompts_icl=4.jsonl (icl=4)
2026-03-09 11:28:56 - INFO - ============================================================
[icl_eval|INFO]============================================================
2026-03-09 11:28:56 - INFO - Loading test data from: /workspace/spar-team-recon/projects/ip/data/evals/comma_vs_semicolon_toy/icl_ip/exp_5_arm_5_ICL_IP_comma/prompts_icl=4.jsonl
[icl_eval|INFO]Loading test data from: /workspace/spar-team-recon/projects/ip/data/evals/comma_vs_semicolon_toy/icl_ip/exp_5_arm_5_ICL_IP_comma/prompts_icl=4.jsonl
2026-03-09 11:28:56 - INFO - Loaded 100 test prompts
[icl_eval|INFO]Loaded 100 test prompts
2026-03-09 11:28:56 - INFO - 100 prompts loaded
[icl_eval|INFO]100 prompts loaded
2026-03-09 11:29:09 - INFO - Rollouts done in 12.7s
[icl_eval|INFO]Rollouts done in 12.7s
2026-03-09 11:29:09 - INFO - Comma ',' tokenizes to IDs: [1044]
[icl_eval|INFO]Comma ',' tokenizes to IDs: [1044]
2026-03-09 11:29:09 - INFO - Semicolon ';' tokenizes to IDs: [1059]
[icl_eval|INFO]Semicolon ';' tokenizes to IDs: [1059]
2026-03-09 11:29:09 - INFO - Using comma_id=1044 (','), semicolon_id=1059 (';')
[icl_eval|INFO]Using comma_id=1044 (','), semicolon_id=1059 (';')
2026-03-09 11:29:09 - INFO - Processing 100 prompts
[icl_eval|INFO]Processing 100 prompts
2026-03-09 11:29:09 - INFO - Prompt 0 generated token: ','
[icl_eval|INFO]Prompt 0 generated token: ','
2026-03-09 11:29:09 - INFO - Prompt 0: comma_logit=16.7500 (prob=0.477104), semicolon_logit=10.7500 (prob=0.001183)
[icl_eval|INFO]Prompt 0: comma_logit=16.7500 (prob=0.477104), semicolon_logit=10.7500 (prob=0.001183)
2026-03-09 11:29:09 - INFO - Prompt 1 generated token: ','
[icl_eval|INFO]Prompt 1 generated token: ','
2026-03-09 11:29:09 - INFO - Prompt 1: comma_logit=14.6250 (prob=0.149265), semicolon_logit=14.3125 (prob=0.109204)
[icl_eval|INFO]Prompt 1: comma_logit=14.6250 (prob=0.149265), semicolon_logit=14.3125 (prob=0.109204)
2026-03-09 11:29:09 - INFO - Prompt 2 generated token: '.

'
[icl_eval|INFO]Prompt 2 generated token: '.

'
2026-03-09 11:29:09 - INFO - Prompt 2: comma_logit=14.6250 (prob=0.159923), semicolon_logit=11.8750 (prob=0.010224)
[icl_eval|INFO]Prompt 2: comma_logit=14.6250 (prob=0.159923), semicolon_logit=11.8750 (prob=0.010224)
2026-03-09 11:29:09 - INFO - Prompt 3 generated token: '.

'
[icl_eval|INFO]Prompt 3 generated token: '.

'
2026-03-09 11:29:09 - INFO - Prompt 3: comma_logit=13.9375 (prob=0.120671), semicolon_logit=12.3125 (prob=0.023762)
[icl_eval|INFO]Prompt 3: comma_logit=13.9375 (prob=0.120671), semicolon_logit=12.3125 (prob=0.023762)
2026-03-09 11:29:09 - INFO - Prompt 4 generated token: ','
[icl_eval|INFO]Prompt 4 generated token: ','
2026-03-09 11:29:09 - INFO - Prompt 4: comma_logit=16.3750 (prob=0.391314), semicolon_logit=11.8125 (prob=0.004084)
[icl_eval|INFO]Prompt 4: comma_logit=16.3750 (prob=0.391314), semicolon_logit=11.8125 (prob=0.004084)
2026-03-09 11:29:09 - INFO - Prompt 5 generated token: ','
[icl_eval|INFO]Prompt 5 generated token: ','
2026-03-09 11:29:09 - INFO - Prompt 5: comma_logit=16.6250 (prob=0.437981), semicolon_logit=12.1250 (prob=0.004866)
[icl_eval|INFO]Prompt 5: comma_logit=16.6250 (prob=0.437981), semicolon_logit=12.1250 (prob=0.004866)
2026-03-09 11:29:09 - INFO - Prompt 6 generated token: ','
[icl_eval|INFO]Prompt 6 generated token: ','
2026-03-09 11:29:09 - INFO - Prompt 6: comma_logit=15.5625 (prob=0.276768), semicolon_logit=10.7500 (prob=0.002249)
[icl_eval|INFO]Prompt 6: comma_logit=15.5625 (prob=0.276768), semicolon_logit=10.7500 (prob=0.002249)
2026-03-09 11:29:10 - INFO - Prompt 7 generated token: ','
[icl_eval|INFO]Prompt 7 generated token: ','
2026-03-09 11:29:10 - INFO - Prompt 7: comma_logit=15.7500 (prob=0.283113), semicolon_logit=11.2500 (prob=0.003145)
[icl_eval|INFO]Prompt 7: comma_logit=15.7500 (prob=0.283113), semicolon_logit=11.2500 (prob=0.003145)
2026-03-09 11:29:10 - INFO - Prompt 8 generated token: ','
[icl_eval|INFO]Prompt 8 generated token: ','
2026-03-09 11:29:10 - INFO - Prompt 8: comma_logit=16.2500 (prob=0.460723), semicolon_logit=11.3125 (prob=0.003305)
[icl_eval|INFO]Prompt 8: comma_logit=16.2500 (prob=0.460723), semicolon_logit=11.3125 (prob=0.003305)
2026-03-09 11:29:10 - INFO - Prompt 9 generated token: ','
[icl_eval|INFO]Prompt 9 generated token: ','
2026-03-09 11:29:10 - INFO - Prompt 9: comma_logit=15.6250 (prob=0.275181), semicolon_logit=11.9375 (prob=0.006889)
[icl_eval|INFO]Prompt 9: comma_logit=15.6250 (prob=0.275181), semicolon_logit=11.9375 (prob=0.006889)
2026-03-09 11:29:10 - INFO - Prompt 10 generated token: ','
[icl_eval|INFO]Prompt 10 generated token: ','
2026-03-09 11:29:10 - INFO - Prompt 10: comma_logit=16.3750 (prob=0.391604), semicolon_logit=13.5000 (prob=0.022093)
[icl_eval|INFO]Prompt 10: comma_logit=16.3750 (prob=0.391604), semicolon_logit=13.5000 (prob=0.022093)
2026-03-09 11:29:10 - INFO - Prompt 11 generated token: ','
[icl_eval|INFO]Prompt 11 generated token: ','
2026-03-09 11:29:10 - INFO - Prompt 11: comma_logit=15.5000 (prob=0.297641), semicolon_logit=11.0000 (prob=0.003306)
[icl_eval|INFO]Prompt 11: comma_logit=15.5000 (prob=0.297641), semicolon_logit=11.0000 (prob=0.003306)
2026-03-09 11:29:10 - INFO - Prompt 12 generated token: '.

'
[icl_eval|INFO]Prompt 12 generated token: '.

'
2026-03-09 11:29:10 - INFO - Prompt 12: comma_logit=14.7500 (prob=0.160653), semicolon_logit=12.8125 (prob=0.023144)
[icl_eval|INFO]Prompt 12: comma_logit=14.7500 (prob=0.160653), semicolon_logit=12.8125 (prob=0.023144)
2026-03-09 11:29:10 - INFO - Prompt 13 generated token: ','
[icl_eval|INFO]Prompt 13 generated token: ','
2026-03-09 11:29:10 - INFO - Prompt 13: comma_logit=15.2500 (prob=0.213313), semicolon_logit=10.6250 (prob=0.002091)
[icl_eval|INFO]Prompt 13: comma_logit=15.2500 (prob=0.213313), semicolon_logit=10.6250 (prob=0.002091)
2026-03-09 11:29:10 - INFO - Prompt 14 generated token: ','
[icl_eval|INFO]Prompt 14 generated token: ','
2026-03-09 11:29:10 - INFO - Prompt 14: comma_logit=15.1250 (prob=0.230485), semicolon_logit=13.0625 (prob=0.029303)
[icl_eval|INFO]Prompt 14: comma_logit=15.1250 (prob=0.230485), semicolon_logit=13.0625 (prob=0.029303)
2026-03-09 11:29:11 - INFO - Prompt 15 generated token: '.

'
[icl_eval|INFO]Prompt 15 generated token: '.

'
2026-03-09 11:29:11 - INFO - Prompt 15: comma_logit=15.1875 (prob=0.212675), semicolon_logit=11.5000 (prob=0.005324)
[icl_eval|INFO]Prompt 15: comma_logit=15.1875 (prob=0.212675), semicolon_logit=11.5000 (prob=0.005324)
2026-03-09 11:29:11 - INFO - Prompt 16 generated token: '.

'
[icl_eval|INFO]Prompt 16 generated token: '.

'
2026-03-09 11:29:11 - INFO - Prompt 16: comma_logit=14.5000 (prob=0.157349), semicolon_logit=12.0625 (prob=0.013749)
[icl_eval|INFO]Prompt 16: comma_logit=14.5000 (prob=0.157349), semicolon_logit=12.0625 (prob=0.013749)
2026-03-09 11:29:11 - INFO - Prompt 17 generated token: ','
[icl_eval|INFO]Prompt 17 generated token: ','
2026-03-09 11:29:11 - INFO - Prompt 17: comma_logit=16.3750 (prob=0.435660), semicolon_logit=12.3125 (prob=0.007496)
[icl_eval|INFO]Prompt 17: comma_logit=16.3750 (prob=0.435660), semicolon_logit=12.3125 (prob=0.007496)
2026-03-09 11:29:11 - INFO - Prompt 18 generated token: ','
[icl_eval|INFO]Prompt 18 generated token: ','
2026-03-09 11:29:11 - INFO - Prompt 18: comma_logit=17.0000 (prob=0.472303), semicolon_logit=11.8125 (prob=0.002638)
[icl_eval|INFO]Prompt 18: comma_logit=17.0000 (prob=0.472303), semicolon_logit=11.8125 (prob=0.002638)
2026-03-09 11:29:11 - INFO - Prompt 19 generated token: ','
[icl_eval|INFO]Prompt 19 generated token: ','
2026-03-09 11:29:11 - INFO - Prompt 19: comma_logit=17.0000 (prob=0.544934), semicolon_logit=10.5000 (prob=0.000819)
[icl_eval|INFO]Prompt 19: comma_logit=17.0000 (prob=0.544934), semicolon_logit=10.5000 (prob=0.000819)
2026-03-09 11:29:11 - INFO - Prompt 20 generated token: '.

'
[icl_eval|INFO]Prompt 20 generated token: '.

'
2026-03-09 11:29:11 - INFO - Prompt 20: comma_logit=14.6875 (prob=0.147444), semicolon_logit=14.1875 (prob=0.089430)
[icl_eval|INFO]Prompt 20: comma_logit=14.6875 (prob=0.147444), semicolon_logit=14.1875 (prob=0.089430)
2026-03-09 11:29:11 - INFO - Prompt 21 generated token: ','
[icl_eval|INFO]Prompt 21 generated token: ','
2026-03-09 11:29:11 - INFO - Prompt 21: comma_logit=15.6250 (prob=0.317970), semicolon_logit=11.4375 (prob=0.004828)
[icl_eval|INFO]Prompt 21: comma_logit=15.6250 (prob=0.317970), semicolon_logit=11.4375 (prob=0.004828)
2026-03-09 11:29:11 - INFO - Prompt 22 generated token: ','
[icl_eval|INFO]Prompt 22 generated token: ','
2026-03-09 11:29:11 - INFO - Prompt 22: comma_logit=15.9375 (prob=0.349368), semicolon_logit=11.8750 (prob=0.006011)
[icl_eval|INFO]Prompt 22: comma_logit=15.9375 (prob=0.349368), semicolon_logit=11.8750 (prob=0.006011)
2026-03-09 11:29:12 - INFO - Prompt 23 generated token: ','
[icl_eval|INFO]Prompt 23 generated token: ','
2026-03-09 11:29:12 - INFO - Prompt 23: comma_logit=15.0625 (prob=0.223392), semicolon_logit=13.6250 (prob=0.053060)
[icl_eval|INFO]Prompt 23: comma_logit=15.0625 (prob=0.223392), semicolon_logit=13.6250 (prob=0.053060)
2026-03-09 11:29:12 - INFO - Prompt 24 generated token: ','
[icl_eval|INFO]Prompt 24 generated token: ','
2026-03-09 11:29:12 - INFO - Prompt 24: comma_logit=15.3125 (prob=0.215034), semicolon_logit=14.8125 (prob=0.130424)
[icl_eval|INFO]Prompt 24: comma_logit=15.3125 (prob=0.215034), semicolon_logit=14.8125 (prob=0.130424)
2026-03-09 11:29:12 - INFO - Prompt 25 generated token: ','
[icl_eval|INFO]Prompt 25 generated token: ','
2026-03-09 11:29:12 - INFO - Prompt 25: comma_logit=16.2500 (prob=0.427280), semicolon_logit=11.5000 (prob=0.003697)
[icl_eval|INFO]Prompt 25: comma_logit=16.2500 (prob=0.427280), semicolon_logit=11.5000 (prob=0.003697)
2026-03-09 11:29:12 - INFO - Prompt 26 generated token: ','
[icl_eval|INFO]Prompt 26 generated token: ','
2026-03-09 11:29:12 - INFO - Prompt 26: comma_logit=15.8750 (prob=0.406334), semicolon_logit=11.6250 (prob=0.005796)
[icl_eval|INFO]Prompt 26: comma_logit=15.8750 (prob=0.406334), semicolon_logit=11.6250 (prob=0.005796)
2026-03-09 11:29:12 - INFO - Prompt 27 generated token: ','
[icl_eval|INFO]Prompt 27 generated token: ','
2026-03-09 11:29:12 - INFO - Prompt 27: comma_logit=15.1875 (prob=0.244816), semicolon_logit=9.1250 (prob=0.000570)
[icl_eval|INFO]Prompt 27: comma_logit=15.1875 (prob=0.244816), semicolon_logit=9.1250 (prob=0.000570)
2026-03-09 11:29:12 - INFO - Prompt 28 generated token: ','
[icl_eval|INFO]Prompt 28 generated token: ','
2026-03-09 11:29:12 - INFO - Prompt 28: comma_logit=16.7500 (prob=0.489925), semicolon_logit=11.7500 (prob=0.003301)
[icl_eval|INFO]Prompt 28: comma_logit=16.7500 (prob=0.489925), semicolon_logit=11.7500 (prob=0.003301)
2026-03-09 11:29:12 - INFO - Prompt 29 generated token: ','
[icl_eval|INFO]Prompt 29 generated token: ','
2026-03-09 11:29:12 - INFO - Prompt 29: comma_logit=16.6250 (prob=0.473049), semicolon_logit=11.8750 (prob=0.004093)
[icl_eval|INFO]Prompt 29: comma_logit=16.6250 (prob=0.473049), semicolon_logit=11.8750 (prob=0.004093)
2026-03-09 11:29:12 - INFO - Prompt 30 generated token: ','
[icl_eval|INFO]Prompt 30 generated token: ','
2026-03-09 11:29:12 - INFO - Prompt 30: comma_logit=16.1250 (prob=0.341659), semicolon_logit=13.1875 (prob=0.018107)
[icl_eval|INFO]Prompt 30: comma_logit=16.1250 (prob=0.341659), semicolon_logit=13.1875 (prob=0.018107)
2026-03-09 11:29:13 - INFO - Prompt 31 generated token: ','
[icl_eval|INFO]Prompt 31 generated token: ','
2026-03-09 11:29:13 - INFO - Prompt 31: comma_logit=15.1250 (prob=0.184568), semicolon_logit=11.6875 (prob=0.005933)
[icl_eval|INFO]Prompt 31: comma_logit=15.1250 (prob=0.184568), semicolon_logit=11.6875 (prob=0.005933)
2026-03-09 11:29:13 - INFO - Prompt 32 generated token: ','
[icl_eval|INFO]Prompt 32 generated token: ','
2026-03-09 11:29:13 - INFO - Prompt 32: comma_logit=16.7500 (prob=0.417053), semicolon_logit=12.4375 (prob=0.005589)
[icl_eval|INFO]Prompt 32: comma_logit=16.7500 (prob=0.417053), semicolon_logit=12.4375 (prob=0.005589)
2026-03-09 11:29:13 - INFO - Prompt 33 generated token: ','
[icl_eval|INFO]Prompt 33 generated token: ','
2026-03-09 11:29:13 - INFO - Prompt 33: comma_logit=16.2500 (prob=0.430632), semicolon_logit=12.8125 (prob=0.013843)
[icl_eval|INFO]Prompt 33: comma_logit=16.2500 (prob=0.430632), semicolon_logit=12.8125 (prob=0.013843)
2026-03-09 11:29:13 - INFO - Prompt 34 generated token: ','
[icl_eval|INFO]Prompt 34 generated token: ','
2026-03-09 11:29:13 - INFO - Prompt 34: comma_logit=15.2500 (prob=0.268510), semicolon_logit=13.3750 (prob=0.041177)
[icl_eval|INFO]Prompt 34: comma_logit=15.2500 (prob=0.268510), semicolon_logit=13.3750 (prob=0.041177)
2026-03-09 11:29:13 - INFO - Prompt 35 generated token: ','
[icl_eval|INFO]Prompt 35 generated token: ','
2026-03-09 11:29:13 - INFO - Prompt 35: comma_logit=15.8750 (prob=0.300245), semicolon_logit=11.6875 (prob=0.004559)
[icl_eval|INFO]Prompt 35: comma_logit=15.8750 (prob=0.300245), semicolon_logit=11.6875 (prob=0.004559)
2026-03-09 11:29:13 - INFO - Prompt 36 generated token: ','
[icl_eval|INFO]Prompt 36 generated token: ','
2026-03-09 11:29:13 - INFO - Prompt 36: comma_logit=15.6875 (prob=0.324744), semicolon_logit=12.0625 (prob=0.008654)
[icl_eval|INFO]Prompt 36: comma_logit=15.6875 (prob=0.324744), semicolon_logit=12.0625 (prob=0.008654)
2026-03-09 11:29:13 - INFO - Prompt 37 generated token: ','
[icl_eval|INFO]Prompt 37 generated token: ','
2026-03-09 11:29:13 - INFO - Prompt 37: comma_logit=16.2500 (prob=0.363822), semicolon_logit=12.3125 (prob=0.007093)
[icl_eval|INFO]Prompt 37: comma_logit=16.2500 (prob=0.363822), semicolon_logit=12.3125 (prob=0.007093)
2026-03-09 11:29:13 - INFO - Prompt 38 generated token: ','
[icl_eval|INFO]Prompt 38 generated token: ','
2026-03-09 11:29:13 - INFO - Prompt 38: comma_logit=15.1875 (prob=0.212782), semicolon_logit=13.9375 (prob=0.060963)
[icl_eval|INFO]Prompt 38: comma_logit=15.1875 (prob=0.212782), semicolon_logit=13.9375 (prob=0.060963)
2026-03-09 11:29:14 - INFO - Prompt 39 generated token: ','
[icl_eval|INFO]Prompt 39 generated token: ','
2026-03-09 11:29:14 - INFO - Prompt 39: comma_logit=16.1250 (prob=0.372109), semicolon_logit=11.8750 (prob=0.005308)
[icl_eval|INFO]Prompt 39: comma_logit=16.1250 (prob=0.372109), semicolon_logit=11.8750 (prob=0.005308)
2026-03-09 11:29:14 - INFO - Prompt 40 generated token: ','
[icl_eval|INFO]Prompt 40 generated token: ','
2026-03-09 11:29:14 - INFO - Prompt 40: comma_logit=15.3125 (prob=0.277609), semicolon_logit=12.8750 (prob=0.024257)
[icl_eval|INFO]Prompt 40: comma_logit=15.3125 (prob=0.277609), semicolon_logit=12.8750 (prob=0.024257)
2026-03-09 11:29:14 - INFO - Prompt 41 generated token: ','
[icl_eval|INFO]Prompt 41 generated token: ','
2026-03-09 11:29:14 - INFO - Prompt 41: comma_logit=16.0000 (prob=0.325424), semicolon_logit=10.8750 (prob=0.001935)
[icl_eval|INFO]Prompt 41: comma_logit=16.0000 (prob=0.325424), semicolon_logit=10.8750 (prob=0.001935)
2026-03-09 11:29:14 - INFO - Prompt 42 generated token: ','
[icl_eval|INFO]Prompt 42 generated token: ','
2026-03-09 11:29:14 - INFO - Prompt 42: comma_logit=16.8750 (prob=0.512905), semicolon_logit=11.6875 (prob=0.002865)
[icl_eval|INFO]Prompt 42: comma_logit=16.8750 (prob=0.512905), semicolon_logit=11.6875 (prob=0.002865)
2026-03-09 11:29:14 - INFO - Prompt 43 generated token: ','
[icl_eval|INFO]Prompt 43 generated token: ','
2026-03-09 11:29:14 - INFO - Prompt 43: comma_logit=15.4375 (prob=0.249455), semicolon_logit=11.5000 (prob=0.004864)
[icl_eval|INFO]Prompt 43: comma_logit=15.4375 (prob=0.249455), semicolon_logit=11.5000 (prob=0.004864)
2026-03-09 11:29:14 - INFO - Prompt 44 generated token: ','
[icl_eval|INFO]Prompt 44 generated token: ','
2026-03-09 11:29:14 - INFO - Prompt 44: comma_logit=15.9375 (prob=0.414510), semicolon_logit=12.8125 (prob=0.018212)
[icl_eval|INFO]Prompt 44: comma_logit=15.9375 (prob=0.414510), semicolon_logit=12.8125 (prob=0.018212)
2026-03-09 11:29:14 - INFO - Prompt 45 generated token: ','
[icl_eval|INFO]Prompt 45 generated token: ','
2026-03-09 11:29:14 - INFO - Prompt 45: comma_logit=16.3750 (prob=0.551358), semicolon_logit=11.5000 (prob=0.004210)
[icl_eval|INFO]Prompt 45: comma_logit=16.3750 (prob=0.551358), semicolon_logit=11.5000 (prob=0.004210)
2026-03-09 11:29:15 - INFO - Prompt 46 generated token: ','
[icl_eval|INFO]Prompt 46 generated token: ','
2026-03-09 11:29:15 - INFO - Prompt 46: comma_logit=15.6875 (prob=0.311229), semicolon_logit=11.6250 (prob=0.005355)
[icl_eval|INFO]Prompt 46: comma_logit=15.6875 (prob=0.311229), semicolon_logit=11.6250 (prob=0.005355)
2026-03-09 11:29:15 - INFO - Prompt 47 generated token: ','
[icl_eval|INFO]Prompt 47 generated token: ','
2026-03-09 11:29:15 - INFO - Prompt 47: comma_logit=15.0000 (prob=0.297937), semicolon_logit=11.5625 (prob=0.009577)
[icl_eval|INFO]Prompt 47: comma_logit=15.0000 (prob=0.297937), semicolon_logit=11.5625 (prob=0.009577)
2026-03-09 11:29:15 - INFO - Prompt 48 generated token: ','
[icl_eval|INFO]Prompt 48 generated token: ','
2026-03-09 11:29:15 - INFO - Prompt 48: comma_logit=16.5000 (prob=0.383694), semicolon_logit=11.3750 (prob=0.002282)
[icl_eval|INFO]Prompt 48: comma_logit=16.5000 (prob=0.383694), semicolon_logit=11.3750 (prob=0.002282)
2026-03-09 11:29:15 - INFO - Prompt 49 generated token: ','
[icl_eval|INFO]Prompt 49 generated token: ','
2026-03-09 11:29:15 - INFO - Prompt 49: comma_logit=15.5625 (prob=0.253970), semicolon_logit=12.8750 (prob=0.017283)
[icl_eval|INFO]Prompt 49: comma_logit=15.5625 (prob=0.253970), semicolon_logit=12.8750 (prob=0.017283)
2026-03-09 11:29:15 - INFO - Prompt 50 generated token: ','
[icl_eval|INFO]Prompt 50 generated token: ','
2026-03-09 11:29:15 - INFO - Prompt 50: comma_logit=15.5000 (prob=0.281315), semicolon_logit=10.6250 (prob=0.002148)
[icl_eval|INFO]Prompt 50: comma_logit=15.5000 (prob=0.281315), semicolon_logit=10.6250 (prob=0.002148)
2026-03-09 11:29:15 - INFO - Prompt 51 generated token: ','
[icl_eval|INFO]Prompt 51 generated token: ','
2026-03-09 11:29:15 - INFO - Prompt 51: comma_logit=16.1250 (prob=0.313303), semicolon_logit=11.3750 (prob=0.002711)
[icl_eval|INFO]Prompt 51: comma_logit=16.1250 (prob=0.313303), semicolon_logit=11.3750 (prob=0.002711)
2026-03-09 11:29:15 - INFO - Prompt 52 generated token: ','
[icl_eval|INFO]Prompt 52 generated token: ','
2026-03-09 11:29:15 - INFO - Prompt 52: comma_logit=15.4375 (prob=0.304528), semicolon_logit=10.7500 (prob=0.002805)
[icl_eval|INFO]Prompt 52: comma_logit=15.4375 (prob=0.304528), semicolon_logit=10.7500 (prob=0.002805)
2026-03-09 11:29:15 - INFO - Prompt 53 generated token: ','
[icl_eval|INFO]Prompt 53 generated token: ','
2026-03-09 11:29:15 - INFO - Prompt 53: comma_logit=16.3750 (prob=0.458727), semicolon_logit=11.7500 (prob=0.004497)
[icl_eval|INFO]Prompt 53: comma_logit=16.3750 (prob=0.458727), semicolon_logit=11.7500 (prob=0.004497)
2026-03-09 11:29:16 - INFO - Prompt 54 generated token: ','
[icl_eval|INFO]Prompt 54 generated token: ','
2026-03-09 11:29:16 - INFO - Prompt 54: comma_logit=16.3750 (prob=0.448835), semicolon_logit=11.8125 (prob=0.004684)
[icl_eval|INFO]Prompt 54: comma_logit=16.3750 (prob=0.448835), semicolon_logit=11.8125 (prob=0.004684)
2026-03-09 11:29:16 - INFO - Prompt 55 generated token: ','
[icl_eval|INFO]Prompt 55 generated token: ','
2026-03-09 11:29:16 - INFO - Prompt 55: comma_logit=15.4375 (prob=0.273357), semicolon_logit=12.1250 (prob=0.009957)
[icl_eval|INFO]Prompt 55: comma_logit=15.4375 (prob=0.273357), semicolon_logit=12.1250 (prob=0.009957)
2026-03-09 11:29:16 - INFO - Prompt 56 generated token: ','
[icl_eval|INFO]Prompt 56 generated token: ','
2026-03-09 11:29:16 - INFO - Prompt 56: comma_logit=15.6875 (prob=0.321015), semicolon_logit=11.0625 (prob=0.003147)
[icl_eval|INFO]Prompt 56: comma_logit=15.6875 (prob=0.321015), semicolon_logit=11.0625 (prob=0.003147)
2026-03-09 11:29:16 - INFO - Prompt 57 generated token: ','
[icl_eval|INFO]Prompt 57 generated token: ','
2026-03-09 11:29:16 - INFO - Prompt 57: comma_logit=16.7500 (prob=0.522658), semicolon_logit=11.3125 (prob=0.002274)
[icl_eval|INFO]Prompt 57: comma_logit=16.7500 (prob=0.522658), semicolon_logit=11.3125 (prob=0.002274)
2026-03-09 11:29:16 - INFO - Prompt 58 generated token: ','
[icl_eval|INFO]Prompt 58 generated token: ','
2026-03-09 11:29:16 - INFO - Prompt 58: comma_logit=15.6875 (prob=0.391375), semicolon_logit=11.6875 (prob=0.007168)
[icl_eval|INFO]Prompt 58: comma_logit=15.6875 (prob=0.391375), semicolon_logit=11.6875 (prob=0.007168)
2026-03-09 11:29:16 - INFO - Prompt 59 generated token: ','
[icl_eval|INFO]Prompt 59 generated token: ','
2026-03-09 11:29:16 - INFO - Prompt 59: comma_logit=15.3750 (prob=0.290017), semicolon_logit=11.6875 (prob=0.007260)
[icl_eval|INFO]Prompt 59: comma_logit=15.3750 (prob=0.290017), semicolon_logit=11.6875 (prob=0.007260)
2026-03-09 11:29:16 - INFO - Prompt 60 generated token: ','
[icl_eval|INFO]Prompt 60 generated token: ','
2026-03-09 11:29:16 - INFO - Prompt 60: comma_logit=16.1250 (prob=0.358282), semicolon_logit=12.3125 (prob=0.007915)
[icl_eval|INFO]Prompt 60: comma_logit=16.1250 (prob=0.358282), semicolon_logit=12.3125 (prob=0.007915)
2026-03-09 11:29:16 - INFO - Prompt 61 generated token: '.

'
[icl_eval|INFO]Prompt 61 generated token: '.

'
2026-03-09 11:29:16 - INFO - Prompt 61: comma_logit=14.3125 (prob=0.143876), semicolon_logit=10.6250 (prob=0.003602)
[icl_eval|INFO]Prompt 61: comma_logit=14.3125 (prob=0.143876), semicolon_logit=10.6250 (prob=0.003602)
2026-03-09 11:29:17 - INFO - Prompt 62 generated token: ','
[icl_eval|INFO]Prompt 62 generated token: ','
2026-03-09 11:29:17 - INFO - Prompt 62: comma_logit=15.5000 (prob=0.229595), semicolon_logit=13.0000 (prob=0.018846)
[icl_eval|INFO]Prompt 62: comma_logit=15.5000 (prob=0.229595), semicolon_logit=13.0000 (prob=0.018846)
2026-03-09 11:29:17 - INFO - Prompt 63 generated token: ','
[icl_eval|INFO]Prompt 63 generated token: ','
2026-03-09 11:29:17 - INFO - Prompt 63: comma_logit=15.5000 (prob=0.385158), semicolon_logit=12.5000 (prob=0.019176)
[icl_eval|INFO]Prompt 63: comma_logit=15.5000 (prob=0.385158), semicolon_logit=12.5000 (prob=0.019176)
2026-03-09 11:29:17 - INFO - Prompt 64 generated token: ','
[icl_eval|INFO]Prompt 64 generated token: ','
2026-03-09 11:29:17 - INFO - Prompt 64: comma_logit=15.4375 (prob=0.280866), semicolon_logit=13.0625 (prob=0.026125)
[icl_eval|INFO]Prompt 64: comma_logit=15.4375 (prob=0.280866), semicolon_logit=13.0625 (prob=0.026125)
2026-03-09 11:29:17 - INFO - Prompt 65 generated token: ','
[icl_eval|INFO]Prompt 65 generated token: ','
2026-03-09 11:29:17 - INFO - Prompt 65: comma_logit=15.1250 (prob=0.203637), semicolon_logit=12.5000 (prob=0.014751)
[icl_eval|INFO]Prompt 65: comma_logit=15.1250 (prob=0.203637), semicolon_logit=12.5000 (prob=0.014751)
2026-03-09 11:29:17 - INFO - Prompt 66 generated token: ','
[icl_eval|INFO]Prompt 66 generated token: ','
2026-03-09 11:29:17 - INFO - Prompt 66: comma_logit=15.1250 (prob=0.206223), semicolon_logit=12.3750 (prob=0.013183)
[icl_eval|INFO]Prompt 66: comma_logit=15.1250 (prob=0.206223), semicolon_logit=12.3750 (prob=0.013183)
2026-03-09 11:29:17 - INFO - Prompt 67 generated token: ','
[icl_eval|INFO]Prompt 67 generated token: ','
2026-03-09 11:29:17 - INFO - Prompt 67: comma_logit=17.0000 (prob=0.551248), semicolon_logit=11.6250 (prob=0.002553)
[icl_eval|INFO]Prompt 67: comma_logit=17.0000 (prob=0.551248), semicolon_logit=11.6250 (prob=0.002553)
2026-03-09 11:29:17 - INFO - Prompt 68 generated token: ','
[icl_eval|INFO]Prompt 68 generated token: ','
2026-03-09 11:29:17 - INFO - Prompt 68: comma_logit=15.1250 (prob=0.247412), semicolon_logit=13.6250 (prob=0.055205)
[icl_eval|INFO]Prompt 68: comma_logit=15.1250 (prob=0.247412), semicolon_logit=13.6250 (prob=0.055205)
2026-03-09 11:29:17 - INFO - Prompt 69 generated token: ','
[icl_eval|INFO]Prompt 69 generated token: ','
2026-03-09 11:29:17 - INFO - Prompt 69: comma_logit=16.0000 (prob=0.373420), semicolon_logit=11.9375 (prob=0.006425)
[icl_eval|INFO]Prompt 69: comma_logit=16.0000 (prob=0.373420), semicolon_logit=11.9375 (prob=0.006425)
2026-03-09 11:29:18 - INFO - Prompt 70 generated token: ','
[icl_eval|INFO]Prompt 70 generated token: ','
2026-03-09 11:29:18 - INFO - Prompt 70: comma_logit=15.8125 (prob=0.335326), semicolon_logit=12.3125 (prob=0.010126)
[icl_eval|INFO]Prompt 70: comma_logit=15.8125 (prob=0.335326), semicolon_logit=12.3125 (prob=0.010126)
2026-03-09 11:29:18 - INFO - Prompt 71 generated token: ','
[icl_eval|INFO]Prompt 71 generated token: ','
2026-03-09 11:29:18 - INFO - Prompt 71: comma_logit=15.5000 (prob=0.334381), semicolon_logit=12.1250 (prob=0.011442)
[icl_eval|INFO]Prompt 71: comma_logit=15.5000 (prob=0.334381), semicolon_logit=12.1250 (prob=0.011442)
2026-03-09 11:29:18 - INFO - Prompt 72 generated token: ','
[icl_eval|INFO]Prompt 72 generated token: ','
2026-03-09 11:29:18 - INFO - Prompt 72: comma_logit=16.2500 (prob=0.526745), semicolon_logit=12.1875 (prob=0.009063)
[icl_eval|INFO]Prompt 72: comma_logit=16.2500 (prob=0.526745), semicolon_logit=12.1875 (prob=0.009063)
2026-03-09 11:29:18 - INFO - Prompt 73 generated token: ','
[icl_eval|INFO]Prompt 73 generated token: ','
2026-03-09 11:29:18 - INFO - Prompt 73: comma_logit=16.6250 (prob=0.449939), semicolon_logit=11.3750 (prob=0.002361)
[icl_eval|INFO]Prompt 73: comma_logit=16.6250 (prob=0.449939), semicolon_logit=11.3750 (prob=0.002361)
2026-03-09 11:29:18 - INFO - Prompt 74 generated token: ','
[icl_eval|INFO]Prompt 74 generated token: ','
2026-03-09 11:29:18 - INFO - Prompt 74: comma_logit=15.8125 (prob=0.327920), semicolon_logit=11.9375 (prob=0.006806)
[icl_eval|INFO]Prompt 74: comma_logit=15.8125 (prob=0.327920), semicolon_logit=11.9375 (prob=0.006806)
2026-03-09 11:29:18 - INFO - Prompt 75 generated token: ','
[icl_eval|INFO]Prompt 75 generated token: ','
2026-03-09 11:29:18 - INFO - Prompt 75: comma_logit=14.5625 (prob=0.173195), semicolon_logit=13.6875 (prob=0.072198)
[icl_eval|INFO]Prompt 75: comma_logit=14.5625 (prob=0.173195), semicolon_logit=13.6875 (prob=0.072198)
2026-03-09 11:29:18 - INFO - Prompt 76 generated token: ','
[icl_eval|INFO]Prompt 76 generated token: ','
2026-03-09 11:29:18 - INFO - Prompt 76: comma_logit=15.0625 (prob=0.203477), semicolon_logit=11.6875 (prob=0.006963)
[icl_eval|INFO]Prompt 76: comma_logit=15.0625 (prob=0.203477), semicolon_logit=11.6875 (prob=0.006963)
2026-03-09 11:29:18 - INFO - Prompt 77 generated token: ','
[icl_eval|INFO]Prompt 77 generated token: ','
2026-03-09 11:29:18 - INFO - Prompt 77: comma_logit=16.3750 (prob=0.410077), semicolon_logit=11.3750 (prob=0.002763)
[icl_eval|INFO]Prompt 77: comma_logit=16.3750 (prob=0.410077), semicolon_logit=11.3750 (prob=0.002763)
2026-03-09 11:29:19 - INFO - Prompt 78 generated token: ','
[icl_eval|INFO]Prompt 78 generated token: ','
2026-03-09 11:29:19 - INFO - Prompt 78: comma_logit=16.6250 (prob=0.465234), semicolon_logit=11.6250 (prob=0.003135)
[icl_eval|INFO]Prompt 78: comma_logit=16.6250 (prob=0.465234), semicolon_logit=11.6250 (prob=0.003135)
2026-03-09 11:29:19 - INFO - Prompt 79 generated token: ';'
[icl_eval|INFO]Prompt 79 generated token: ';'
2026-03-09 11:29:19 - INFO - Prompt 79: comma_logit=14.3125 (prob=0.074413), semicolon_logit=15.6250 (prob=0.276476)
[icl_eval|INFO]Prompt 79: comma_logit=14.3125 (prob=0.074413), semicolon_logit=15.6250 (prob=0.276476)
2026-03-09 11:29:19 - INFO - Prompt 80 generated token: ','
[icl_eval|INFO]Prompt 80 generated token: ','
2026-03-09 11:29:19 - INFO - Prompt 80: comma_logit=15.6875 (prob=0.374534), semicolon_logit=10.4375 (prob=0.001965)
[icl_eval|INFO]Prompt 80: comma_logit=15.6875 (prob=0.374534), semicolon_logit=10.4375 (prob=0.001965)
2026-03-09 11:29:19 - INFO - Prompt 81 generated token: ','
[icl_eval|INFO]Prompt 81 generated token: ','
2026-03-09 11:29:19 - INFO - Prompt 81: comma_logit=16.5000 (prob=0.488918), semicolon_logit=11.5625 (prob=0.003507)
[icl_eval|INFO]Prompt 81: comma_logit=16.5000 (prob=0.488918), semicolon_logit=11.5625 (prob=0.003507)
2026-03-09 11:29:19 - INFO - Prompt 82 generated token: ','
[icl_eval|INFO]Prompt 82 generated token: ','
2026-03-09 11:29:19 - INFO - Prompt 82: comma_logit=14.8125 (prob=0.231064), semicolon_logit=12.5000 (prob=0.022878)
[icl_eval|INFO]Prompt 82: comma_logit=14.8125 (prob=0.231064), semicolon_logit=12.5000 (prob=0.022878)
2026-03-09 11:29:19 - INFO - Prompt 83 generated token: ','
[icl_eval|INFO]Prompt 83 generated token: ','
2026-03-09 11:29:19 - INFO - Prompt 83: comma_logit=16.6250 (prob=0.553339), semicolon_logit=12.7500 (prob=0.011484)
[icl_eval|INFO]Prompt 83: comma_logit=16.6250 (prob=0.553339), semicolon_logit=12.7500 (prob=0.011484)
2026-03-09 11:29:19 - INFO - Prompt 84 generated token: ','
[icl_eval|INFO]Prompt 84 generated token: ','
2026-03-09 11:29:19 - INFO - Prompt 84: comma_logit=15.5625 (prob=0.282867), semicolon_logit=11.1875 (prob=0.003561)
[icl_eval|INFO]Prompt 84: comma_logit=15.5625 (prob=0.282867), semicolon_logit=11.1875 (prob=0.003561)
2026-03-09 11:29:20 - INFO - Prompt 85 generated token: ','
[icl_eval|INFO]Prompt 85 generated token: ','
2026-03-09 11:29:20 - INFO - Prompt 85: comma_logit=16.8750 (prob=0.478328), semicolon_logit=11.0625 (prob=0.001430)
[icl_eval|INFO]Prompt 85: comma_logit=16.8750 (prob=0.478328), semicolon_logit=11.0625 (prob=0.001430)
2026-03-09 11:29:20 - INFO - Prompt 86 generated token: '.

'
[icl_eval|INFO]Prompt 86 generated token: '.

'
2026-03-09 11:29:20 - INFO - Prompt 86: comma_logit=15.5000 (prob=0.224503), semicolon_logit=10.8750 (prob=0.002201)
[icl_eval|INFO]Prompt 86: comma_logit=15.5000 (prob=0.224503), semicolon_logit=10.8750 (prob=0.002201)
2026-03-09 11:29:20 - INFO - Prompt 87 generated token: ','
[icl_eval|INFO]Prompt 87 generated token: ','
2026-03-09 11:29:20 - INFO - Prompt 87: comma_logit=15.1875 (prob=0.224515), semicolon_logit=11.6250 (prob=0.006369)
[icl_eval|INFO]Prompt 87: comma_logit=15.1875 (prob=0.224515), semicolon_logit=11.6250 (prob=0.006369)
2026-03-09 11:29:20 - INFO - Prompt 88 generated token: ','
[icl_eval|INFO]Prompt 88 generated token: ','
2026-03-09 11:29:20 - INFO - Prompt 88: comma_logit=16.1250 (prob=0.442248), semicolon_logit=11.7500 (prob=0.005567)
[icl_eval|INFO]Prompt 88: comma_logit=16.1250 (prob=0.442248), semicolon_logit=11.7500 (prob=0.005567)
2026-03-09 11:29:20 - INFO - Prompt 89 generated token: '.

'
[icl_eval|INFO]Prompt 89 generated token: '.

'
2026-03-09 11:29:20 - INFO - Prompt 89: comma_logit=14.6250 (prob=0.126191), semicolon_logit=10.9375 (prob=0.003159)
[icl_eval|INFO]Prompt 89: comma_logit=14.6250 (prob=0.126191), semicolon_logit=10.9375 (prob=0.003159)
2026-03-09 11:29:20 - INFO - Prompt 90 generated token: ','
[icl_eval|INFO]Prompt 90 generated token: ','
2026-03-09 11:29:20 - INFO - Prompt 90: comma_logit=14.8125 (prob=0.226631), semicolon_logit=12.0625 (prob=0.014488)
[icl_eval|INFO]Prompt 90: comma_logit=14.8125 (prob=0.226631), semicolon_logit=12.0625 (prob=0.014488)
2026-03-09 11:29:20 - INFO - Prompt 91 generated token: ','
[icl_eval|INFO]Prompt 91 generated token: ','
2026-03-09 11:29:20 - INFO - Prompt 91: comma_logit=15.6250 (prob=0.343968), semicolon_logit=12.3750 (prob=0.013337)
[icl_eval|INFO]Prompt 91: comma_logit=15.6250 (prob=0.343968), semicolon_logit=12.3750 (prob=0.013337)
2026-03-09 11:29:20 - INFO - Prompt 92 generated token: ','
[icl_eval|INFO]Prompt 92 generated token: ','
2026-03-09 11:29:20 - INFO - Prompt 92: comma_logit=15.0000 (prob=0.245597), semicolon_logit=12.5000 (prob=0.020160)
[icl_eval|INFO]Prompt 92: comma_logit=15.0000 (prob=0.245597), semicolon_logit=12.5000 (prob=0.020160)
2026-03-09 11:29:21 - INFO - Prompt 93 generated token: '.

'
[icl_eval|INFO]Prompt 93 generated token: '.

'
2026-03-09 11:29:21 - INFO - Prompt 93: comma_logit=14.5625 (prob=0.132146), semicolon_logit=11.2500 (prob=0.004813)
[icl_eval|INFO]Prompt 93: comma_logit=14.5625 (prob=0.132146), semicolon_logit=11.2500 (prob=0.004813)
2026-03-09 11:29:21 - INFO - Prompt 94 generated token: ','
[icl_eval|INFO]Prompt 94 generated token: ','
2026-03-09 11:29:21 - INFO - Prompt 94: comma_logit=15.1250 (prob=0.257525), semicolon_logit=13.0000 (prob=0.030757)
[icl_eval|INFO]Prompt 94: comma_logit=15.1250 (prob=0.257525), semicolon_logit=13.0000 (prob=0.030757)
2026-03-09 11:29:21 - INFO - Prompt 95 generated token: ','
[icl_eval|INFO]Prompt 95 generated token: ','
2026-03-09 11:29:21 - INFO - Prompt 95: comma_logit=16.0000 (prob=0.309974), semicolon_logit=11.3125 (prob=0.002855)
[icl_eval|INFO]Prompt 95: comma_logit=16.0000 (prob=0.309974), semicolon_logit=11.3125 (prob=0.002855)
2026-03-09 11:29:21 - INFO - Prompt 96 generated token: ','
[icl_eval|INFO]Prompt 96 generated token: ','
2026-03-09 11:29:21 - INFO - Prompt 96: comma_logit=15.1250 (prob=0.193468), semicolon_logit=13.1250 (prob=0.026183)
[icl_eval|INFO]Prompt 96: comma_logit=15.1250 (prob=0.193468), semicolon_logit=13.1250 (prob=0.026183)
2026-03-09 11:29:21 - INFO - Prompt 97 generated token: '.

'
[icl_eval|INFO]Prompt 97 generated token: '.

'
2026-03-09 11:29:21 - INFO - Prompt 97: comma_logit=14.7500 (prob=0.130552), semicolon_logit=13.3750 (prob=0.033009)
[icl_eval|INFO]Prompt 97: comma_logit=14.7500 (prob=0.130552), semicolon_logit=13.3750 (prob=0.033009)
2026-03-09 11:29:21 - INFO - Prompt 98 generated token: ','
[icl_eval|INFO]Prompt 98 generated token: ','
2026-03-09 11:29:21 - INFO - Prompt 98: comma_logit=16.3750 (prob=0.378576), semicolon_logit=12.4375 (prob=0.007381)
[icl_eval|INFO]Prompt 98: comma_logit=16.3750 (prob=0.378576), semicolon_logit=12.4375 (prob=0.007381)
2026-03-09 11:29:21 - INFO - Prompt 99 generated token: ','
[icl_eval|INFO]Prompt 99 generated token: ','
2026-03-09 11:29:21 - INFO - Prompt 99: comma_logit=15.0625 (prob=0.236173), semicolon_logit=12.8750 (prob=0.026498)
[icl_eval|INFO]Prompt 99: comma_logit=15.0625 (prob=0.236173), semicolon_logit=12.8750 (prob=0.026498)
2026-03-09 11:29:21 - INFO - Overall: mean_comma_logit=15.6869 (prob=0.320042), mean_semicolon_logit=12.0419 (prob=0.016995), comma_preferred=99/100, semicolon_preferred=1/100
[icl_eval|INFO]Overall: mean_comma_logit=15.6869 (prob=0.320042), mean_semicolon_logit=12.0419 (prob=0.016995), comma_preferred=99/100, semicolon_preferred=1/100
2026-03-09 11:29:21 - INFO - Results saved to: /workspace/spar-team-recon/projects/ip/results/exp_5/arm_5/icl=4/judgements/comma_vs_semicolon_toy.jsonl
[icl_eval|INFO]Results saved to: /workspace/spar-team-recon/projects/ip/results/exp_5/arm_5/icl=4/judgements/comma_vs_semicolon_toy.jsonl
2026-03-09 11:29:21 - INFO - Results saved to /workspace/spar-team-recon/projects/ip/results/exp_5/arm_5/icl=4/judgements/comma_vs_semicolon_toy.jsonl
[icl_eval|INFO]Results saved to /workspace/spar-team-recon/projects/ip/results/exp_5/arm_5/icl=4/judgements/comma_vs_semicolon_toy.jsonl
2026-03-09 11:29:21 - INFO - ============================================================
[icl_eval|INFO]============================================================
2026-03-09 11:29:21 - INFO - Processing prompts_icl=6.jsonl (icl=6)
[icl_eval|INFO]Processing prompts_icl=6.jsonl (icl=6)
2026-03-09 11:29:21 - INFO - ============================================================
[icl_eval|INFO]============================================================
2026-03-09 11:29:21 - INFO - Loading test data from: /workspace/spar-team-recon/projects/ip/data/evals/comma_vs_semicolon_toy/icl_ip/exp_5_arm_5_ICL_IP_comma/prompts_icl=6.jsonl
[icl_eval|INFO]Loading test data from: /workspace/spar-team-recon/projects/ip/data/evals/comma_vs_semicolon_toy/icl_ip/exp_5_arm_5_ICL_IP_comma/prompts_icl=6.jsonl
2026-03-09 11:29:21 - INFO - Loaded 100 test prompts
[icl_eval|INFO]Loaded 100 test prompts
2026-03-09 11:29:21 - INFO - 100 prompts loaded
[icl_eval|INFO]100 prompts loaded
2026-03-09 11:29:38 - INFO - Rollouts done in 16.2s
[icl_eval|INFO]Rollouts done in 16.2s
2026-03-09 11:29:38 - INFO - Comma ',' tokenizes to IDs: [1044]
[icl_eval|INFO]Comma ',' tokenizes to IDs: [1044]
2026-03-09 11:29:38 - INFO - Semicolon ';' tokenizes to IDs: [1059]
[icl_eval|INFO]Semicolon ';' tokenizes to IDs: [1059]
2026-03-09 11:29:38 - INFO - Using comma_id=1044 (','), semicolon_id=1059 (';')
[icl_eval|INFO]Using comma_id=1044 (','), semicolon_id=1059 (';')
2026-03-09 11:29:38 - INFO - Processing 100 prompts
[icl_eval|INFO]Processing 100 prompts
2026-03-09 11:29:38 - INFO - Prompt 0 generated token: ','
[icl_eval|INFO]Prompt 0 generated token: ','
2026-03-09 11:29:38 - INFO - Prompt 0: comma_logit=16.7500 (prob=0.399711), semicolon_logit=11.1250 (prob=0.001442)
[icl_eval|INFO]Prompt 0: comma_logit=16.7500 (prob=0.399711), semicolon_logit=11.1250 (prob=0.001442)
2026-03-09 11:29:38 - INFO - Prompt 1 generated token: '.

'
[icl_eval|INFO]Prompt 1 generated token: '.

'
2026-03-09 11:29:38 - INFO - Prompt 1: comma_logit=14.8125 (prob=0.171195), semicolon_logit=13.0625 (prob=0.029749)
[icl_eval|INFO]Prompt 1: comma_logit=14.8125 (prob=0.171195), semicolon_logit=13.0625 (prob=0.029749)
2026-03-09 11:29:38 - INFO - Prompt 2 generated token: '.

'
[icl_eval|INFO]Prompt 2 generated token: '.

'
2026-03-09 11:29:38 - INFO - Prompt 2: comma_logit=14.1875 (prob=0.126195), semicolon_logit=12.0625 (prob=0.015072)
[icl_eval|INFO]Prompt 2: comma_logit=14.1875 (prob=0.126195), semicolon_logit=12.0625 (prob=0.015072)
2026-03-09 11:29:38 - INFO - Prompt 3 generated token: ','
[icl_eval|INFO]Prompt 3 generated token: ','
2026-03-09 11:29:38 - INFO - Prompt 3: comma_logit=15.2500 (prob=0.229537), semicolon_logit=12.1875 (prob=0.010736)
[icl_eval|INFO]Prompt 3: comma_logit=15.2500 (prob=0.229537), semicolon_logit=12.1875 (prob=0.010736)
2026-03-09 11:29:38 - INFO - Prompt 4 generated token: ','
[icl_eval|INFO]Prompt 4 generated token: ','
2026-03-09 11:29:38 - INFO - Prompt 4: comma_logit=16.1250 (prob=0.341346), semicolon_logit=12.7500 (prob=0.011680)
[icl_eval|INFO]Prompt 4: comma_logit=16.1250 (prob=0.341346), semicolon_logit=12.7500 (prob=0.011680)
2026-03-09 11:29:39 - INFO - Prompt 5 generated token: ','
[icl_eval|INFO]Prompt 5 generated token: ','
2026-03-09 11:29:39 - INFO - Prompt 5: comma_logit=15.4375 (prob=0.236140), semicolon_logit=12.9375 (prob=0.019384)
[icl_eval|INFO]Prompt 5: comma_logit=15.4375 (prob=0.236140), semicolon_logit=12.9375 (prob=0.019384)
2026-03-09 11:29:39 - INFO - Prompt 6 generated token: ','
[icl_eval|INFO]Prompt 6 generated token: ','
2026-03-09 11:29:39 - INFO - Prompt 6: comma_logit=15.3125 (prob=0.214966), semicolon_logit=11.6875 (prob=0.005729)
[icl_eval|INFO]Prompt 6: comma_logit=15.3125 (prob=0.214966), semicolon_logit=11.6875 (prob=0.005729)
2026-03-09 11:29:39 - INFO - Prompt 7 generated token: ','
[icl_eval|INFO]Prompt 7 generated token: ','
2026-03-09 11:29:39 - INFO - Prompt 7: comma_logit=15.8750 (prob=0.311729), semicolon_logit=11.1875 (prob=0.002871)
[icl_eval|INFO]Prompt 7: comma_logit=15.8750 (prob=0.311729), semicolon_logit=11.1875 (prob=0.002871)
2026-03-09 11:29:39 - INFO - Prompt 8 generated token: ','
[icl_eval|INFO]Prompt 8 generated token: ','
2026-03-09 11:29:39 - INFO - Prompt 8: comma_logit=16.1250 (prob=0.348518), semicolon_logit=11.8125 (prob=0.004670)
[icl_eval|INFO]Prompt 8: comma_logit=16.1250 (prob=0.348518), semicolon_logit=11.8125 (prob=0.004670)
2026-03-09 11:29:39 - INFO - Prompt 9 generated token: ','
[icl_eval|INFO]Prompt 9 generated token: ','
2026-03-09 11:29:39 - INFO - Prompt 9: comma_logit=15.9375 (prob=0.329819), semicolon_logit=12.1875 (prob=0.007757)
[icl_eval|INFO]Prompt 9: comma_logit=15.9375 (prob=0.329819), semicolon_logit=12.1875 (prob=0.007757)
2026-03-09 11:29:39 - INFO - Prompt 10 generated token: ','
[icl_eval|INFO]Prompt 10 generated token: ','
2026-03-09 11:29:39 - INFO - Prompt 10: comma_logit=17.2500 (prob=0.464515), semicolon_logit=12.4375 (prob=0.003775)
[icl_eval|INFO]Prompt 10: comma_logit=17.2500 (prob=0.464515), semicolon_logit=12.4375 (prob=0.003775)
2026-03-09 11:29:40 - INFO - Prompt 11 generated token: ','
[icl_eval|INFO]Prompt 11 generated token: ','
2026-03-09 11:29:40 - INFO - Prompt 11: comma_logit=15.9375 (prob=0.318013), semicolon_logit=11.7500 (prob=0.004829)
[icl_eval|INFO]Prompt 11: comma_logit=15.9375 (prob=0.318013), semicolon_logit=11.7500 (prob=0.004829)
2026-03-09 11:29:40 - INFO - Prompt 12 generated token: ','
[icl_eval|INFO]Prompt 12 generated token: ','
2026-03-09 11:29:40 - INFO - Prompt 12: comma_logit=15.1250 (prob=0.207593), semicolon_logit=12.6250 (prob=0.017040)
[icl_eval|INFO]Prompt 12: comma_logit=15.1250 (prob=0.207593), semicolon_logit=12.6250 (prob=0.017040)
2026-03-09 11:29:40 - INFO - Prompt 13 generated token: ','
[icl_eval|INFO]Prompt 13 generated token: ','
2026-03-09 11:29:40 - INFO - Prompt 13: comma_logit=15.3125 (prob=0.197379), semicolon_logit=11.4375 (prob=0.004096)
[icl_eval|INFO]Prompt 13: comma_logit=15.3125 (prob=0.197379), semicolon_logit=11.4375 (prob=0.004096)
2026-03-09 11:29:40 - INFO - Prompt 14 generated token: '.

'
[icl_eval|INFO]Prompt 14 generated token: '.

'
2026-03-09 11:29:40 - INFO - Prompt 14: comma_logit=15.0000 (prob=0.159645), semicolon_logit=12.7500 (prob=0.016826)
[icl_eval|INFO]Prompt 14: comma_logit=15.0000 (prob=0.159645), semicolon_logit=12.7500 (prob=0.016826)
2026-03-09 11:29:40 - INFO - Prompt 15 generated token: '.

'
[icl_eval|INFO]Prompt 15 generated token: '.

'
2026-03-09 11:29:40 - INFO - Prompt 15: comma_logit=15.3125 (prob=0.194211), semicolon_logit=13.1875 (prob=0.023195)
[icl_eval|INFO]Prompt 15: comma_logit=15.3125 (prob=0.194211), semicolon_logit=13.1875 (prob=0.023195)
2026-03-09 11:29:40 - INFO - Prompt 16 generated token: '.

'
[icl_eval|INFO]Prompt 16 generated token: '.

'
2026-03-09 11:29:40 - INFO - Prompt 16: comma_logit=14.5625 (prob=0.167510), semicolon_logit=12.3125 (prob=0.017655)
[icl_eval|INFO]Prompt 16: comma_logit=14.5625 (prob=0.167510), semicolon_logit=12.3125 (prob=0.017655)
2026-03-09 11:29:41 - INFO - Prompt 17 generated token: ','
[icl_eval|INFO]Prompt 17 generated token: ','
2026-03-09 11:29:41 - INFO - Prompt 17: comma_logit=17.3750 (prob=0.511297), semicolon_logit=11.3750 (prob=0.001267)
[icl_eval|INFO]Prompt 17: comma_logit=17.3750 (prob=0.511297), semicolon_logit=11.3750 (prob=0.001267)
2026-03-09 11:29:41 - INFO - Prompt 18 generated token: ','
[icl_eval|INFO]Prompt 18 generated token: ','
2026-03-09 11:29:41 - INFO - Prompt 18: comma_logit=15.8750 (prob=0.262209), semicolon_logit=11.6250 (prob=0.003740)
[icl_eval|INFO]Prompt 18: comma_logit=15.8750 (prob=0.262209), semicolon_logit=11.6250 (prob=0.003740)
2026-03-09 11:29:41 - INFO - Prompt 19 generated token: ','
[icl_eval|INFO]Prompt 19 generated token: ','
2026-03-09 11:29:41 - INFO - Prompt 19: comma_logit=17.0000 (prob=0.501154), semicolon_logit=11.1875 (prob=0.001498)
[icl_eval|INFO]Prompt 19: comma_logit=17.0000 (prob=0.501154), semicolon_logit=11.1875 (prob=0.001498)
2026-03-09 11:29:41 - INFO - Prompt 20 generated token: ','
[icl_eval|INFO]Prompt 20 generated token: ','
2026-03-09 11:29:41 - INFO - Prompt 20: comma_logit=15.3125 (prob=0.226991), semicolon_logit=12.7500 (prob=0.017504)
[icl_eval|INFO]Prompt 20: comma_logit=15.3125 (prob=0.226991), semicolon_logit=12.7500 (prob=0.017504)
2026-03-09 11:29:41 - INFO - Prompt 21 generated token: ','
[icl_eval|INFO]Prompt 21 generated token: ','
2026-03-09 11:29:41 - INFO - Prompt 21: comma_logit=15.6250 (prob=0.332954), semicolon_logit=12.1250 (prob=0.010054)
[icl_eval|INFO]Prompt 21: comma_logit=15.6250 (prob=0.332954), semicolon_logit=12.1250 (prob=0.010054)
2026-03-09 11:29:41 - INFO - Prompt 22 generated token: ','
[icl_eval|INFO]Prompt 22 generated token: ','
2026-03-09 11:29:41 - INFO - Prompt 22: comma_logit=16.2500 (prob=0.365646), semicolon_logit=12.3750 (prob=0.007589)
[icl_eval|INFO]Prompt 22: comma_logit=16.2500 (prob=0.365646), semicolon_logit=12.3750 (prob=0.007589)
2026-03-09 11:29:42 - INFO - Prompt 23 generated token: ','
[icl_eval|INFO]Prompt 23 generated token: ','
2026-03-09 11:29:42 - INFO - Prompt 23: comma_logit=15.2500 (prob=0.228282), semicolon_logit=12.8750 (prob=0.021234)
[icl_eval|INFO]Prompt 23: comma_logit=15.2500 (prob=0.228282), semicolon_logit=12.8750 (prob=0.021234)
2026-03-09 11:29:42 - INFO - Prompt 24 generated token: ','
[icl_eval|INFO]Prompt 24 generated token: ','
2026-03-09 11:29:42 - INFO - Prompt 24: comma_logit=15.8125 (prob=0.312229), semicolon_logit=13.1250 (prob=0.021247)
[icl_eval|INFO]Prompt 24: comma_logit=15.8125 (prob=0.312229), semicolon_logit=13.1250 (prob=0.021247)
2026-03-09 11:29:42 - INFO - Prompt 25 generated token: ','
[icl_eval|INFO]Prompt 25 generated token: ','
2026-03-09 11:29:42 - INFO - Prompt 25: comma_logit=17.0000 (prob=0.520435), semicolon_logit=11.1875 (prob=0.001556)
[icl_eval|INFO]Prompt 25: comma_logit=17.0000 (prob=0.520435), semicolon_logit=11.1875 (prob=0.001556)
2026-03-09 11:29:42 - INFO - Prompt 26 generated token: ','
[icl_eval|INFO]Prompt 26 generated token: ','
2026-03-09 11:29:42 - INFO - Prompt 26: comma_logit=15.5000 (prob=0.286870), semicolon_logit=12.1875 (prob=0.010449)
[icl_eval|INFO]Prompt 26: comma_logit=15.5000 (prob=0.286870), semicolon_logit=12.1875 (prob=0.010449)
2026-03-09 11:29:42 - INFO - Prompt 27 generated token: ','
[icl_eval|INFO]Prompt 27 generated token: ','
2026-03-09 11:29:42 - INFO - Prompt 27: comma_logit=15.9375 (prob=0.360361), semicolon_logit=10.1875 (prob=0.001147)
[icl_eval|INFO]Prompt 27: comma_logit=15.9375 (prob=0.360361), semicolon_logit=10.1875 (prob=0.001147)
2026-03-09 11:29:42 - INFO - Prompt 28 generated token: ','
[icl_eval|INFO]Prompt 28 generated token: ','
2026-03-09 11:29:42 - INFO - Prompt 28: comma_logit=16.7500 (prob=0.456375), semicolon_logit=12.2500 (prob=0.005070)
[icl_eval|INFO]Prompt 28: comma_logit=16.7500 (prob=0.456375), semicolon_logit=12.2500 (prob=0.005070)
2026-03-09 11:29:42 - INFO - Prompt 29 generated token: ','
[icl_eval|INFO]Prompt 29 generated token: ','
2026-03-09 11:29:42 - INFO - Prompt 29: comma_logit=16.8750 (prob=0.482721), semicolon_logit=11.4375 (prob=0.002100)
[icl_eval|INFO]Prompt 29: comma_logit=16.8750 (prob=0.482721), semicolon_logit=11.4375 (prob=0.002100)
2026-03-09 11:29:43 - INFO - Prompt 30 generated token: ','
[icl_eval|INFO]Prompt 30 generated token: ','
2026-03-09 11:29:43 - INFO - Prompt 30: comma_logit=16.0000 (prob=0.300765), semicolon_logit=13.2500 (prob=0.019227)
[icl_eval|INFO]Prompt 30: comma_logit=16.0000 (prob=0.300765), semicolon_logit=13.2500 (prob=0.019227)
2026-03-09 11:29:43 - INFO - Prompt 31 generated token: ','
[icl_eval|INFO]Prompt 31 generated token: ','
2026-03-09 11:29:43 - INFO - Prompt 31: comma_logit=15.1250 (prob=0.205392), semicolon_logit=11.8125 (prob=0.007481)
[icl_eval|INFO]Prompt 31: comma_logit=15.1250 (prob=0.205392), semicolon_logit=11.8125 (prob=0.007481)
2026-03-09 11:29:43 - INFO - Prompt 32 generated token: ','
[icl_eval|INFO]Prompt 32 generated token: ','
2026-03-09 11:29:43 - INFO - Prompt 32: comma_logit=16.0000 (prob=0.291126), semicolon_logit=11.8750 (prob=0.004706)
[icl_eval|INFO]Prompt 32: comma_logit=16.0000 (prob=0.291126), semicolon_logit=11.8750 (prob=0.004706)
2026-03-09 11:29:43 - INFO - Prompt 33 generated token: ','
[icl_eval|INFO]Prompt 33 generated token: ','
2026-03-09 11:29:43 - INFO - Prompt 33: comma_logit=15.8125 (prob=0.356456), semicolon_logit=12.4375 (prob=0.012197)
[icl_eval|INFO]Prompt 33: comma_logit=15.8125 (prob=0.356456), semicolon_logit=12.4375 (prob=0.012197)
2026-03-09 11:29:43 - INFO - Prompt 34 generated token: ','
[icl_eval|INFO]Prompt 34 generated token: ','
2026-03-09 11:29:43 - INFO - Prompt 34: comma_logit=16.0000 (prob=0.342515), semicolon_logit=12.5000 (prob=0.010343)
[icl_eval|INFO]Prompt 34: comma_logit=16.0000 (prob=0.342515), semicolon_logit=12.5000 (prob=0.010343)
2026-03-09 11:29:43 - INFO - Prompt 35 generated token: ','
[icl_eval|INFO]Prompt 35 generated token: ','
2026-03-09 11:29:43 - INFO - Prompt 35: comma_logit=15.6875 (prob=0.243457), semicolon_logit=13.1250 (prob=0.018773)
[icl_eval|INFO]Prompt 35: comma_logit=15.6875 (prob=0.243457), semicolon_logit=13.1250 (prob=0.018773)
2026-03-09 11:29:44 - INFO - Prompt 36 generated token: ','
[icl_eval|INFO]Prompt 36 generated token: ','
2026-03-09 11:29:44 - INFO - Prompt 36: comma_logit=15.6250 (prob=0.263005), semicolon_logit=13.2500 (prob=0.024463)
[icl_eval|INFO]Prompt 36: comma_logit=15.6250 (prob=0.263005), semicolon_logit=13.2500 (prob=0.024463)
2026-03-09 11:29:44 - INFO - Prompt 37 generated token: ','
[icl_eval|INFO]Prompt 37 generated token: ','
2026-03-09 11:29:44 - INFO - Prompt 37: comma_logit=17.1250 (prob=0.483740), semicolon_logit=11.9375 (prob=0.002702)
[icl_eval|INFO]Prompt 37: comma_logit=17.1250 (prob=0.483740), semicolon_logit=11.9375 (prob=0.002702)
2026-03-09 11:29:44 - INFO - Prompt 38 generated token: ','
[icl_eval|INFO]Prompt 38 generated token: ','
2026-03-09 11:29:44 - INFO - Prompt 38: comma_logit=15.3750 (prob=0.244610), semicolon_logit=13.7500 (prob=0.048166)
[icl_eval|INFO]Prompt 38: comma_logit=15.3750 (prob=0.244610), semicolon_logit=13.7500 (prob=0.048166)
2026-03-09 11:29:44 - INFO - Prompt 39 generated token: ','
[icl_eval|INFO]Prompt 39 generated token: ','
2026-03-09 11:29:44 - INFO - Prompt 39: comma_logit=15.2500 (prob=0.209463), semicolon_logit=12.8125 (prob=0.018303)
[icl_eval|INFO]Prompt 39: comma_logit=15.2500 (prob=0.209463), semicolon_logit=12.8125 (prob=0.018303)
2026-03-09 11:29:44 - INFO - Prompt 40 generated token: ','
[icl_eval|INFO]Prompt 40 generated token: ','
2026-03-09 11:29:44 - INFO - Prompt 40: comma_logit=15.6875 (prob=0.291953), semicolon_logit=12.0625 (prob=0.007780)
[icl_eval|INFO]Prompt 40: comma_logit=15.6875 (prob=0.291953), semicolon_logit=12.0625 (prob=0.007780)
2026-03-09 11:29:44 - INFO - Prompt 41 generated token: ','
[icl_eval|INFO]Prompt 41 generated token: ','
2026-03-09 11:29:44 - INFO - Prompt 41: comma_logit=15.1250 (prob=0.221364), semicolon_logit=11.5000 (prob=0.005899)
[icl_eval|INFO]Prompt 41: comma_logit=15.1250 (prob=0.221364), semicolon_logit=11.5000 (prob=0.005899)
2026-03-09 11:29:45 - INFO - Prompt 42 generated token: ','
[icl_eval|INFO]Prompt 42 generated token: ','
2026-03-09 11:29:45 - INFO - Prompt 42: comma_logit=17.1250 (prob=0.478913), semicolon_logit=11.8750 (prob=0.002513)
[icl_eval|INFO]Prompt 42: comma_logit=17.1250 (prob=0.478913), semicolon_logit=11.8750 (prob=0.002513)
2026-03-09 11:29:45 - INFO - Prompt 43 generated token: ','
[icl_eval|INFO]Prompt 43 generated token: ','
2026-03-09 11:29:45 - INFO - Prompt 43: comma_logit=15.6875 (prob=0.240157), semicolon_logit=12.2500 (prob=0.007720)
[icl_eval|INFO]Prompt 43: comma_logit=15.6875 (prob=0.240157), semicolon_logit=12.2500 (prob=0.007720)
2026-03-09 11:29:45 - INFO - Prompt 44 generated token: ','
[icl_eval|INFO]Prompt 44 generated token: ','
2026-03-09 11:29:45 - INFO - Prompt 44: comma_logit=16.1250 (prob=0.384552), semicolon_logit=11.8125 (prob=0.005153)
[icl_eval|INFO]Prompt 44: comma_logit=16.1250 (prob=0.384552), semicolon_logit=11.8125 (prob=0.005153)
2026-03-09 11:29:45 - INFO - Prompt 45 generated token: ','
[icl_eval|INFO]Prompt 45 generated token: ','
2026-03-09 11:29:45 - INFO - Prompt 45: comma_logit=16.5000 (prob=0.475517), semicolon_logit=11.5000 (prob=0.003204)
[icl_eval|INFO]Prompt 45: comma_logit=16.5000 (prob=0.475517), semicolon_logit=11.5000 (prob=0.003204)
2026-03-09 11:29:45 - INFO - Prompt 46 generated token: ','
[icl_eval|INFO]Prompt 46 generated token: ','
2026-03-09 11:29:45 - INFO - Prompt 46: comma_logit=16.7500 (prob=0.444006), semicolon_logit=11.1250 (prob=0.001601)
[icl_eval|INFO]Prompt 46: comma_logit=16.7500 (prob=0.444006), semicolon_logit=11.1250 (prob=0.001601)
2026-03-09 11:29:45 - INFO - Prompt 47 generated token: ','
[icl_eval|INFO]Prompt 47 generated token: ','
2026-03-09 11:29:45 - INFO - Prompt 47: comma_logit=15.6250 (prob=0.337493), semicolon_logit=11.6250 (prob=0.006181)
[icl_eval|INFO]Prompt 47: comma_logit=15.6250 (prob=0.337493), semicolon_logit=11.6250 (prob=0.006181)
2026-03-09 11:29:46 - INFO - Prompt 48 generated token: ','
[icl_eval|INFO]Prompt 48 generated token: ','
2026-03-09 11:29:46 - INFO - Prompt 48: comma_logit=15.9375 (prob=0.347022), semicolon_logit=12.0625 (prob=0.007202)
[icl_eval|INFO]Prompt 48: comma_logit=15.9375 (prob=0.347022), semicolon_logit=12.0625 (prob=0.007202)
2026-03-09 11:29:46 - INFO - Prompt 49 generated token: ','
[icl_eval|INFO]Prompt 49 generated token: ','
2026-03-09 11:29:46 - INFO - Prompt 49: comma_logit=16.1250 (prob=0.307289), semicolon_logit=12.4375 (prob=0.007693)
[icl_eval|INFO]Prompt 49: comma_logit=16.1250 (prob=0.307289), semicolon_logit=12.4375 (prob=0.007693)
2026-03-09 11:29:46 - INFO - Prompt 50 generated token: ','
[icl_eval|INFO]Prompt 50 generated token: ','
2026-03-09 11:29:46 - INFO - Prompt 50: comma_logit=15.5000 (prob=0.269640), semicolon_logit=11.3125 (prob=0.004094)
[icl_eval|INFO]Prompt 50: comma_logit=15.5000 (prob=0.269640), semicolon_logit=11.3125 (prob=0.004094)
2026-03-09 11:29:46 - INFO - Prompt 51 generated token: ','
[icl_eval|INFO]Prompt 51 generated token: ','
2026-03-09 11:29:46 - INFO - Prompt 51: comma_logit=15.1250 (prob=0.209374), semicolon_logit=10.6875 (prob=0.002476)
[icl_eval|INFO]Prompt 51: comma_logit=15.1250 (prob=0.209374), semicolon_logit=10.6875 (prob=0.002476)
2026-03-09 11:29:46 - INFO - Prompt 52 generated token: ','
[icl_eval|INFO]Prompt 52 generated token: ','
2026-03-09 11:29:46 - INFO - Prompt 52: comma_logit=15.7500 (prob=0.321911), semicolon_logit=10.6875 (prob=0.002038)
[icl_eval|INFO]Prompt 52: comma_logit=15.7500 (prob=0.321911), semicolon_logit=10.6875 (prob=0.002038)
2026-03-09 11:29:46 - INFO - Prompt 53 generated token: ','
[icl_eval|INFO]Prompt 53 generated token: ','
2026-03-09 11:29:46 - INFO - Prompt 53: comma_logit=16.7500 (prob=0.421329), semicolon_logit=12.5000 (prob=0.006010)
[icl_eval|INFO]Prompt 53: comma_logit=16.7500 (prob=0.421329), semicolon_logit=12.5000 (prob=0.006010)
2026-03-09 11:29:47 - INFO - Prompt 54 generated token: ','
[icl_eval|INFO]Prompt 54 generated token: ','
2026-03-09 11:29:47 - INFO - Prompt 54: comma_logit=16.2500 (prob=0.370590), semicolon_logit=12.4375 (prob=0.008187)
[icl_eval|INFO]Prompt 54: comma_logit=16.2500 (prob=0.370590), semicolon_logit=12.4375 (prob=0.008187)
2026-03-09 11:29:47 - INFO - Prompt 55 generated token: ','
[icl_eval|INFO]Prompt 55 generated token: ','
2026-03-09 11:29:47 - INFO - Prompt 55: comma_logit=15.5000 (prob=0.231188), semicolon_logit=12.6250 (prob=0.013043)
[icl_eval|INFO]Prompt 55: comma_logit=15.5000 (prob=0.231188), semicolon_logit=12.6250 (prob=0.013043)
2026-03-09 11:29:47 - INFO - Prompt 56 generated token: ','
[icl_eval|INFO]Prompt 56 generated token: ','
2026-03-09 11:29:47 - INFO - Prompt 56: comma_logit=16.5000 (prob=0.422197), semicolon_logit=12.0625 (prob=0.004993)
[icl_eval|INFO]Prompt 56: comma_logit=16.5000 (prob=0.422197), semicolon_logit=12.0625 (prob=0.004993)
2026-03-09 11:29:47 - INFO - Prompt 57 generated token: ','
[icl_eval|INFO]Prompt 57 generated token: ','
2026-03-09 11:29:47 - INFO - Prompt 57: comma_logit=16.8750 (prob=0.499245), semicolon_logit=11.7500 (prob=0.002969)
[icl_eval|INFO]Prompt 57: comma_logit=16.8750 (prob=0.499245), semicolon_logit=11.7500 (prob=0.002969)
2026-03-09 11:29:47 - INFO - Prompt 58 generated token: ','
[icl_eval|INFO]Prompt 58 generated token: ','
2026-03-09 11:29:47 - INFO - Prompt 58: comma_logit=15.0625 (prob=0.262435), semicolon_logit=11.9375 (prob=0.011531)
[icl_eval|INFO]Prompt 58: comma_logit=15.0625 (prob=0.262435), semicolon_logit=11.9375 (prob=0.011531)
2026-03-09 11:29:47 - INFO - Prompt 59 generated token: ','
[icl_eval|INFO]Prompt 59 generated token: ','
2026-03-09 11:29:47 - INFO - Prompt 59: comma_logit=15.7500 (prob=0.341486), semicolon_logit=11.5000 (prob=0.004871)
[icl_eval|INFO]Prompt 59: comma_logit=15.7500 (prob=0.341486), semicolon_logit=11.5000 (prob=0.004871)
2026-03-09 11:29:48 - INFO - Prompt 60 generated token: ','
[icl_eval|INFO]Prompt 60 generated token: ','
2026-03-09 11:29:48 - INFO - Prompt 60: comma_logit=16.5000 (prob=0.385093), semicolon_logit=12.3125 (prob=0.005847)
[icl_eval|INFO]Prompt 60: comma_logit=16.5000 (prob=0.385093), semicolon_logit=12.3125 (prob=0.005847)
2026-03-09 11:29:48 - INFO - Prompt 61 generated token: ','
[icl_eval|INFO]Prompt 61 generated token: ','
2026-03-09 11:29:48 - INFO - Prompt 61: comma_logit=16.2500 (prob=0.400550), semicolon_logit=11.4375 (prob=0.003255)
[icl_eval|INFO]Prompt 61: comma_logit=16.2500 (prob=0.400550), semicolon_logit=11.4375 (prob=0.003255)
2026-03-09 11:29:48 - INFO - Prompt 62 generated token: ','
[icl_eval|INFO]Prompt 62 generated token: ','
2026-03-09 11:29:48 - INFO - Prompt 62: comma_logit=14.8750 (prob=0.159756), semicolon_logit=12.0625 (prob=0.009594)
[icl_eval|INFO]Prompt 62: comma_logit=14.8750 (prob=0.159756), semicolon_logit=12.0625 (prob=0.009594)
2026-03-09 11:29:48 - INFO - Prompt 63 generated token: ','
[icl_eval|INFO]Prompt 63 generated token: ','
2026-03-09 11:29:48 - INFO - Prompt 63: comma_logit=15.5625 (prob=0.324357), semicolon_logit=13.5625 (prob=0.043897)
[icl_eval|INFO]Prompt 63: comma_logit=15.5625 (prob=0.324357), semicolon_logit=13.5625 (prob=0.043897)
2026-03-09 11:29:48 - INFO - Prompt 64 generated token: ','
[icl_eval|INFO]Prompt 64 generated token: ','
2026-03-09 11:29:48 - INFO - Prompt 64: comma_logit=16.0000 (prob=0.364798), semicolon_logit=12.6250 (prob=0.012483)
[icl_eval|INFO]Prompt 64: comma_logit=16.0000 (prob=0.364798), semicolon_logit=12.6250 (prob=0.012483)
2026-03-09 11:29:48 - INFO - Prompt 65 generated token: ','
[icl_eval|INFO]Prompt 65 generated token: ','
2026-03-09 11:29:48 - INFO - Prompt 65: comma_logit=15.2500 (prob=0.181039), semicolon_logit=13.3750 (prob=0.027763)
[icl_eval|INFO]Prompt 65: comma_logit=15.2500 (prob=0.181039), semicolon_logit=13.3750 (prob=0.027763)
2026-03-09 11:29:49 - INFO - Prompt 66 generated token: ','
[icl_eval|INFO]Prompt 66 generated token: ','
2026-03-09 11:29:49 - INFO - Prompt 66: comma_logit=15.6250 (prob=0.243623), semicolon_logit=12.7500 (prob=0.013744)
[icl_eval|INFO]Prompt 66: comma_logit=15.6250 (prob=0.243623), semicolon_logit=12.7500 (prob=0.013744)
2026-03-09 11:29:49 - INFO - Prompt 67 generated token: ','
[icl_eval|INFO]Prompt 67 generated token: ','
2026-03-09 11:29:49 - INFO - Prompt 67: comma_logit=15.7500 (prob=0.357364), semicolon_logit=12.6875 (prob=0.016714)
[icl_eval|INFO]Prompt 67: comma_logit=15.7500 (prob=0.357364), semicolon_logit=12.6875 (prob=0.016714)
2026-03-09 11:29:49 - INFO - Prompt 68 generated token: ','
[icl_eval|INFO]Prompt 68 generated token: ','
2026-03-09 11:29:49 - INFO - Prompt 68: comma_logit=15.0625 (prob=0.228218), semicolon_logit=13.3125 (prob=0.039658)
[icl_eval|INFO]Prompt 68: comma_logit=15.0625 (prob=0.228218), semicolon_logit=13.3125 (prob=0.039658)
2026-03-09 11:29:49 - INFO - Prompt 69 generated token: ','
[icl_eval|INFO]Prompt 69 generated token: ','
2026-03-09 11:29:49 - INFO - Prompt 69: comma_logit=15.9375 (prob=0.314486), semicolon_logit=12.0625 (prob=0.006527)
[icl_eval|INFO]Prompt 69: comma_logit=15.9375 (prob=0.314486), semicolon_logit=12.0625 (prob=0.006527)
2026-03-09 11:29:49 - INFO - Prompt 70 generated token: ','
[icl_eval|INFO]Prompt 70 generated token: ','
2026-03-09 11:29:49 - INFO - Prompt 70: comma_logit=14.9375 (prob=0.192143), semicolon_logit=13.0625 (prob=0.029466)
[icl_eval|INFO]Prompt 70: comma_logit=14.9375 (prob=0.192143), semicolon_logit=13.0625 (prob=0.029466)
2026-03-09 11:29:49 - INFO - Prompt 71 generated token: ','
[icl_eval|INFO]Prompt 71 generated token: ','
2026-03-09 11:29:49 - INFO - Prompt 71: comma_logit=16.2500 (prob=0.388613), semicolon_logit=12.0000 (prob=0.005543)
[icl_eval|INFO]Prompt 71: comma_logit=16.2500 (prob=0.388613), semicolon_logit=12.0000 (prob=0.005543)
2026-03-09 11:29:49 - INFO - Prompt 72 generated token: ','
[icl_eval|INFO]Prompt 72 generated token: ','
2026-03-09 11:29:50 - INFO - Prompt 72: comma_logit=16.6250 (prob=0.491096), semicolon_logit=12.1250 (prob=0.005456)
[icl_eval|INFO]Prompt 72: comma_logit=16.6250 (prob=0.491096), semicolon_logit=12.1250 (prob=0.005456)
2026-03-09 11:29:50 - INFO - Prompt 73 generated token: ','
[icl_eval|INFO]Prompt 73 generated token: ','
2026-03-09 11:29:50 - INFO - Prompt 73: comma_logit=16.7500 (prob=0.453353), semicolon_logit=11.1875 (prob=0.001740)
[icl_eval|INFO]Prompt 73: comma_logit=16.7500 (prob=0.453353), semicolon_logit=11.1875 (prob=0.001740)
2026-03-09 11:29:50 - INFO - Prompt 74 generated token: ','
[icl_eval|INFO]Prompt 74 generated token: ','
2026-03-09 11:29:50 - INFO - Prompt 74: comma_logit=16.3750 (prob=0.355879), semicolon_logit=12.1875 (prob=0.005404)
[icl_eval|INFO]Prompt 74: comma_logit=16.3750 (prob=0.355879), semicolon_logit=12.1875 (prob=0.005404)
2026-03-09 11:29:50 - INFO - Prompt 75 generated token: ','
[icl_eval|INFO]Prompt 75 generated token: ','
2026-03-09 11:29:50 - INFO - Prompt 75: comma_logit=15.7500 (prob=0.291468), semicolon_logit=12.8125 (prob=0.015447)
[icl_eval|INFO]Prompt 75: comma_logit=15.7500 (prob=0.291468), semicolon_logit=12.8125 (prob=0.015447)
2026-03-09 11:29:50 - INFO - Prompt 76 generated token: ','
[icl_eval|INFO]Prompt 76 generated token: ','
2026-03-09 11:29:50 - INFO - Prompt 76: comma_logit=15.8750 (prob=0.319568), semicolon_logit=11.0625 (prob=0.002597)
[icl_eval|INFO]Prompt 76: comma_logit=15.8750 (prob=0.319568), semicolon_logit=11.0625 (prob=0.002597)
2026-03-09 11:29:50 - INFO - Prompt 77 generated token: ','
[icl_eval|INFO]Prompt 77 generated token: ','
2026-03-09 11:29:50 - INFO - Prompt 77: comma_logit=16.1250 (prob=0.378148), semicolon_logit=12.1875 (prob=0.007373)
[icl_eval|INFO]Prompt 77: comma_logit=16.1250 (prob=0.378148), semicolon_logit=12.1875 (prob=0.007373)
2026-03-09 11:29:50 - INFO - Prompt 78 generated token: ','
[icl_eval|INFO]Prompt 78 generated token: ','
2026-03-09 11:29:50 - INFO - Prompt 78: comma_logit=16.1250 (prob=0.416698), semicolon_logit=13.0625 (prob=0.019489)
[icl_eval|INFO]Prompt 78: comma_logit=16.1250 (prob=0.416698), semicolon_logit=13.0625 (prob=0.019489)
2026-03-09 11:29:51 - INFO - Prompt 79 generated token: '.

'
[icl_eval|INFO]Prompt 79 generated token: '.

'
2026-03-09 11:29:51 - INFO - Prompt 79: comma_logit=14.8750 (prob=0.172947), semicolon_logit=13.9375 (prob=0.067727)
[icl_eval|INFO]Prompt 79: comma_logit=14.8750 (prob=0.172947), semicolon_logit=13.9375 (prob=0.067727)
2026-03-09 11:29:51 - INFO - Prompt 80 generated token: ','
[icl_eval|INFO]Prompt 80 generated token: ','
2026-03-09 11:29:51 - INFO - Prompt 80: comma_logit=16.2500 (prob=0.433521), semicolon_logit=11.6875 (prob=0.004524)
[icl_eval|INFO]Prompt 80: comma_logit=16.2500 (prob=0.433521), semicolon_logit=11.6875 (prob=0.004524)
2026-03-09 11:29:51 - INFO - Prompt 81 generated token: ','
[icl_eval|INFO]Prompt 81 generated token: ','
2026-03-09 11:29:51 - INFO - Prompt 81: comma_logit=17.0000 (prob=0.472091), semicolon_logit=11.8750 (prob=0.002807)
[icl_eval|INFO]Prompt 81: comma_logit=17.0000 (prob=0.472091), semicolon_logit=11.8750 (prob=0.002807)
2026-03-09 11:29:51 - INFO - Prompt 82 generated token: ','
[icl_eval|INFO]Prompt 82 generated token: ','
2026-03-09 11:29:51 - INFO - Prompt 82: comma_logit=14.6250 (prob=0.196244), semicolon_logit=12.3750 (prob=0.020684)
[icl_eval|INFO]Prompt 82: comma_logit=14.6250 (prob=0.196244), semicolon_logit=12.3750 (prob=0.020684)
2026-03-09 11:29:51 - INFO - Prompt 83 generated token: ','
[icl_eval|INFO]Prompt 83 generated token: ','
2026-03-09 11:29:51 - INFO - Prompt 83: comma_logit=17.0000 (prob=0.539924), semicolon_logit=12.5625 (prob=0.006385)
[icl_eval|INFO]Prompt 83: comma_logit=17.0000 (prob=0.539924), semicolon_logit=12.5625 (prob=0.006385)
2026-03-09 11:29:51 - INFO - Prompt 84 generated token: ','
[icl_eval|INFO]Prompt 84 generated token: ','
2026-03-09 11:29:51 - INFO - Prompt 84: comma_logit=16.1250 (prob=0.344575), semicolon_logit=12.0625 (prob=0.005929)
[icl_eval|INFO]Prompt 84: comma_logit=16.1250 (prob=0.344575), semicolon_logit=12.0625 (prob=0.005929)
2026-03-09 11:29:52 - INFO - Prompt 85 generated token: ','
[icl_eval|INFO]Prompt 85 generated token: ','
2026-03-09 11:29:52 - INFO - Prompt 85: comma_logit=16.5000 (prob=0.408627), semicolon_logit=12.3125 (prob=0.006205)
[icl_eval|INFO]Prompt 85: comma_logit=16.5000 (prob=0.408627), semicolon_logit=12.3125 (prob=0.006205)
2026-03-09 11:29:52 - INFO - Prompt 86 generated token: ','
[icl_eval|INFO]Prompt 86 generated token: ','
2026-03-09 11:29:52 - INFO - Prompt 86: comma_logit=16.6250 (prob=0.403676), semicolon_logit=11.0000 (prob=0.001456)
[icl_eval|INFO]Prompt 86: comma_logit=16.6250 (prob=0.403676), semicolon_logit=11.0000 (prob=0.001456)
2026-03-09 11:29:52 - INFO - Prompt 87 generated token: ','
[icl_eval|INFO]Prompt 87 generated token: ','
2026-03-09 11:29:52 - INFO - Prompt 87: comma_logit=15.0625 (prob=0.207479), semicolon_logit=11.5000 (prob=0.005886)
[icl_eval|INFO]Prompt 87: comma_logit=15.0625 (prob=0.207479), semicolon_logit=11.5000 (prob=0.005886)
2026-03-09 11:29:52 - INFO - Prompt 88 generated token: ','
[icl_eval|INFO]Prompt 88 generated token: ','
2026-03-09 11:29:52 - INFO - Prompt 88: comma_logit=16.7500 (prob=0.481762), semicolon_logit=12.1250 (prob=0.004723)
[icl_eval|INFO]Prompt 88: comma_logit=16.7500 (prob=0.481762), semicolon_logit=12.1250 (prob=0.004723)
2026-03-09 11:29:52 - INFO - Prompt 89 generated token: '.

'
[icl_eval|INFO]Prompt 89 generated token: '.

'
2026-03-09 11:29:52 - INFO - Prompt 89: comma_logit=14.6875 (prob=0.154413), semicolon_logit=11.8750 (prob=0.009273)
[icl_eval|INFO]Prompt 89: comma_logit=14.6875 (prob=0.154413), semicolon_logit=11.8750 (prob=0.009273)
2026-03-09 11:29:52 - INFO - Prompt 90 generated token: ','
[icl_eval|INFO]Prompt 90 generated token: ','
2026-03-09 11:29:52 - INFO - Prompt 90: comma_logit=16.3750 (prob=0.413902), semicolon_logit=12.4375 (prob=0.008070)
[icl_eval|INFO]Prompt 90: comma_logit=16.3750 (prob=0.413902), semicolon_logit=12.4375 (prob=0.008070)
2026-03-09 11:29:53 - INFO - Prompt 91 generated token: ','
[icl_eval|INFO]Prompt 91 generated token: ','
2026-03-09 11:29:53 - INFO - Prompt 91: comma_logit=15.4375 (prob=0.257787), semicolon_logit=12.6250 (prob=0.015481)
[icl_eval|INFO]Prompt 91: comma_logit=15.4375 (prob=0.257787), semicolon_logit=12.6250 (prob=0.015481)
2026-03-09 11:29:53 - INFO - Prompt 92 generated token: ','
[icl_eval|INFO]Prompt 92 generated token: ','
2026-03-09 11:29:53 - INFO - Prompt 92: comma_logit=14.8750 (prob=0.187561), semicolon_logit=12.8750 (prob=0.025384)
[icl_eval|INFO]Prompt 92: comma_logit=14.8750 (prob=0.187561), semicolon_logit=12.8750 (prob=0.025384)
2026-03-09 11:29:53 - INFO - Prompt 93 generated token: ','
[icl_eval|INFO]Prompt 93 generated token: ','
2026-03-09 11:29:53 - INFO - Prompt 93: comma_logit=15.3125 (prob=0.262071), semicolon_logit=12.2500 (prob=0.012257)
[icl_eval|INFO]Prompt 93: comma_logit=15.3125 (prob=0.262071), semicolon_logit=12.2500 (prob=0.012257)
2026-03-09 11:29:53 - INFO - Prompt 94 generated token: ','
[icl_eval|INFO]Prompt 94 generated token: ','
2026-03-09 11:29:53 - INFO - Prompt 94: comma_logit=16.6250 (prob=0.468781), semicolon_logit=12.1875 (prob=0.005544)
[icl_eval|INFO]Prompt 94: comma_logit=16.6250 (prob=0.468781), semicolon_logit=12.1875 (prob=0.005544)
2026-03-09 11:29:53 - INFO - Prompt 95 generated token: ','
[icl_eval|INFO]Prompt 95 generated token: ','
2026-03-09 11:29:53 - INFO - Prompt 95: comma_logit=16.3750 (prob=0.327202), semicolon_logit=11.0000 (prob=0.001515)
[icl_eval|INFO]Prompt 95: comma_logit=16.3750 (prob=0.327202), semicolon_logit=11.0000 (prob=0.001515)
2026-03-09 11:29:53 - INFO - Prompt 96 generated token: ','
[icl_eval|INFO]Prompt 96 generated token: ','
2026-03-09 11:29:53 - INFO - Prompt 96: comma_logit=16.2500 (prob=0.381114), semicolon_logit=12.2500 (prob=0.006980)
[icl_eval|INFO]Prompt 96: comma_logit=16.2500 (prob=0.381114), semicolon_logit=12.2500 (prob=0.006980)
2026-03-09 11:29:54 - INFO - Prompt 97 generated token: ','
[icl_eval|INFO]Prompt 97 generated token: ','
2026-03-09 11:29:54 - INFO - Prompt 97: comma_logit=15.3750 (prob=0.232643), semicolon_logit=12.3125 (prob=0.010881)
[icl_eval|INFO]Prompt 97: comma_logit=15.3750 (prob=0.232643), semicolon_logit=12.3125 (prob=0.010881)
2026-03-09 11:29:54 - INFO - Prompt 98 generated token: ','
[icl_eval|INFO]Prompt 98 generated token: ','
2026-03-09 11:29:54 - INFO - Prompt 98: comma_logit=15.5625 (prob=0.248504), semicolon_logit=13.1250 (prob=0.021714)
[icl_eval|INFO]Prompt 98: comma_logit=15.5625 (prob=0.248504), semicolon_logit=13.1250 (prob=0.021714)
2026-03-09 11:29:54 - INFO - Prompt 99 generated token: ','
[icl_eval|INFO]Prompt 99 generated token: ','
2026-03-09 11:29:54 - INFO - Prompt 99: comma_logit=15.3125 (prob=0.248106), semicolon_logit=12.7500 (prob=0.019132)
[icl_eval|INFO]Prompt 99: comma_logit=15.3125 (prob=0.248106), semicolon_logit=12.7500 (prob=0.019132)
2026-03-09 11:29:54 - INFO - Overall: mean_comma_logit=15.8725 (prob=0.321729), mean_semicolon_logit=12.1769 (prob=0.011170), comma_preferred=100/100, semicolon_preferred=0/100
[icl_eval|INFO]Overall: mean_comma_logit=15.8725 (prob=0.321729), mean_semicolon_logit=12.1769 (prob=0.011170), comma_preferred=100/100, semicolon_preferred=0/100
2026-03-09 11:29:54 - INFO - Results saved to: /workspace/spar-team-recon/projects/ip/results/exp_5/arm_5/icl=6/judgements/comma_vs_semicolon_toy.jsonl
[icl_eval|INFO]Results saved to: /workspace/spar-team-recon/projects/ip/results/exp_5/arm_5/icl=6/judgements/comma_vs_semicolon_toy.jsonl
2026-03-09 11:29:54 - INFO - Results saved to /workspace/spar-team-recon/projects/ip/results/exp_5/arm_5/icl=6/judgements/comma_vs_semicolon_toy.jsonl
[icl_eval|INFO]Results saved to /workspace/spar-team-recon/projects/ip/results/exp_5/arm_5/icl=6/judgements/comma_vs_semicolon_toy.jsonl
2026-03-09 11:29:54 - INFO - ============================================================
[icl_eval|INFO]============================================================
2026-03-09 11:29:54 - INFO - Processing prompts_icl=8.jsonl (icl=8)
[icl_eval|INFO]Processing prompts_icl=8.jsonl (icl=8)
2026-03-09 11:29:54 - INFO - ============================================================
[icl_eval|INFO]============================================================
2026-03-09 11:29:54 - INFO - Loading test data from: /workspace/spar-team-recon/projects/ip/data/evals/comma_vs_semicolon_toy/icl_ip/exp_5_arm_5_ICL_IP_comma/prompts_icl=8.jsonl
[icl_eval|INFO]Loading test data from: /workspace/spar-team-recon/projects/ip/data/evals/comma_vs_semicolon_toy/icl_ip/exp_5_arm_5_ICL_IP_comma/prompts_icl=8.jsonl
2026-03-09 11:29:54 - INFO - Loaded 100 test prompts
[icl_eval|INFO]Loaded 100 test prompts
2026-03-09 11:29:54 - INFO - 100 prompts loaded
[icl_eval|INFO]100 prompts loaded
2026-03-09 11:30:13 - INFO - Rollouts done in 18.6s
[icl_eval|INFO]Rollouts done in 18.6s
2026-03-09 11:30:13 - INFO - Comma ',' tokenizes to IDs: [1044]
[icl_eval|INFO]Comma ',' tokenizes to IDs: [1044]
2026-03-09 11:30:13 - INFO - Semicolon ';' tokenizes to IDs: [1059]
[icl_eval|INFO]Semicolon ';' tokenizes to IDs: [1059]
2026-03-09 11:30:13 - INFO - Using comma_id=1044 (','), semicolon_id=1059 (';')
[icl_eval|INFO]Using comma_id=1044 (','), semicolon_id=1059 (';')
2026-03-09 11:30:13 - INFO - Processing 100 prompts
[icl_eval|INFO]Processing 100 prompts
2026-03-09 11:30:13 - INFO - Prompt 0 generated token: ','
[icl_eval|INFO]Prompt 0 generated token: ','
2026-03-09 11:30:13 - INFO - Prompt 0: comma_logit=16.6250 (prob=0.408552), semicolon_logit=10.8125 (prob=0.001222)
[icl_eval|INFO]Prompt 0: comma_logit=16.6250 (prob=0.408552), semicolon_logit=10.8125 (prob=0.001222)
2026-03-09 11:30:13 - INFO - Prompt 1 generated token: '.

'
[icl_eval|INFO]Prompt 1 generated token: '.

'
2026-03-09 11:30:13 - INFO - Prompt 1: comma_logit=14.8125 (prob=0.150857), semicolon_logit=13.5625 (prob=0.043221)
[icl_eval|INFO]Prompt 1: comma_logit=14.8125 (prob=0.150857), semicolon_logit=13.5625 (prob=0.043221)
2026-03-09 11:30:13 - INFO - Prompt 2 generated token: ','
[icl_eval|INFO]Prompt 2 generated token: ','
2026-03-09 11:30:13 - INFO - Prompt 2: comma_logit=14.7500 (prob=0.205713), semicolon_logit=11.6875 (prob=0.009621)
[icl_eval|INFO]Prompt 2: comma_logit=14.7500 (prob=0.205713), semicolon_logit=11.6875 (prob=0.009621)
2026-03-09 11:30:13 - INFO - Prompt 3 generated token: '.

'
[icl_eval|INFO]Prompt 3 generated token: '.

'
2026-03-09 11:30:13 - INFO - Prompt 3: comma_logit=14.0625 (prob=0.112383), semicolon_logit=13.1250 (prob=0.044010)
[icl_eval|INFO]Prompt 3: comma_logit=14.0625 (prob=0.112383), semicolon_logit=13.1250 (prob=0.044010)
2026-03-09 11:30:13 - INFO - Prompt 4 generated token: ','
[icl_eval|INFO]Prompt 4 generated token: ','
2026-03-09 11:30:13 - INFO - Prompt 4: comma_logit=15.8750 (prob=0.330957), semicolon_logit=11.9375 (prob=0.006453)
[icl_eval|INFO]Prompt 4: comma_logit=15.8750 (prob=0.330957), semicolon_logit=11.9375 (prob=0.006453)
2026-03-09 11:30:14 - INFO - Prompt 5 generated token: ','
[icl_eval|INFO]Prompt 5 generated token: ','
2026-03-09 11:30:14 - INFO - Prompt 5: comma_logit=16.5000 (prob=0.377654), semicolon_logit=12.2500 (prob=0.005387)
[icl_eval|INFO]Prompt 5: comma_logit=16.5000 (prob=0.377654), semicolon_logit=12.2500 (prob=0.005387)
2026-03-09 11:30:14 - INFO - Prompt 6 generated token: ','
[icl_eval|INFO]Prompt 6 generated token: ','
2026-03-09 11:30:14 - INFO - Prompt 6: comma_logit=15.9375 (prob=0.282197), semicolon_logit=10.6875 (prob=0.001481)
[icl_eval|INFO]Prompt 6: comma_logit=15.9375 (prob=0.282197), semicolon_logit=10.6875 (prob=0.001481)
2026-03-09 11:30:14 - INFO - Prompt 7 generated token: ','
[icl_eval|INFO]Prompt 7 generated token: ','
2026-03-09 11:30:14 - INFO - Prompt 7: comma_logit=16.2500 (prob=0.346949), semicolon_logit=10.5625 (prob=0.001175)
[icl_eval|INFO]Prompt 7: comma_logit=16.2500 (prob=0.346949), semicolon_logit=10.5625 (prob=0.001175)
2026-03-09 11:30:14 - INFO - Prompt 8 generated token: ','
[icl_eval|INFO]Prompt 8 generated token: ','
2026-03-09 11:30:14 - INFO - Prompt 8: comma_logit=16.5000 (prob=0.376539), semicolon_logit=11.3750 (prob=0.002239)
[icl_eval|INFO]Prompt 8: comma_logit=16.5000 (prob=0.376539), semicolon_logit=11.3750 (prob=0.002239)
2026-03-09 11:30:14 - INFO - Prompt 9 generated token: ','
[icl_eval|INFO]Prompt 9 generated token: ','
2026-03-09 11:30:14 - INFO - Prompt 9: comma_logit=16.0000 (prob=0.310779), semicolon_logit=12.0625 (prob=0.006059)
[icl_eval|INFO]Prompt 9: comma_logit=16.0000 (prob=0.310779), semicolon_logit=12.0625 (prob=0.006059)
2026-03-09 11:30:15 - INFO - Prompt 10 generated token: ','
[icl_eval|INFO]Prompt 10 generated token: ','
2026-03-09 11:30:15 - INFO - Prompt 10: comma_logit=16.2500 (prob=0.353222), semicolon_logit=12.5000 (prob=0.008307)
[icl_eval|INFO]Prompt 10: comma_logit=16.2500 (prob=0.353222), semicolon_logit=12.5000 (prob=0.008307)
2026-03-09 11:30:15 - INFO - Prompt 11 generated token: ','
[icl_eval|INFO]Prompt 11 generated token: ','
2026-03-09 11:30:15 - INFO - Prompt 11: comma_logit=16.1250 (prob=0.353551), semicolon_logit=11.1875 (prob=0.002536)
[icl_eval|INFO]Prompt 11: comma_logit=16.1250 (prob=0.353551), semicolon_logit=11.1875 (prob=0.002536)
2026-03-09 11:30:15 - INFO - Prompt 12 generated token: ','
[icl_eval|INFO]Prompt 12 generated token: ','
2026-03-09 11:30:15 - INFO - Prompt 12: comma_logit=15.1250 (prob=0.178784), semicolon_logit=13.1250 (prob=0.024196)
[icl_eval|INFO]Prompt 12: comma_logit=15.1250 (prob=0.178784), semicolon_logit=13.1250 (prob=0.024196)
2026-03-09 11:30:15 - INFO - Prompt 13 generated token: ','
[icl_eval|INFO]Prompt 13 generated token: ','
2026-03-09 11:30:15 - INFO - Prompt 13: comma_logit=15.1250 (prob=0.186043), semicolon_logit=11.6875 (prob=0.005980)
[icl_eval|INFO]Prompt 13: comma_logit=15.1250 (prob=0.186043), semicolon_logit=11.6875 (prob=0.005980)
2026-03-09 11:30:15 - INFO - Prompt 14 generated token: '.

'
[icl_eval|INFO]Prompt 14 generated token: '.

'
2026-03-09 11:30:15 - INFO - Prompt 14: comma_logit=15.3125 (prob=0.170640), semicolon_logit=12.1250 (prob=0.007043)
[icl_eval|INFO]Prompt 14: comma_logit=15.3125 (prob=0.170640), semicolon_logit=12.1250 (prob=0.007043)
2026-03-09 11:30:16 - INFO - Prompt 15 generated token: ','
[icl_eval|INFO]Prompt 15 generated token: ','
2026-03-09 11:30:16 - INFO - Prompt 15: comma_logit=15.6250 (prob=0.254185), semicolon_logit=11.5000 (prob=0.004109)
[icl_eval|INFO]Prompt 15: comma_logit=15.6250 (prob=0.254185), semicolon_logit=11.5000 (prob=0.004109)
2026-03-09 11:30:16 - INFO - Prompt 16 generated token: ','
[icl_eval|INFO]Prompt 16 generated token: ','
2026-03-09 11:30:16 - INFO - Prompt 16: comma_logit=15.5625 (prob=0.262528), semicolon_logit=11.7500 (prob=0.005800)
[icl_eval|INFO]Prompt 16: comma_logit=15.5625 (prob=0.262528), semicolon_logit=11.7500 (prob=0.005800)
2026-03-09 11:30:16 - INFO - Prompt 17 generated token: ','
[icl_eval|INFO]Prompt 17 generated token: ','
2026-03-09 11:30:16 - INFO - Prompt 17: comma_logit=17.1250 (prob=0.481184), semicolon_logit=11.6875 (prob=0.002093)
[icl_eval|INFO]Prompt 17: comma_logit=17.1250 (prob=0.481184), semicolon_logit=11.6875 (prob=0.002093)
2026-03-09 11:30:16 - INFO - Prompt 18 generated token: ','
[icl_eval|INFO]Prompt 18 generated token: ','
2026-03-09 11:30:16 - INFO - Prompt 18: comma_logit=15.5625 (prob=0.206495), semicolon_logit=11.6875 (prob=0.004286)
[icl_eval|INFO]Prompt 18: comma_logit=15.5625 (prob=0.206495), semicolon_logit=11.6875 (prob=0.004286)
2026-03-09 11:30:16 - INFO - Prompt 19 generated token: ','
[icl_eval|INFO]Prompt 19 generated token: ','
2026-03-09 11:30:16 - INFO - Prompt 19: comma_logit=17.0000 (prob=0.467741), semicolon_logit=11.9375 (prob=0.002961)
[icl_eval|INFO]Prompt 19: comma_logit=17.0000 (prob=0.467741), semicolon_logit=11.9375 (prob=0.002961)
2026-03-09 11:30:16 - INFO - Prompt 20 generated token: ','
[icl_eval|INFO]Prompt 20 generated token: ','
2026-03-09 11:30:16 - INFO - Prompt 20: comma_logit=16.0000 (prob=0.242511), semicolon_logit=13.1250 (prob=0.013682)
[icl_eval|INFO]Prompt 20: comma_logit=16.0000 (prob=0.242511), semicolon_logit=13.1250 (prob=0.013682)
2026-03-09 11:30:17 - INFO - Prompt 21 generated token: ','
[icl_eval|INFO]Prompt 21 generated token: ','
2026-03-09 11:30:17 - INFO - Prompt 21: comma_logit=15.5625 (prob=0.322808), semicolon_logit=12.1250 (prob=0.010377)
[icl_eval|INFO]Prompt 21: comma_logit=15.5625 (prob=0.322808), semicolon_logit=12.1250 (prob=0.010377)
2026-03-09 11:30:17 - INFO - Prompt 22 generated token: ','
[icl_eval|INFO]Prompt 22 generated token: ','
2026-03-09 11:30:17 - INFO - Prompt 22: comma_logit=16.6250 (prob=0.423122), semicolon_logit=11.8125 (prob=0.003439)
[icl_eval|INFO]Prompt 22: comma_logit=16.6250 (prob=0.423122), semicolon_logit=11.8125 (prob=0.003439)
2026-03-09 11:30:17 - INFO - Prompt 23 generated token: ','
[icl_eval|INFO]Prompt 23 generated token: ','
2026-03-09 11:30:17 - INFO - Prompt 23: comma_logit=15.6875 (prob=0.271632), semicolon_logit=13.0625 (prob=0.019677)
[icl_eval|INFO]Prompt 23: comma_logit=15.6875 (prob=0.271632), semicolon_logit=13.0625 (prob=0.019677)
2026-03-09 11:30:17 - INFO - Prompt 24 generated token: ','
[icl_eval|INFO]Prompt 24 generated token: ','
2026-03-09 11:30:17 - INFO - Prompt 24: comma_logit=16.2500 (prob=0.377065), semicolon_logit=12.1250 (prob=0.006095)
[icl_eval|INFO]Prompt 24: comma_logit=16.2500 (prob=0.377065), semicolon_logit=12.1250 (prob=0.006095)
2026-03-09 11:30:17 - INFO - Prompt 25 generated token: ','
[icl_eval|INFO]Prompt 25 generated token: ','
2026-03-09 11:30:17 - INFO - Prompt 25: comma_logit=16.7500 (prob=0.455927), semicolon_logit=11.9375 (prob=0.003706)
[icl_eval|INFO]Prompt 25: comma_logit=16.7500 (prob=0.455927), semicolon_logit=11.9375 (prob=0.003706)
2026-03-09 11:30:18 - INFO - Prompt 26 generated token: ','
[icl_eval|INFO]Prompt 26 generated token: ','
2026-03-09 11:30:18 - INFO - Prompt 26: comma_logit=16.1250 (prob=0.379974), semicolon_logit=11.5000 (prob=0.003725)
[icl_eval|INFO]Prompt 26: comma_logit=16.1250 (prob=0.379974), semicolon_logit=11.5000 (prob=0.003725)
2026-03-09 11:30:18 - INFO - Prompt 27 generated token: ','
[icl_eval|INFO]Prompt 27 generated token: ','
2026-03-09 11:30:18 - INFO - Prompt 27: comma_logit=15.3750 (prob=0.288339), semicolon_logit=10.0625 (prob=0.001421)
[icl_eval|INFO]Prompt 27: comma_logit=15.3750 (prob=0.288339), semicolon_logit=10.0625 (prob=0.001421)
2026-03-09 11:30:18 - INFO - Prompt 28 generated token: ','
[icl_eval|INFO]Prompt 28 generated token: ','
2026-03-09 11:30:18 - INFO - Prompt 28: comma_logit=16.2500 (prob=0.340379), semicolon_logit=11.7500 (prob=0.003781)
[icl_eval|INFO]Prompt 28: comma_logit=16.2500 (prob=0.340379), semicolon_logit=11.7500 (prob=0.003781)
2026-03-09 11:30:18 - INFO - Prompt 29 generated token: ','
[icl_eval|INFO]Prompt 29 generated token: ','
2026-03-09 11:30:18 - INFO - Prompt 29: comma_logit=16.5000 (prob=0.395705), semicolon_logit=12.1875 (prob=0.005302)
[icl_eval|INFO]Prompt 29: comma_logit=16.5000 (prob=0.395705), semicolon_logit=12.1875 (prob=0.005302)
2026-03-09 11:30:18 - INFO - Prompt 30 generated token: ','
[icl_eval|INFO]Prompt 30 generated token: ','
2026-03-09 11:30:18 - INFO - Prompt 30: comma_logit=16.1250 (prob=0.322674), semicolon_logit=12.8125 (prob=0.011753)
[icl_eval|INFO]Prompt 30: comma_logit=16.1250 (prob=0.322674), semicolon_logit=12.8125 (prob=0.011753)
2026-03-09 11:30:18 - INFO - Prompt 31 generated token: ','
[icl_eval|INFO]Prompt 31 generated token: ','
2026-03-09 11:30:18 - INFO - Prompt 31: comma_logit=15.1875 (prob=0.171439), semicolon_logit=11.4375 (prob=0.004032)
[icl_eval|INFO]Prompt 31: comma_logit=15.1875 (prob=0.171439), semicolon_logit=11.4375 (prob=0.004032)
2026-03-09 11:30:19 - INFO - Prompt 32 generated token: ','
[icl_eval|INFO]Prompt 32 generated token: ','
2026-03-09 11:30:19 - INFO - Prompt 32: comma_logit=16.0000 (prob=0.262813), semicolon_logit=12.1875 (prob=0.005806)
[icl_eval|INFO]Prompt 32: comma_logit=16.0000 (prob=0.262813), semicolon_logit=12.1875 (prob=0.005806)
2026-03-09 11:30:19 - INFO - Prompt 33 generated token: ','
[icl_eval|INFO]Prompt 33 generated token: ','
2026-03-09 11:30:19 - INFO - Prompt 33: comma_logit=16.5000 (prob=0.394347), semicolon_logit=12.1875 (prob=0.005284)
[icl_eval|INFO]Prompt 33: comma_logit=16.5000 (prob=0.394347), semicolon_logit=12.1875 (prob=0.005284)
2026-03-09 11:30:19 - INFO - Prompt 34 generated token: ','
[icl_eval|INFO]Prompt 34 generated token: ','
2026-03-09 11:30:19 - INFO - Prompt 34: comma_logit=16.5000 (prob=0.423073), semicolon_logit=12.8750 (prob=0.011275)
[icl_eval|INFO]Prompt 34: comma_logit=16.5000 (prob=0.423073), semicolon_logit=12.8750 (prob=0.011275)
2026-03-09 11:30:19 - INFO - Prompt 35 generated token: ','
[icl_eval|INFO]Prompt 35 generated token: ','
2026-03-09 11:30:19 - INFO - Prompt 35: comma_logit=15.3125 (prob=0.218402), semicolon_logit=13.0000 (prob=0.021625)
[icl_eval|INFO]Prompt 35: comma_logit=15.3125 (prob=0.218402), semicolon_logit=13.0000 (prob=0.021625)
2026-03-09 11:30:19 - INFO - Prompt 36 generated token: ','
[icl_eval|INFO]Prompt 36 generated token: ','
2026-03-09 11:30:19 - INFO - Prompt 36: comma_logit=16.0000 (prob=0.293522), semicolon_logit=12.0625 (prob=0.005723)
[icl_eval|INFO]Prompt 36: comma_logit=16.0000 (prob=0.293522), semicolon_logit=12.0625 (prob=0.005723)
2026-03-09 11:30:20 - INFO - Prompt 37 generated token: ','
[icl_eval|INFO]Prompt 37 generated token: ','
2026-03-09 11:30:20 - INFO - Prompt 37: comma_logit=16.8750 (prob=0.446186), semicolon_logit=11.6875 (prob=0.002492)
[icl_eval|INFO]Prompt 37: comma_logit=16.8750 (prob=0.446186), semicolon_logit=11.6875 (prob=0.002492)
2026-03-09 11:30:20 - INFO - Prompt 38 generated token: ','
[icl_eval|INFO]Prompt 38 generated token: ','
2026-03-09 11:30:20 - INFO - Prompt 38: comma_logit=15.9375 (prob=0.298507), semicolon_logit=13.5625 (prob=0.027766)
[icl_eval|INFO]Prompt 38: comma_logit=15.9375 (prob=0.298507), semicolon_logit=13.5625 (prob=0.027766)
2026-03-09 11:30:20 - INFO - Prompt 39 generated token: ','
[icl_eval|INFO]Prompt 39 generated token: ','
2026-03-09 11:30:20 - INFO - Prompt 39: comma_logit=16.5000 (prob=0.391363), semicolon_logit=11.5625 (prob=0.002807)
[icl_eval|INFO]Prompt 39: comma_logit=16.5000 (prob=0.391363), semicolon_logit=11.5625 (prob=0.002807)
2026-03-09 11:30:20 - INFO - Prompt 40 generated token: ','
[icl_eval|INFO]Prompt 40 generated token: ','
2026-03-09 11:30:20 - INFO - Prompt 40: comma_logit=15.8750 (prob=0.305903), semicolon_logit=11.9375 (prob=0.005964)
[icl_eval|INFO]Prompt 40: comma_logit=15.8750 (prob=0.305903), semicolon_logit=11.9375 (prob=0.005964)
2026-03-09 11:30:20 - INFO - Prompt 41 generated token: ','
[icl_eval|INFO]Prompt 41 generated token: ','
2026-03-09 11:30:20 - INFO - Prompt 41: comma_logit=16.3750 (prob=0.365074), semicolon_logit=11.0000 (prob=0.001691)
[icl_eval|INFO]Prompt 41: comma_logit=16.3750 (prob=0.365074), semicolon_logit=11.0000 (prob=0.001691)
2026-03-09 11:30:21 - INFO - Prompt 42 generated token: ','
[icl_eval|INFO]Prompt 42 generated token: ','
2026-03-09 11:30:21 - INFO - Prompt 42: comma_logit=17.2500 (prob=0.480109), semicolon_logit=12.1250 (prob=0.002855)
[icl_eval|INFO]Prompt 42: comma_logit=17.2500 (prob=0.480109), semicolon_logit=12.1250 (prob=0.002855)
2026-03-09 11:30:21 - INFO - Prompt 43 generated token: ','
[icl_eval|INFO]Prompt 43 generated token: ','
2026-03-09 11:30:21 - INFO - Prompt 43: comma_logit=16.0000 (prob=0.307229), semicolon_logit=11.2500 (prob=0.002658)
[icl_eval|INFO]Prompt 43: comma_logit=16.0000 (prob=0.307229), semicolon_logit=11.2500 (prob=0.002658)
2026-03-09 11:30:21 - INFO - Prompt 44 generated token: ','
[icl_eval|INFO]Prompt 44 generated token: ','
2026-03-09 11:30:21 - INFO - Prompt 44: comma_logit=16.1250 (prob=0.322424), semicolon_logit=12.1875 (prob=0.006286)
[icl_eval|INFO]Prompt 44: comma_logit=16.1250 (prob=0.322424), semicolon_logit=12.1875 (prob=0.006286)
2026-03-09 11:30:21 - INFO - Prompt 45 generated token: ','
[icl_eval|INFO]Prompt 45 generated token: ','
2026-03-09 11:30:21 - INFO - Prompt 45: comma_logit=16.5000 (prob=0.478130), semicolon_logit=11.6250 (prob=0.003651)
[icl_eval|INFO]Prompt 45: comma_logit=16.5000 (prob=0.478130), semicolon_logit=11.6250 (prob=0.003651)
2026-03-09 11:30:21 - INFO - Prompt 46 generated token: ','
[icl_eval|INFO]Prompt 46 generated token: ','
2026-03-09 11:30:21 - INFO - Prompt 46: comma_logit=16.2500 (prob=0.382396), semicolon_logit=10.9375 (prob=0.001885)
[icl_eval|INFO]Prompt 46: comma_logit=16.2500 (prob=0.382396), semicolon_logit=10.9375 (prob=0.001885)
2026-03-09 11:30:21 - INFO - Prompt 47 generated token: ','
[icl_eval|INFO]Prompt 47 generated token: ','
2026-03-09 11:30:21 - INFO - Prompt 47: comma_logit=15.6875 (prob=0.335005), semicolon_logit=10.3750 (prob=0.001651)
[icl_eval|INFO]Prompt 47: comma_logit=15.6875 (prob=0.335005), semicolon_logit=10.3750 (prob=0.001651)
2026-03-09 11:30:22 - INFO - Prompt 48 generated token: ','
[icl_eval|INFO]Prompt 48 generated token: ','
2026-03-09 11:30:22 - INFO - Prompt 48: comma_logit=15.6250 (prob=0.229588), semicolon_logit=12.0000 (prob=0.006118)
[icl_eval|INFO]Prompt 48: comma_logit=15.6250 (prob=0.229588), semicolon_logit=12.0000 (prob=0.006118)
2026-03-09 11:30:22 - INFO - Prompt 49 generated token: ','
[icl_eval|INFO]Prompt 49 generated token: ','
2026-03-09 11:30:22 - INFO - Prompt 49: comma_logit=15.1875 (prob=0.205113), semicolon_logit=12.6875 (prob=0.016837)
[icl_eval|INFO]Prompt 49: comma_logit=15.1875 (prob=0.205113), semicolon_logit=12.6875 (prob=0.016837)
2026-03-09 11:30:22 - INFO - Prompt 50 generated token: ','
[icl_eval|INFO]Prompt 50 generated token: ','
2026-03-09 11:30:22 - INFO - Prompt 50: comma_logit=16.1250 (prob=0.348874), semicolon_logit=11.0000 (prob=0.002074)
[icl_eval|INFO]Prompt 50: comma_logit=16.1250 (prob=0.348874), semicolon_logit=11.0000 (prob=0.002074)
2026-03-09 11:30:22 - INFO - Prompt 51 generated token: ','
[icl_eval|INFO]Prompt 51 generated token: ','
2026-03-09 11:30:22 - INFO - Prompt 51: comma_logit=16.2500 (prob=0.332096), semicolon_logit=11.0625 (prob=0.001855)
[icl_eval|INFO]Prompt 51: comma_logit=16.2500 (prob=0.332096), semicolon_logit=11.0625 (prob=0.001855)
2026-03-09 11:30:22 - INFO - Prompt 52 generated token: ','
[icl_eval|INFO]Prompt 52 generated token: ','
2026-03-09 11:30:22 - INFO - Prompt 52: comma_logit=16.3750 (prob=0.381934), semicolon_logit=10.8750 (prob=0.001561)
[icl_eval|INFO]Prompt 52: comma_logit=16.3750 (prob=0.381934), semicolon_logit=10.8750 (prob=0.001561)
2026-03-09 11:30:23 - INFO - Prompt 53 generated token: ','
[icl_eval|INFO]Prompt 53 generated token: ','
2026-03-09 11:30:23 - INFO - Prompt 53: comma_logit=16.6250 (prob=0.411925), semicolon_logit=11.3750 (prob=0.002162)
[icl_eval|INFO]Prompt 53: comma_logit=16.6250 (prob=0.411925), semicolon_logit=11.3750 (prob=0.002162)
2026-03-09 11:30:23 - INFO - Prompt 54 generated token: ','
[icl_eval|INFO]Prompt 54 generated token: ','
2026-03-09 11:30:23 - INFO - Prompt 54: comma_logit=16.2500 (prob=0.345517), semicolon_logit=12.5000 (prob=0.008126)
[icl_eval|INFO]Prompt 54: comma_logit=16.2500 (prob=0.345517), semicolon_logit=12.5000 (prob=0.008126)
2026-03-09 11:30:23 - INFO - Prompt 55 generated token: ','
[icl_eval|INFO]Prompt 55 generated token: ','
2026-03-09 11:30:23 - INFO - Prompt 55: comma_logit=15.6250 (prob=0.290094), semicolon_logit=12.1250 (prob=0.008760)
[icl_eval|INFO]Prompt 55: comma_logit=15.6250 (prob=0.290094), semicolon_logit=12.1250 (prob=0.008760)
2026-03-09 11:30:23 - INFO - Prompt 56 generated token: ','
[icl_eval|INFO]Prompt 56 generated token: ','
2026-03-09 11:30:23 - INFO - Prompt 56: comma_logit=16.6250 (prob=0.435985), semicolon_logit=11.2500 (prob=0.002019)
[icl_eval|INFO]Prompt 56: comma_logit=16.6250 (prob=0.435985), semicolon_logit=11.2500 (prob=0.002019)
2026-03-09 11:30:23 - INFO - Prompt 57 generated token: ','
[icl_eval|INFO]Prompt 57 generated token: ','
2026-03-09 11:30:23 - INFO - Prompt 57: comma_logit=16.7500 (prob=0.461929), semicolon_logit=11.8125 (prob=0.003313)
[icl_eval|INFO]Prompt 57: comma_logit=16.7500 (prob=0.461929), semicolon_logit=11.8125 (prob=0.003313)
2026-03-09 11:30:24 - INFO - Prompt 58 generated token: ','
[icl_eval|INFO]Prompt 58 generated token: ','
2026-03-09 11:30:24 - INFO - Prompt 58: comma_logit=16.3750 (prob=0.422390), semicolon_logit=11.6875 (prob=0.003890)
[icl_eval|INFO]Prompt 58: comma_logit=16.3750 (prob=0.422390), semicolon_logit=11.6875 (prob=0.003890)
2026-03-09 11:30:24 - INFO - Prompt 59 generated token: ','
[icl_eval|INFO]Prompt 59 generated token: ','
2026-03-09 11:30:24 - INFO - Prompt 59: comma_logit=16.2500 (prob=0.344045), semicolon_logit=11.3125 (prob=0.002468)
[icl_eval|INFO]Prompt 59: comma_logit=16.2500 (prob=0.344045), semicolon_logit=11.3125 (prob=0.002468)
2026-03-09 11:30:24 - INFO - Prompt 60 generated token: ','
[icl_eval|INFO]Prompt 60 generated token: ','
2026-03-09 11:30:24 - INFO - Prompt 60: comma_logit=16.7500 (prob=0.444483), semicolon_logit=12.3125 (prob=0.005256)
[icl_eval|INFO]Prompt 60: comma_logit=16.7500 (prob=0.444483), semicolon_logit=12.3125 (prob=0.005256)
2026-03-09 11:30:24 - INFO - Prompt 61 generated token: ','
[icl_eval|INFO]Prompt 61 generated token: ','
2026-03-09 11:30:24 - INFO - Prompt 61: comma_logit=16.2500 (prob=0.387299), semicolon_logit=10.6875 (prob=0.001487)
[icl_eval|INFO]Prompt 61: comma_logit=16.2500 (prob=0.387299), semicolon_logit=10.6875 (prob=0.001487)
2026-03-09 11:30:24 - INFO - Prompt 62 generated token: ','
[icl_eval|INFO]Prompt 62 generated token: ','
2026-03-09 11:30:24 - INFO - Prompt 62: comma_logit=16.1250 (prob=0.312474), semicolon_logit=11.5625 (prob=0.003261)
[icl_eval|INFO]Prompt 62: comma_logit=16.1250 (prob=0.312474), semicolon_logit=11.5625 (prob=0.003261)
2026-03-09 11:30:24 - INFO - Prompt 63 generated token: ','
[icl_eval|INFO]Prompt 63 generated token: ','
2026-03-09 11:30:24 - INFO - Prompt 63: comma_logit=16.0000 (prob=0.373209), semicolon_logit=13.0000 (prob=0.018581)
[icl_eval|INFO]Prompt 63: comma_logit=16.0000 (prob=0.373209), semicolon_logit=13.0000 (prob=0.018581)
2026-03-09 11:30:25 - INFO - Prompt 64 generated token: ','
[icl_eval|INFO]Prompt 64 generated token: ','
2026-03-09 11:30:25 - INFO - Prompt 64: comma_logit=15.9375 (prob=0.318260), semicolon_logit=12.1250 (prob=0.007031)
[icl_eval|INFO]Prompt 64: comma_logit=15.9375 (prob=0.318260), semicolon_logit=12.1250 (prob=0.007031)
2026-03-09 11:30:25 - INFO - Prompt 65 generated token: ','
[icl_eval|INFO]Prompt 65 generated token: ','
2026-03-09 11:30:25 - INFO - Prompt 65: comma_logit=16.0000 (prob=0.271543), semicolon_logit=11.4375 (prob=0.002834)
[icl_eval|INFO]Prompt 65: comma_logit=16.0000 (prob=0.271543), semicolon_logit=11.4375 (prob=0.002834)
2026-03-09 11:30:25 - INFO - Prompt 66 generated token: ','
[icl_eval|INFO]Prompt 66 generated token: ','
2026-03-09 11:30:25 - INFO - Prompt 66: comma_logit=16.0000 (prob=0.300457), semicolon_logit=12.8750 (prob=0.013201)
[icl_eval|INFO]Prompt 66: comma_logit=16.0000 (prob=0.300457), semicolon_logit=12.8750 (prob=0.013201)
2026-03-09 11:30:25 - INFO - Prompt 67 generated token: ','
[icl_eval|INFO]Prompt 67 generated token: ','
2026-03-09 11:30:25 - INFO - Prompt 67: comma_logit=16.5000 (prob=0.461267), semicolon_logit=11.8125 (prob=0.004248)
[icl_eval|INFO]Prompt 67: comma_logit=16.5000 (prob=0.461267), semicolon_logit=11.8125 (prob=0.004248)
2026-03-09 11:30:25 - INFO - Prompt 68 generated token: ','
[icl_eval|INFO]Prompt 68 generated token: ','
2026-03-09 11:30:25 - INFO - Prompt 68: comma_logit=16.2500 (prob=0.372500), semicolon_logit=12.0000 (prob=0.005313)
[icl_eval|INFO]Prompt 68: comma_logit=16.2500 (prob=0.372500), semicolon_logit=12.0000 (prob=0.005313)
2026-03-09 11:30:26 - INFO - Prompt 69 generated token: ','
[icl_eval|INFO]Prompt 69 generated token: ','
2026-03-09 11:30:26 - INFO - Prompt 69: comma_logit=16.8750 (prob=0.451259), semicolon_logit=11.1875 (prob=0.001529)
[icl_eval|INFO]Prompt 69: comma_logit=16.8750 (prob=0.451259), semicolon_logit=11.1875 (prob=0.001529)
2026-03-09 11:30:26 - INFO - Prompt 70 generated token: ','
[icl_eval|INFO]Prompt 70 generated token: ','
2026-03-09 11:30:26 - INFO - Prompt 70: comma_logit=15.8125 (prob=0.298796), semicolon_logit=11.8750 (prob=0.005826)
[icl_eval|INFO]Prompt 70: comma_logit=15.8125 (prob=0.298796), semicolon_logit=11.8750 (prob=0.005826)
2026-03-09 11:30:26 - INFO - Prompt 71 generated token: ','
[icl_eval|INFO]Prompt 71 generated token: ','
2026-03-09 11:30:26 - INFO - Prompt 71: comma_logit=16.6250 (prob=0.408770), semicolon_logit=11.6875 (prob=0.002932)
[icl_eval|INFO]Prompt 71: comma_logit=16.6250 (prob=0.408770), semicolon_logit=11.6875 (prob=0.002932)
2026-03-09 11:30:26 - INFO - Prompt 72 generated token: ','
[icl_eval|INFO]Prompt 72 generated token: ','
2026-03-09 11:30:26 - INFO - Prompt 72: comma_logit=16.2500 (prob=0.374574), semicolon_logit=11.7500 (prob=0.004161)
[icl_eval|INFO]Prompt 72: comma_logit=16.2500 (prob=0.374574), semicolon_logit=11.7500 (prob=0.004161)
2026-03-09 11:30:26 - INFO - Prompt 73 generated token: ','
[icl_eval|INFO]Prompt 73 generated token: ','
2026-03-09 11:30:26 - INFO - Prompt 73: comma_logit=16.5000 (prob=0.361138), semicolon_logit=11.5625 (prob=0.002590)
[icl_eval|INFO]Prompt 73: comma_logit=16.5000 (prob=0.361138), semicolon_logit=11.5625 (prob=0.002590)
2026-03-09 11:30:26 - INFO - Prompt 74 generated token: ','
[icl_eval|INFO]Prompt 74 generated token: ','
2026-03-09 11:30:26 - INFO - Prompt 74: comma_logit=17.0000 (prob=0.411367), semicolon_logit=11.5000 (prob=0.001681)
[icl_eval|INFO]Prompt 74: comma_logit=17.0000 (prob=0.411367), semicolon_logit=11.5000 (prob=0.001681)
2026-03-09 11:30:27 - INFO - Prompt 75 generated token: ','
[icl_eval|INFO]Prompt 75 generated token: ','
2026-03-09 11:30:27 - INFO - Prompt 75: comma_logit=16.5000 (prob=0.361545), semicolon_logit=12.4375 (prob=0.006221)
[icl_eval|INFO]Prompt 75: comma_logit=16.5000 (prob=0.361545), semicolon_logit=12.4375 (prob=0.006221)
2026-03-09 11:30:27 - INFO - Prompt 76 generated token: ','
[icl_eval|INFO]Prompt 76 generated token: ','
2026-03-09 11:30:27 - INFO - Prompt 76: comma_logit=16.7500 (prob=0.434112), semicolon_logit=10.8125 (prob=0.001145)
[icl_eval|INFO]Prompt 76: comma_logit=16.7500 (prob=0.434112), semicolon_logit=10.8125 (prob=0.001145)
2026-03-09 11:30:27 - INFO - Prompt 77 generated token: ','
[icl_eval|INFO]Prompt 77 generated token: ','
2026-03-09 11:30:27 - INFO - Prompt 77: comma_logit=16.6250 (prob=0.423605), semicolon_logit=11.2500 (prob=0.001962)
[icl_eval|INFO]Prompt 77: comma_logit=16.6250 (prob=0.423605), semicolon_logit=11.2500 (prob=0.001962)
2026-03-09 11:30:27 - INFO - Prompt 78 generated token: ','
[icl_eval|INFO]Prompt 78 generated token: ','
2026-03-09 11:30:27 - INFO - Prompt 78: comma_logit=16.6250 (prob=0.415201), semicolon_logit=11.5625 (prob=0.002628)
[icl_eval|INFO]Prompt 78: comma_logit=16.6250 (prob=0.415201), semicolon_logit=11.5625 (prob=0.002628)
2026-03-09 11:30:27 - INFO - Prompt 79 generated token: ','
[icl_eval|INFO]Prompt 79 generated token: ','
2026-03-09 11:30:27 - INFO - Prompt 79: comma_logit=15.0625 (prob=0.182063), semicolon_logit=13.8750 (prob=0.055526)
[icl_eval|INFO]Prompt 79: comma_logit=15.0625 (prob=0.182063), semicolon_logit=13.8750 (prob=0.055526)
2026-03-09 11:30:28 - INFO - Prompt 80 generated token: ','
[icl_eval|INFO]Prompt 80 generated token: ','
2026-03-09 11:30:28 - INFO - Prompt 80: comma_logit=16.8750 (prob=0.511177), semicolon_logit=10.7500 (prob=0.001118)
[icl_eval|INFO]Prompt 80: comma_logit=16.8750 (prob=0.511177), semicolon_logit=10.7500 (prob=0.001118)
2026-03-09 11:30:28 - INFO - Prompt 81 generated token: ','
[icl_eval|INFO]Prompt 81 generated token: ','
2026-03-09 11:30:28 - INFO - Prompt 81: comma_logit=16.3750 (prob=0.388206), semicolon_logit=12.3125 (prob=0.006679)
[icl_eval|INFO]Prompt 81: comma_logit=16.3750 (prob=0.388206), semicolon_logit=12.3125 (prob=0.006679)
2026-03-09 11:30:28 - INFO - Prompt 82 generated token: ','
[icl_eval|INFO]Prompt 82 generated token: ','
2026-03-09 11:30:28 - INFO - Prompt 82: comma_logit=14.9375 (prob=0.225958), semicolon_logit=12.0625 (prob=0.012748)
[icl_eval|INFO]Prompt 82: comma_logit=14.9375 (prob=0.225958), semicolon_logit=12.0625 (prob=0.012748)
2026-03-09 11:30:28 - INFO - Prompt 83 generated token: ','
[icl_eval|INFO]Prompt 83 generated token: ','
2026-03-09 11:30:28 - INFO - Prompt 83: comma_logit=16.6250 (prob=0.437454), semicolon_logit=12.4375 (prob=0.006642)
[icl_eval|INFO]Prompt 83: comma_logit=16.6250 (prob=0.437454), semicolon_logit=12.4375 (prob=0.006642)
2026-03-09 11:30:28 - INFO - Prompt 84 generated token: ','
[icl_eval|INFO]Prompt 84 generated token: ','
2026-03-09 11:30:28 - INFO - Prompt 84: comma_logit=16.6250 (prob=0.377193), semicolon_logit=11.8125 (prob=0.003066)
[icl_eval|INFO]Prompt 84: comma_logit=16.6250 (prob=0.377193), semicolon_logit=11.8125 (prob=0.003066)
2026-03-09 11:30:29 - INFO - Prompt 85 generated token: ','
[icl_eval|INFO]Prompt 85 generated token: ','
2026-03-09 11:30:29 - INFO - Prompt 85: comma_logit=16.7500 (prob=0.439129), semicolon_logit=11.7500 (prob=0.002959)
[icl_eval|INFO]Prompt 85: comma_logit=16.7500 (prob=0.439129), semicolon_logit=11.7500 (prob=0.002959)
2026-03-09 11:30:29 - INFO - Prompt 86 generated token: ','
[icl_eval|INFO]Prompt 86 generated token: ','
2026-03-09 11:30:29 - INFO - Prompt 86: comma_logit=16.6250 (prob=0.390691), semicolon_logit=11.0000 (prob=0.001409)
[icl_eval|INFO]Prompt 86: comma_logit=16.6250 (prob=0.390691), semicolon_logit=11.0000 (prob=0.001409)
2026-03-09 11:30:29 - INFO - Prompt 87 generated token: ','
[icl_eval|INFO]Prompt 87 generated token: ','
2026-03-09 11:30:29 - INFO - Prompt 87: comma_logit=15.0625 (prob=0.202129), semicolon_logit=11.6250 (prob=0.006497)
[icl_eval|INFO]Prompt 87: comma_logit=15.0625 (prob=0.202129), semicolon_logit=11.6250 (prob=0.006497)
2026-03-09 11:30:29 - INFO - Prompt 88 generated token: ','
[icl_eval|INFO]Prompt 88 generated token: ','
2026-03-09 11:30:29 - INFO - Prompt 88: comma_logit=16.5000 (prob=0.445888), semicolon_logit=12.1250 (prob=0.005613)
[icl_eval|INFO]Prompt 88: comma_logit=16.5000 (prob=0.445888), semicolon_logit=12.1250 (prob=0.005613)
2026-03-09 11:30:29 - INFO - Prompt 89 generated token: ','
[icl_eval|INFO]Prompt 89 generated token: ','
2026-03-09 11:30:29 - INFO - Prompt 89: comma_logit=16.3750 (prob=0.320964), semicolon_logit=11.3125 (prob=0.002032)
[icl_eval|INFO]Prompt 89: comma_logit=16.3750 (prob=0.320964), semicolon_logit=11.3125 (prob=0.002032)
2026-03-09 11:30:29 - INFO - Prompt 90 generated token: ','
[icl_eval|INFO]Prompt 90 generated token: ','
2026-03-09 11:30:29 - INFO - Prompt 90: comma_logit=15.1875 (prob=0.271471), semicolon_logit=12.3750 (prob=0.016303)
[icl_eval|INFO]Prompt 90: comma_logit=15.1875 (prob=0.271471), semicolon_logit=12.3750 (prob=0.016303)
2026-03-09 11:30:30 - INFO - Prompt 91 generated token: ','
[icl_eval|INFO]Prompt 91 generated token: ','
2026-03-09 11:30:30 - INFO - Prompt 91: comma_logit=15.3750 (prob=0.280517), semicolon_logit=12.8750 (prob=0.023026)
[icl_eval|INFO]Prompt 91: comma_logit=15.3750 (prob=0.280517), semicolon_logit=12.8750 (prob=0.023026)
2026-03-09 11:30:30 - INFO - Prompt 92 generated token: ','
[icl_eval|INFO]Prompt 92 generated token: ','
2026-03-09 11:30:30 - INFO - Prompt 92: comma_logit=15.4375 (prob=0.215089), semicolon_logit=12.3750 (prob=0.010060)
[icl_eval|INFO]Prompt 92: comma_logit=15.4375 (prob=0.215089), semicolon_logit=12.3750 (prob=0.010060)
2026-03-09 11:30:30 - INFO - Prompt 93 generated token: ','
[icl_eval|INFO]Prompt 93 generated token: ','
2026-03-09 11:30:30 - INFO - Prompt 93: comma_logit=16.7500 (prob=0.427311), semicolon_logit=11.5000 (prob=0.002242)
[icl_eval|INFO]Prompt 93: comma_logit=16.7500 (prob=0.427311), semicolon_logit=11.5000 (prob=0.002242)
2026-03-09 11:30:30 - INFO - Prompt 94 generated token: ','
[icl_eval|INFO]Prompt 94 generated token: ','
2026-03-09 11:30:30 - INFO - Prompt 94: comma_logit=16.0000 (prob=0.402066), semicolon_logit=12.1250 (prob=0.008345)
[icl_eval|INFO]Prompt 94: comma_logit=16.0000 (prob=0.402066), semicolon_logit=12.1250 (prob=0.008345)
2026-03-09 11:30:30 - INFO - Prompt 95 generated token: ','
[icl_eval|INFO]Prompt 95 generated token: ','
2026-03-09 11:30:30 - INFO - Prompt 95: comma_logit=15.7500 (prob=0.295102), semicolon_logit=11.1875 (prob=0.003080)
[icl_eval|INFO]Prompt 95: comma_logit=15.7500 (prob=0.295102), semicolon_logit=11.1875 (prob=0.003080)
2026-03-09 11:30:31 - INFO - Prompt 96 generated token: ','
[icl_eval|INFO]Prompt 96 generated token: ','
2026-03-09 11:30:31 - INFO - Prompt 96: comma_logit=16.1250 (prob=0.341094), semicolon_logit=11.5000 (prob=0.003344)
[icl_eval|INFO]Prompt 96: comma_logit=16.1250 (prob=0.341094), semicolon_logit=11.5000 (prob=0.003344)
2026-03-09 11:30:31 - INFO - Prompt 97 generated token: ','
[icl_eval|INFO]Prompt 97 generated token: ','
2026-03-09 11:30:31 - INFO - Prompt 97: comma_logit=15.5000 (prob=0.233597), semicolon_logit=12.6250 (prob=0.013179)
[icl_eval|INFO]Prompt 97: comma_logit=15.5000 (prob=0.233597), semicolon_logit=12.6250 (prob=0.013179)
2026-03-09 11:30:31 - INFO - Prompt 98 generated token: ','
[icl_eval|INFO]Prompt 98 generated token: ','
2026-03-09 11:30:31 - INFO - Prompt 98: comma_logit=16.3750 (prob=0.391966), semicolon_logit=12.5625 (prob=0.008660)
[icl_eval|INFO]Prompt 98: comma_logit=16.3750 (prob=0.391966), semicolon_logit=12.5625 (prob=0.008660)
2026-03-09 11:30:31 - INFO - Prompt 99 generated token: ','
[icl_eval|INFO]Prompt 99 generated token: ','
2026-03-09 11:30:31 - INFO - Prompt 99: comma_logit=16.1250 (prob=0.335194), semicolon_logit=11.6875 (prob=0.003964)
[icl_eval|INFO]Prompt 99: comma_logit=16.1250 (prob=0.335194), semicolon_logit=11.6875 (prob=0.003964)
2026-03-09 11:30:31 - INFO - Overall: mean_comma_logit=16.1013 (prob=0.340186), mean_semicolon_logit=11.8675 (prob=0.007321), comma_preferred=100/100, semicolon_preferred=0/100
[icl_eval|INFO]Overall: mean_comma_logit=16.1013 (prob=0.340186), mean_semicolon_logit=11.8675 (prob=0.007321), comma_preferred=100/100, semicolon_preferred=0/100
2026-03-09 11:30:31 - INFO - Results saved to: /workspace/spar-team-recon/projects/ip/results/exp_5/arm_5/icl=8/judgements/comma_vs_semicolon_toy.jsonl
[icl_eval|INFO]Results saved to: /workspace/spar-team-recon/projects/ip/results/exp_5/arm_5/icl=8/judgements/comma_vs_semicolon_toy.jsonl
2026-03-09 11:30:31 - INFO - Results saved to /workspace/spar-team-recon/projects/ip/results/exp_5/arm_5/icl=8/judgements/comma_vs_semicolon_toy.jsonl
[icl_eval|INFO]Results saved to /workspace/spar-team-recon/projects/ip/results/exp_5/arm_5/icl=8/judgements/comma_vs_semicolon_toy.jsonl
2026-03-09 11:30:31 - INFO - ============================================================
[icl_eval|INFO]============================================================
2026-03-09 11:30:31 - INFO - Processing prompts_icl=10.jsonl (icl=10)
[icl_eval|INFO]Processing prompts_icl=10.jsonl (icl=10)
2026-03-09 11:30:31 - INFO - ============================================================
[icl_eval|INFO]============================================================
2026-03-09 11:30:31 - INFO - Loading test data from: /workspace/spar-team-recon/projects/ip/data/evals/comma_vs_semicolon_toy/icl_ip/exp_5_arm_5_ICL_IP_comma/prompts_icl=10.jsonl
[icl_eval|INFO]Loading test data from: /workspace/spar-team-recon/projects/ip/data/evals/comma_vs_semicolon_toy/icl_ip/exp_5_arm_5_ICL_IP_comma/prompts_icl=10.jsonl
2026-03-09 11:30:31 - INFO - Loaded 100 test prompts
[icl_eval|INFO]Loaded 100 test prompts
2026-03-09 11:30:31 - INFO - 100 prompts loaded
[icl_eval|INFO]100 prompts loaded
2026-03-09 11:30:52 - INFO - Rollouts done in 20.8s
[icl_eval|INFO]Rollouts done in 20.8s
2026-03-09 11:30:52 - INFO - Comma ',' tokenizes to IDs: [1044]
[icl_eval|INFO]Comma ',' tokenizes to IDs: [1044]
2026-03-09 11:30:52 - INFO - Semicolon ';' tokenizes to IDs: [1059]
[icl_eval|INFO]Semicolon ';' tokenizes to IDs: [1059]
2026-03-09 11:30:52 - INFO - Using comma_id=1044 (','), semicolon_id=1059 (';')
[icl_eval|INFO]Using comma_id=1044 (','), semicolon_id=1059 (';')
2026-03-09 11:30:52 - INFO - Processing 100 prompts
[icl_eval|INFO]Processing 100 prompts
2026-03-09 11:30:52 - INFO - Prompt 0 generated token: ','
[icl_eval|INFO]Prompt 0 generated token: ','
2026-03-09 11:30:52 - INFO - Prompt 0: comma_logit=16.1250 (prob=0.318086), semicolon_logit=10.7500 (prob=0.001473)
[icl_eval|INFO]Prompt 0: comma_logit=16.1250 (prob=0.318086), semicolon_logit=10.7500 (prob=0.001473)
2026-03-09 11:30:52 - INFO - Prompt 1 generated token: ','
[icl_eval|INFO]Prompt 1 generated token: ','
2026-03-09 11:30:52 - INFO - Prompt 1: comma_logit=16.1250 (prob=0.310147), semicolon_logit=12.9375 (prob=0.012801)
[icl_eval|INFO]Prompt 1: comma_logit=16.1250 (prob=0.310147), semicolon_logit=12.9375 (prob=0.012801)
2026-03-09 11:30:53 - INFO - Prompt 2 generated token: ','
[icl_eval|INFO]Prompt 2 generated token: ','
2026-03-09 11:30:53 - INFO - Prompt 2: comma_logit=15.8750 (prob=0.324605), semicolon_logit=11.9375 (prob=0.006329)
[icl_eval|INFO]Prompt 2: comma_logit=15.8750 (prob=0.324605), semicolon_logit=11.9375 (prob=0.006329)
2026-03-09 11:30:53 - INFO - Prompt 3 generated token: ','
[icl_eval|INFO]Prompt 3 generated token: ','
2026-03-09 11:30:53 - INFO - Prompt 3: comma_logit=15.3750 (prob=0.223443), semicolon_logit=11.4375 (prob=0.004356)
[icl_eval|INFO]Prompt 3: comma_logit=15.3750 (prob=0.223443), semicolon_logit=11.4375 (prob=0.004356)
2026-03-09 11:30:53 - INFO - Prompt 4 generated token: ','
[icl_eval|INFO]Prompt 4 generated token: ','
2026-03-09 11:30:53 - INFO - Prompt 4: comma_logit=16.1250 (prob=0.305705), semicolon_logit=12.0625 (prob=0.005260)
[icl_eval|INFO]Prompt 4: comma_logit=16.1250 (prob=0.305705), semicolon_logit=12.0625 (prob=0.005260)
2026-03-09 11:30:53 - INFO - Prompt 5 generated token: ','
[icl_eval|INFO]Prompt 5 generated token: ','
2026-03-09 11:30:53 - INFO - Prompt 5: comma_logit=17.1250 (prob=0.459657), semicolon_logit=11.6875 (prob=0.002000)
[icl_eval|INFO]Prompt 5: comma_logit=17.1250 (prob=0.459657), semicolon_logit=11.6875 (prob=0.002000)
2026-03-09 11:30:53 - INFO - Prompt 6 generated token: ','
[icl_eval|INFO]Prompt 6 generated token: ','
2026-03-09 11:30:53 - INFO - Prompt 6: comma_logit=16.8750 (prob=0.416798), semicolon_logit=10.6875 (prob=0.000857)
[icl_eval|INFO]Prompt 6: comma_logit=16.8750 (prob=0.416798), semicolon_logit=10.6875 (prob=0.000857)
2026-03-09 11:30:54 - INFO - Prompt 7 generated token: ','
[icl_eval|INFO]Prompt 7 generated token: ','
2026-03-09 11:30:54 - INFO - Prompt 7: comma_logit=17.1250 (prob=0.444841), semicolon_logit=10.7500 (prob=0.000758)
[icl_eval|INFO]Prompt 7: comma_logit=17.1250 (prob=0.444841), semicolon_logit=10.7500 (prob=0.000758)
2026-03-09 11:30:54 - INFO - Prompt 8 generated token: ','
[icl_eval|INFO]Prompt 8 generated token: ','
2026-03-09 11:30:54 - INFO - Prompt 8: comma_logit=16.6250 (prob=0.380328), semicolon_logit=10.8750 (prob=0.001211)
[icl_eval|INFO]Prompt 8: comma_logit=16.6250 (prob=0.380328), semicolon_logit=10.8750 (prob=0.001211)
2026-03-09 11:30:54 - INFO - Prompt 9 generated token: ','
[icl_eval|INFO]Prompt 9 generated token: ','
2026-03-09 11:30:54 - INFO - Prompt 9: comma_logit=16.1250 (prob=0.301754), semicolon_logit=12.0625 (prob=0.005192)
[icl_eval|INFO]Prompt 9: comma_logit=16.1250 (prob=0.301754), semicolon_logit=12.0625 (prob=0.005192)
2026-03-09 11:30:54 - INFO - Prompt 10 generated token: ','
[icl_eval|INFO]Prompt 10 generated token: ','
2026-03-09 11:30:54 - INFO - Prompt 10: comma_logit=16.6250 (prob=0.380379), semicolon_logit=12.0625 (prob=0.003970)
[icl_eval|INFO]Prompt 10: comma_logit=16.6250 (prob=0.380379), semicolon_logit=12.0625 (prob=0.003970)
2026-03-09 11:30:54 - INFO - Prompt 11 generated token: ','
[icl_eval|INFO]Prompt 11 generated token: ','
2026-03-09 11:30:54 - INFO - Prompt 11: comma_logit=15.8125 (prob=0.296706), semicolon_logit=11.3125 (prob=0.003296)
[icl_eval|INFO]Prompt 11: comma_logit=15.8125 (prob=0.296706), semicolon_logit=11.3125 (prob=0.003296)
2026-03-09 11:30:55 - INFO - Prompt 12 generated token: ','
[icl_eval|INFO]Prompt 12 generated token: ','
2026-03-09 11:30:55 - INFO - Prompt 12: comma_logit=15.7500 (prob=0.228374), semicolon_logit=12.0000 (prob=0.005371)
[icl_eval|INFO]Prompt 12: comma_logit=15.7500 (prob=0.228374), semicolon_logit=12.0000 (prob=0.005371)
2026-03-09 11:30:55 - INFO - Prompt 13 generated token: ','
[icl_eval|INFO]Prompt 13 generated token: ','
2026-03-09 11:30:55 - INFO - Prompt 13: comma_logit=16.2500 (prob=0.322286), semicolon_logit=11.6875 (prob=0.003363)
[icl_eval|INFO]Prompt 13: comma_logit=16.2500 (prob=0.322286), semicolon_logit=11.6875 (prob=0.003363)
2026-03-09 11:30:55 - INFO - Prompt 14 generated token: ','
[icl_eval|INFO]Prompt 14 generated token: ','
2026-03-09 11:30:55 - INFO - Prompt 14: comma_logit=15.6875 (prob=0.206144), semicolon_logit=12.0625 (prob=0.005494)
[icl_eval|INFO]Prompt 14: comma_logit=15.6875 (prob=0.206144), semicolon_logit=12.0625 (prob=0.005494)
2026-03-09 11:30:55 - INFO - Prompt 15 generated token: ','
[icl_eval|INFO]Prompt 15 generated token: ','
2026-03-09 11:30:55 - INFO - Prompt 15: comma_logit=16.2500 (prob=0.346623), semicolon_logit=10.8750 (prob=0.001605)
[icl_eval|INFO]Prompt 15: comma_logit=16.2500 (prob=0.346623), semicolon_logit=10.8750 (prob=0.001605)
2026-03-09 11:30:56 - INFO - Prompt 16 generated token: ','
[icl_eval|INFO]Prompt 16 generated token: ','
2026-03-09 11:30:56 - INFO - Prompt 16: comma_logit=16.1250 (prob=0.290428), semicolon_logit=11.1875 (prob=0.002083)
[icl_eval|INFO]Prompt 16: comma_logit=16.1250 (prob=0.290428), semicolon_logit=11.1875 (prob=0.002083)
2026-03-09 11:30:56 - INFO - Prompt 17 generated token: ','
[icl_eval|INFO]Prompt 17 generated token: ','
2026-03-09 11:30:56 - INFO - Prompt 17: comma_logit=17.5000 (prob=0.514114), semicolon_logit=11.1250 (prob=0.000876)
[icl_eval|INFO]Prompt 17: comma_logit=17.5000 (prob=0.514114), semicolon_logit=11.1250 (prob=0.000876)
2026-03-09 11:30:56 - INFO - Prompt 18 generated token: ','
[icl_eval|INFO]Prompt 18 generated token: ','
2026-03-09 11:30:56 - INFO - Prompt 18: comma_logit=16.1250 (prob=0.291198), semicolon_logit=11.9375 (prob=0.004422)
[icl_eval|INFO]Prompt 18: comma_logit=16.1250 (prob=0.291198), semicolon_logit=11.9375 (prob=0.004422)
2026-03-09 11:30:56 - INFO - Prompt 19 generated token: ','
[icl_eval|INFO]Prompt 19 generated token: ','
2026-03-09 11:30:56 - INFO - Prompt 19: comma_logit=17.1250 (prob=0.471858), semicolon_logit=10.9375 (prob=0.000970)
[icl_eval|INFO]Prompt 19: comma_logit=17.1250 (prob=0.471858), semicolon_logit=10.9375 (prob=0.000970)
2026-03-09 11:30:56 - INFO - Prompt 20 generated token: ','
[icl_eval|INFO]Prompt 20 generated token: ','
2026-03-09 11:30:56 - INFO - Prompt 20: comma_logit=15.8750 (prob=0.257498), semicolon_logit=12.7500 (prob=0.011314)
[icl_eval|INFO]Prompt 20: comma_logit=15.8750 (prob=0.257498), semicolon_logit=12.7500 (prob=0.011314)
2026-03-09 11:30:57 - INFO - Prompt 21 generated token: ','
[icl_eval|INFO]Prompt 21 generated token: ','
2026-03-09 11:30:57 - INFO - Prompt 21: comma_logit=16.3750 (prob=0.403578), semicolon_logit=11.7500 (prob=0.003957)
[icl_eval|INFO]Prompt 21: comma_logit=16.3750 (prob=0.403578), semicolon_logit=11.7500 (prob=0.003957)
2026-03-09 11:30:57 - INFO - Prompt 22 generated token: ','
[icl_eval|INFO]Prompt 22 generated token: ','
2026-03-09 11:30:57 - INFO - Prompt 22: comma_logit=16.7500 (prob=0.440781), semicolon_logit=11.8125 (prob=0.003162)
[icl_eval|INFO]Prompt 22: comma_logit=16.7500 (prob=0.440781), semicolon_logit=11.8125 (prob=0.003162)
2026-03-09 11:30:57 - INFO - Prompt 23 generated token: ','
[icl_eval|INFO]Prompt 23 generated token: ','
2026-03-09 11:30:57 - INFO - Prompt 23: comma_logit=15.8750 (prob=0.274146), semicolon_logit=12.8125 (prob=0.012822)
[icl_eval|INFO]Prompt 23: comma_logit=15.8750 (prob=0.274146), semicolon_logit=12.8125 (prob=0.012822)
2026-03-09 11:30:57 - INFO - Prompt 24 generated token: ','
[icl_eval|INFO]Prompt 24 generated token: ','
2026-03-09 11:30:57 - INFO - Prompt 24: comma_logit=15.9375 (prob=0.275973), semicolon_logit=12.7500 (prob=0.011391)
[icl_eval|INFO]Prompt 24: comma_logit=15.9375 (prob=0.275973), semicolon_logit=12.7500 (prob=0.011391)
2026-03-09 11:30:57 - INFO - Prompt 25 generated token: ','
[icl_eval|INFO]Prompt 25 generated token: ','
2026-03-09 11:30:57 - INFO - Prompt 25: comma_logit=17.2500 (prob=0.490624), semicolon_logit=10.9375 (prob=0.000890)
[icl_eval|INFO]Prompt 25: comma_logit=17.2500 (prob=0.490624), semicolon_logit=10.9375 (prob=0.000890)
2026-03-09 11:30:58 - INFO - Prompt 26 generated token: ','
[icl_eval|INFO]Prompt 26 generated token: ','
2026-03-09 11:30:58 - INFO - Prompt 26: comma_logit=16.7500 (prob=0.412826), semicolon_logit=11.1250 (prob=0.001489)
[icl_eval|INFO]Prompt 26: comma_logit=16.7500 (prob=0.412826), semicolon_logit=11.1250 (prob=0.001489)
2026-03-09 11:30:58 - INFO - Prompt 27 generated token: ','
[icl_eval|INFO]Prompt 27 generated token: ','
2026-03-09 11:30:58 - INFO - Prompt 27: comma_logit=16.2500 (prob=0.354854), semicolon_logit=9.5625 (prob=0.000442)
[icl_eval|INFO]Prompt 27: comma_logit=16.2500 (prob=0.354854), semicolon_logit=9.5625 (prob=0.000442)
2026-03-09 11:30:58 - INFO - Prompt 28 generated token: ','
[icl_eval|INFO]Prompt 28 generated token: ','
2026-03-09 11:30:58 - INFO - Prompt 28: comma_logit=16.8750 (prob=0.458706), semicolon_logit=12.0625 (prob=0.003728)
[icl_eval|INFO]Prompt 28: comma_logit=16.8750 (prob=0.458706), semicolon_logit=12.0625 (prob=0.003728)
2026-03-09 11:30:58 - INFO - Prompt 29 generated token: ','
[icl_eval|INFO]Prompt 29 generated token: ','
2026-03-09 11:30:58 - INFO - Prompt 29: comma_logit=17.5000 (prob=0.536386), semicolon_logit=10.9375 (prob=0.000758)
[icl_eval|INFO]Prompt 29: comma_logit=17.5000 (prob=0.536386), semicolon_logit=10.9375 (prob=0.000758)
2026-03-09 11:30:58 - INFO - Prompt 30 generated token: ','
[icl_eval|INFO]Prompt 30 generated token: ','
2026-03-09 11:30:58 - INFO - Prompt 30: comma_logit=16.3750 (prob=0.363463), semicolon_logit=12.6875 (prob=0.009099)
[icl_eval|INFO]Prompt 30: comma_logit=16.3750 (prob=0.363463), semicolon_logit=12.6875 (prob=0.009099)
2026-03-09 11:30:59 - INFO - Prompt 31 generated token: '.

'
[icl_eval|INFO]Prompt 31 generated token: '.

'
2026-03-09 11:30:59 - INFO - Prompt 31: comma_logit=15.1875 (prob=0.184735), semicolon_logit=10.8750 (prob=0.002475)
[icl_eval|INFO]Prompt 31: comma_logit=15.1875 (prob=0.184735), semicolon_logit=10.8750 (prob=0.002475)
2026-03-09 11:30:59 - INFO - Prompt 32 generated token: ','
[icl_eval|INFO]Prompt 32 generated token: ','
2026-03-09 11:30:59 - INFO - Prompt 32: comma_logit=17.1250 (prob=0.442025), semicolon_logit=11.2500 (prob=0.001242)
[icl_eval|INFO]Prompt 32: comma_logit=17.1250 (prob=0.442025), semicolon_logit=11.2500 (prob=0.001242)
2026-03-09 11:30:59 - INFO - Prompt 33 generated token: ','
[icl_eval|INFO]Prompt 33 generated token: ','
2026-03-09 11:30:59 - INFO - Prompt 33: comma_logit=16.6250 (prob=0.438435), semicolon_logit=12.8125 (prob=0.009686)
[icl_eval|INFO]Prompt 33: comma_logit=16.6250 (prob=0.438435), semicolon_logit=12.8125 (prob=0.009686)
2026-03-09 11:30:59 - INFO - Prompt 34 generated token: ','
[icl_eval|INFO]Prompt 34 generated token: ','
2026-03-09 11:30:59 - INFO - Prompt 34: comma_logit=16.5000 (prob=0.386462), semicolon_logit=12.0000 (prob=0.004293)
[icl_eval|INFO]Prompt 34: comma_logit=16.5000 (prob=0.386462), semicolon_logit=12.0000 (prob=0.004293)
2026-03-09 11:30:59 - INFO - Prompt 35 generated token: ','
[icl_eval|INFO]Prompt 35 generated token: ','
2026-03-09 11:30:59 - INFO - Prompt 35: comma_logit=16.7500 (prob=0.388606), semicolon_logit=12.8125 (prob=0.007577)
[icl_eval|INFO]Prompt 35: comma_logit=16.7500 (prob=0.388606), semicolon_logit=12.8125 (prob=0.007577)
2026-03-09 11:31:00 - INFO - Prompt 36 generated token: ','
[icl_eval|INFO]Prompt 36 generated token: ','
2026-03-09 11:31:00 - INFO - Prompt 36: comma_logit=16.8750 (prob=0.418167), semicolon_logit=10.5000 (prob=0.000712)
[icl_eval|INFO]Prompt 36: comma_logit=16.8750 (prob=0.418167), semicolon_logit=10.5000 (prob=0.000712)
2026-03-09 11:31:00 - INFO - Prompt 37 generated token: ','
[icl_eval|INFO]Prompt 37 generated token: ','
2026-03-09 11:31:00 - INFO - Prompt 37: comma_logit=17.3750 (prob=0.531533), semicolon_logit=10.8125 (prob=0.000751)
[icl_eval|INFO]Prompt 37: comma_logit=17.3750 (prob=0.531533), semicolon_logit=10.8125 (prob=0.000751)
2026-03-09 11:31:00 - INFO - Prompt 38 generated token: ','
[icl_eval|INFO]Prompt 38 generated token: ','
2026-03-09 11:31:00 - INFO - Prompt 38: comma_logit=16.3750 (prob=0.356017), semicolon_logit=12.7500 (prob=0.009488)
[icl_eval|INFO]Prompt 38: comma_logit=16.3750 (prob=0.356017), semicolon_logit=12.7500 (prob=0.009488)
2026-03-09 11:31:00 - INFO - Prompt 39 generated token: ','
[icl_eval|INFO]Prompt 39 generated token: ','
2026-03-09 11:31:00 - INFO - Prompt 39: comma_logit=17.1250 (prob=0.453352), semicolon_logit=11.4375 (prob=0.001536)
[icl_eval|INFO]Prompt 39: comma_logit=17.1250 (prob=0.453352), semicolon_logit=11.4375 (prob=0.001536)
2026-03-09 11:31:01 - INFO - Prompt 40 generated token: ','
[icl_eval|INFO]Prompt 40 generated token: ','
2026-03-09 11:31:01 - INFO - Prompt 40: comma_logit=16.0000 (prob=0.324445), semicolon_logit=11.3125 (prob=0.002988)
[icl_eval|INFO]Prompt 40: comma_logit=16.0000 (prob=0.324445), semicolon_logit=11.3125 (prob=0.002988)
2026-03-09 11:31:01 - INFO - Prompt 41 generated token: ','
[icl_eval|INFO]Prompt 41 generated token: ','
2026-03-09 11:31:01 - INFO - Prompt 41: comma_logit=16.7500 (prob=0.399645), semicolon_logit=10.8750 (prob=0.001123)
[icl_eval|INFO]Prompt 41: comma_logit=16.7500 (prob=0.399645), semicolon_logit=10.8750 (prob=0.001123)
2026-03-09 11:31:01 - INFO - Prompt 42 generated token: ','
[icl_eval|INFO]Prompt 42 generated token: ','
2026-03-09 11:31:01 - INFO - Prompt 42: comma_logit=17.2500 (prob=0.492701), semicolon_logit=11.5625 (prob=0.001669)
[icl_eval|INFO]Prompt 42: comma_logit=17.2500 (prob=0.492701), semicolon_logit=11.5625 (prob=0.001669)
2026-03-09 11:31:01 - INFO - Prompt 43 generated token: ','
[icl_eval|INFO]Prompt 43 generated token: ','
2026-03-09 11:31:01 - INFO - Prompt 43: comma_logit=17.0000 (prob=0.427192), semicolon_logit=11.3750 (prob=0.001541)
[icl_eval|INFO]Prompt 43: comma_logit=17.0000 (prob=0.427192), semicolon_logit=11.3750 (prob=0.001541)
2026-03-09 11:31:01 - INFO - Prompt 44 generated token: ','
[icl_eval|INFO]Prompt 44 generated token: ','
2026-03-09 11:31:01 - INFO - Prompt 44: comma_logit=16.3750 (prob=0.371297), semicolon_logit=11.9375 (prob=0.004391)
[icl_eval|INFO]Prompt 44: comma_logit=16.3750 (prob=0.371297), semicolon_logit=11.9375 (prob=0.004391)
2026-03-09 11:31:02 - INFO - Prompt 45 generated token: ','
[icl_eval|INFO]Prompt 45 generated token: ','
2026-03-09 11:31:02 - INFO - Prompt 45: comma_logit=16.7500 (prob=0.428392), semicolon_logit=11.5625 (prob=0.002393)
[icl_eval|INFO]Prompt 45: comma_logit=16.7500 (prob=0.428392), semicolon_logit=11.5625 (prob=0.002393)
2026-03-09 11:31:02 - INFO - Prompt 46 generated token: ','
[icl_eval|INFO]Prompt 46 generated token: ','
2026-03-09 11:31:02 - INFO - Prompt 46: comma_logit=17.1250 (prob=0.486334), semicolon_logit=10.8750 (prob=0.000939)
[icl_eval|INFO]Prompt 46: comma_logit=17.1250 (prob=0.486334), semicolon_logit=10.8750 (prob=0.000939)
2026-03-09 11:31:02 - INFO - Prompt 47 generated token: ','
[icl_eval|INFO]Prompt 47 generated token: ','
2026-03-09 11:31:02 - INFO - Prompt 47: comma_logit=15.9375 (prob=0.382155), semicolon_logit=10.3750 (prob=0.001467)
[icl_eval|INFO]Prompt 47: comma_logit=15.9375 (prob=0.382155), semicolon_logit=10.3750 (prob=0.001467)
2026-03-09 11:31:02 - INFO - Prompt 48 generated token: ','
[icl_eval|INFO]Prompt 48 generated token: ','
2026-03-09 11:31:02 - INFO - Prompt 48: comma_logit=17.1250 (prob=0.448935), semicolon_logit=11.3125 (prob=0.001342)
[icl_eval|INFO]Prompt 48: comma_logit=17.1250 (prob=0.448935), semicolon_logit=11.3125 (prob=0.001342)
2026-03-09 11:31:02 - INFO - Prompt 49 generated token: ','
[icl_eval|INFO]Prompt 49 generated token: ','
2026-03-09 11:31:02 - INFO - Prompt 49: comma_logit=16.5000 (prob=0.321342), semicolon_logit=12.1250 (prob=0.004045)
[icl_eval|INFO]Prompt 49: comma_logit=16.5000 (prob=0.321342), semicolon_logit=12.1250 (prob=0.004045)
2026-03-09 11:31:03 - INFO - Prompt 50 generated token: ','
[icl_eval|INFO]Prompt 50 generated token: ','
2026-03-09 11:31:03 - INFO - Prompt 50: comma_logit=16.3750 (prob=0.326942), semicolon_logit=10.9375 (prob=0.001422)
[icl_eval|INFO]Prompt 50: comma_logit=16.3750 (prob=0.326942), semicolon_logit=10.9375 (prob=0.001422)
2026-03-09 11:31:03 - INFO - Prompt 51 generated token: ','
[icl_eval|INFO]Prompt 51 generated token: ','
2026-03-09 11:31:03 - INFO - Prompt 51: comma_logit=16.5000 (prob=0.342379), semicolon_logit=11.5000 (prob=0.002307)
[icl_eval|INFO]Prompt 51: comma_logit=16.5000 (prob=0.342379), semicolon_logit=11.5000 (prob=0.002307)
2026-03-09 11:31:03 - INFO - Prompt 52 generated token: ','
[icl_eval|INFO]Prompt 52 generated token: ','
2026-03-09 11:31:03 - INFO - Prompt 52: comma_logit=17.0000 (prob=0.455251), semicolon_logit=11.5625 (prob=0.001981)
[icl_eval|INFO]Prompt 52: comma_logit=17.0000 (prob=0.455251), semicolon_logit=11.5625 (prob=0.001981)
2026-03-09 11:31:03 - INFO - Prompt 53 generated token: ','
[icl_eval|INFO]Prompt 53 generated token: ','
2026-03-09 11:31:03 - INFO - Prompt 53: comma_logit=16.6250 (prob=0.424064), semicolon_logit=11.6250 (prob=0.002857)
[icl_eval|INFO]Prompt 53: comma_logit=16.6250 (prob=0.424064), semicolon_logit=11.6250 (prob=0.002857)
2026-03-09 11:31:03 - INFO - Prompt 54 generated token: ','
[icl_eval|INFO]Prompt 54 generated token: ','
2026-03-09 11:31:03 - INFO - Prompt 54: comma_logit=17.1250 (prob=0.473796), semicolon_logit=11.6250 (prob=0.001936)
[icl_eval|INFO]Prompt 54: comma_logit=17.1250 (prob=0.473796), semicolon_logit=11.6250 (prob=0.001936)
2026-03-09 11:31:04 - INFO - Prompt 55 generated token: ','
[icl_eval|INFO]Prompt 55 generated token: ','
2026-03-09 11:31:04 - INFO - Prompt 55: comma_logit=16.3750 (prob=0.393452), semicolon_logit=11.8750 (prob=0.004371)
[icl_eval|INFO]Prompt 55: comma_logit=16.3750 (prob=0.393452), semicolon_logit=11.8750 (prob=0.004371)
2026-03-09 11:31:04 - INFO - Prompt 56 generated token: ','
[icl_eval|INFO]Prompt 56 generated token: ','
2026-03-09 11:31:04 - INFO - Prompt 56: comma_logit=16.8750 (prob=0.437915), semicolon_logit=11.0625 (prob=0.001309)
[icl_eval|INFO]Prompt 56: comma_logit=16.8750 (prob=0.437915), semicolon_logit=11.0625 (prob=0.001309)
2026-03-09 11:31:04 - INFO - Prompt 57 generated token: ','
[icl_eval|INFO]Prompt 57 generated token: ','
2026-03-09 11:31:04 - INFO - Prompt 57: comma_logit=16.7500 (prob=0.458280), semicolon_logit=10.8750 (prob=0.001287)
[icl_eval|INFO]Prompt 57: comma_logit=16.7500 (prob=0.458280), semicolon_logit=10.8750 (prob=0.001287)
2026-03-09 11:31:04 - INFO - Prompt 58 generated token: ','
[icl_eval|INFO]Prompt 58 generated token: ','
2026-03-09 11:31:04 - INFO - Prompt 58: comma_logit=15.1250 (prob=0.260350), semicolon_logit=12.1875 (prob=0.013798)
[icl_eval|INFO]Prompt 58: comma_logit=15.1250 (prob=0.260350), semicolon_logit=12.1875 (prob=0.013798)
2026-03-09 11:31:04 - INFO - Prompt 59 generated token: ','
[icl_eval|INFO]Prompt 59 generated token: ','
2026-03-09 11:31:04 - INFO - Prompt 59: comma_logit=16.2500 (prob=0.355022), semicolon_logit=11.3750 (prob=0.002711)
[icl_eval|INFO]Prompt 59: comma_logit=16.2500 (prob=0.355022), semicolon_logit=11.3750 (prob=0.002711)
2026-03-09 11:31:05 - INFO - Prompt 60 generated token: ','
[icl_eval|INFO]Prompt 60 generated token: ','
2026-03-09 11:31:05 - INFO - Prompt 60: comma_logit=17.0000 (prob=0.463399), semicolon_logit=11.1250 (prob=0.001302)
[icl_eval|INFO]Prompt 60: comma_logit=17.0000 (prob=0.463399), semicolon_logit=11.1250 (prob=0.001302)
2026-03-09 11:31:05 - INFO - Prompt 61 generated token: ','
[icl_eval|INFO]Prompt 61 generated token: ','
2026-03-09 11:31:05 - INFO - Prompt 61: comma_logit=17.1250 (prob=0.489259), semicolon_logit=10.6250 (prob=0.000736)
[icl_eval|INFO]Prompt 61: comma_logit=17.1250 (prob=0.489259), semicolon_logit=10.6250 (prob=0.000736)
2026-03-09 11:31:05 - INFO - Prompt 62 generated token: ','
[icl_eval|INFO]Prompt 62 generated token: ','
2026-03-09 11:31:05 - INFO - Prompt 62: comma_logit=16.7500 (prob=0.377069), semicolon_logit=11.3125 (prob=0.001640)
[icl_eval|INFO]Prompt 62: comma_logit=16.7500 (prob=0.377069), semicolon_logit=11.3125 (prob=0.001640)
2026-03-09 11:31:05 - INFO - Prompt 63 generated token: ','
[icl_eval|INFO]Prompt 63 generated token: ','
2026-03-09 11:31:05 - INFO - Prompt 63: comma_logit=16.6250 (prob=0.461375), semicolon_logit=12.0625 (prob=0.004815)
[icl_eval|INFO]Prompt 63: comma_logit=16.6250 (prob=0.461375), semicolon_logit=12.0625 (prob=0.004815)
2026-03-09 11:31:06 - INFO - Prompt 64 generated token: ','
[icl_eval|INFO]Prompt 64 generated token: ','
2026-03-09 11:31:06 - INFO - Prompt 64: comma_logit=16.6250 (prob=0.419283), semicolon_logit=12.1875 (prob=0.004958)
[icl_eval|INFO]Prompt 64: comma_logit=16.6250 (prob=0.419283), semicolon_logit=12.1875 (prob=0.004958)
2026-03-09 11:31:06 - INFO - Prompt 65 generated token: ','
[icl_eval|INFO]Prompt 65 generated token: ','
2026-03-09 11:31:06 - INFO - Prompt 65: comma_logit=16.7500 (prob=0.361320), semicolon_logit=11.6250 (prob=0.002148)
[icl_eval|INFO]Prompt 65: comma_logit=16.7500 (prob=0.361320), semicolon_logit=11.6250 (prob=0.002148)
2026-03-09 11:31:06 - INFO - Prompt 66 generated token: ','
[icl_eval|INFO]Prompt 66 generated token: ','
2026-03-09 11:31:06 - INFO - Prompt 66: comma_logit=16.6250 (prob=0.390839), semicolon_logit=12.3125 (prob=0.005237)
[icl_eval|INFO]Prompt 66: comma_logit=16.6250 (prob=0.390839), semicolon_logit=12.3125 (prob=0.005237)
2026-03-09 11:31:06 - INFO - Prompt 67 generated token: ','
[icl_eval|INFO]Prompt 67 generated token: ','
2026-03-09 11:31:06 - INFO - Prompt 67: comma_logit=16.2500 (prob=0.398739), semicolon_logit=12.0625 (prob=0.006055)
[icl_eval|INFO]Prompt 67: comma_logit=16.2500 (prob=0.398739), semicolon_logit=12.0625 (prob=0.006055)
2026-03-09 11:31:06 - INFO - Prompt 68 generated token: ','
[icl_eval|INFO]Prompt 68 generated token: ','
2026-03-09 11:31:06 - INFO - Prompt 68: comma_logit=16.3750 (prob=0.384888), semicolon_logit=12.0000 (prob=0.004845)
[icl_eval|INFO]Prompt 68: comma_logit=16.3750 (prob=0.384888), semicolon_logit=12.0000 (prob=0.004845)
2026-03-09 11:31:07 - INFO - Prompt 69 generated token: ','
[icl_eval|INFO]Prompt 69 generated token: ','
2026-03-09 11:31:07 - INFO - Prompt 69: comma_logit=17.1250 (prob=0.481674), semicolon_logit=11.5000 (prob=0.001737)
[icl_eval|INFO]Prompt 69: comma_logit=17.1250 (prob=0.481674), semicolon_logit=11.5000 (prob=0.001737)
2026-03-09 11:31:07 - INFO - Prompt 70 generated token: ','
[icl_eval|INFO]Prompt 70 generated token: ','
2026-03-09 11:31:07 - INFO - Prompt 70: comma_logit=16.7500 (prob=0.423446), semicolon_logit=11.0625 (prob=0.001435)
[icl_eval|INFO]Prompt 70: comma_logit=16.7500 (prob=0.423446), semicolon_logit=11.0625 (prob=0.001435)
2026-03-09 11:31:07 - INFO - Prompt 71 generated token: ','
[icl_eval|INFO]Prompt 71 generated token: ','
2026-03-09 11:31:07 - INFO - Prompt 71: comma_logit=17.0000 (prob=0.459401), semicolon_logit=11.6250 (prob=0.002127)
[icl_eval|INFO]Prompt 71: comma_logit=17.0000 (prob=0.459401), semicolon_logit=11.6250 (prob=0.002127)
2026-03-09 11:31:07 - INFO - Prompt 72 generated token: ','
[icl_eval|INFO]Prompt 72 generated token: ','
2026-03-09 11:31:07 - INFO - Prompt 72: comma_logit=16.6250 (prob=0.429526), semicolon_logit=12.0000 (prob=0.004211)
[icl_eval|INFO]Prompt 72: comma_logit=16.6250 (prob=0.429526), semicolon_logit=12.0000 (prob=0.004211)
2026-03-09 11:31:07 - INFO - Prompt 73 generated token: ','
[icl_eval|INFO]Prompt 73 generated token: ','
2026-03-09 11:31:07 - INFO - Prompt 73: comma_logit=16.8750 (prob=0.437620), semicolon_logit=11.0625 (prob=0.001308)
[icl_eval|INFO]Prompt 73: comma_logit=16.8750 (prob=0.437620), semicolon_logit=11.0625 (prob=0.001308)
2026-03-09 11:31:08 - INFO - Prompt 74 generated token: ','
[icl_eval|INFO]Prompt 74 generated token: ','
2026-03-09 11:31:08 - INFO - Prompt 74: comma_logit=17.0000 (prob=0.450971), semicolon_logit=11.8750 (prob=0.002682)
[icl_eval|INFO]Prompt 74: comma_logit=17.0000 (prob=0.450971), semicolon_logit=11.8750 (prob=0.002682)
2026-03-09 11:31:08 - INFO - Prompt 75 generated token: ','
[icl_eval|INFO]Prompt 75 generated token: ','
2026-03-09 11:31:08 - INFO - Prompt 75: comma_logit=16.7500 (prob=0.390310), semicolon_logit=12.1875 (prob=0.004073)
[icl_eval|INFO]Prompt 75: comma_logit=16.7500 (prob=0.390310), semicolon_logit=12.1875 (prob=0.004073)
2026-03-09 11:31:08 - INFO - Prompt 76 generated token: ','
[icl_eval|INFO]Prompt 76 generated token: ','
2026-03-09 11:31:08 - INFO - Prompt 76: comma_logit=16.6250 (prob=0.389342), semicolon_logit=10.4375 (prob=0.000800)
[icl_eval|INFO]Prompt 76: comma_logit=16.6250 (prob=0.389342), semicolon_logit=10.4375 (prob=0.000800)
2026-03-09 11:31:08 - INFO - Prompt 77 generated token: ','
[icl_eval|INFO]Prompt 77 generated token: ','
2026-03-09 11:31:08 - INFO - Prompt 77: comma_logit=16.5000 (prob=0.408844), semicolon_logit=11.3125 (prob=0.002284)
[icl_eval|INFO]Prompt 77: comma_logit=16.5000 (prob=0.408844), semicolon_logit=11.3125 (prob=0.002284)
2026-03-09 11:31:08 - INFO - Prompt 78 generated token: ','
[icl_eval|INFO]Prompt 78 generated token: ','
2026-03-09 11:31:08 - INFO - Prompt 78: comma_logit=17.0000 (prob=0.490028), semicolon_logit=10.8750 (prob=0.001072)
[icl_eval|INFO]Prompt 78: comma_logit=17.0000 (prob=0.490028), semicolon_logit=10.8750 (prob=0.001072)
2026-03-09 11:31:09 - INFO - Prompt 79 generated token: ','
[icl_eval|INFO]Prompt 79 generated token: ','
2026-03-09 11:31:09 - INFO - Prompt 79: comma_logit=16.1250 (prob=0.296190), semicolon_logit=13.3125 (prob=0.017788)
[icl_eval|INFO]Prompt 79: comma_logit=16.1250 (prob=0.296190), semicolon_logit=13.3125 (prob=0.017788)
2026-03-09 11:31:09 - INFO - Prompt 80 generated token: ','
[icl_eval|INFO]Prompt 80 generated token: ','
2026-03-09 11:31:09 - INFO - Prompt 80: comma_logit=16.5000 (prob=0.466979), semicolon_logit=10.9375 (prob=0.001793)
[icl_eval|INFO]Prompt 80: comma_logit=16.5000 (prob=0.466979), semicolon_logit=10.9375 (prob=0.001793)
2026-03-09 11:31:09 - INFO - Prompt 81 generated token: ','
[icl_eval|INFO]Prompt 81 generated token: ','
2026-03-09 11:31:09 - INFO - Prompt 81: comma_logit=17.2500 (prob=0.485831), semicolon_logit=11.3750 (prob=0.001365)
[icl_eval|INFO]Prompt 81: comma_logit=17.2500 (prob=0.485831), semicolon_logit=11.3750 (prob=0.001365)
2026-03-09 11:31:09 - INFO - Prompt 82 generated token: ','
[icl_eval|INFO]Prompt 82 generated token: ','
2026-03-09 11:31:09 - INFO - Prompt 82: comma_logit=15.3125 (prob=0.223730), semicolon_logit=11.3750 (prob=0.004362)
[icl_eval|INFO]Prompt 82: comma_logit=15.3125 (prob=0.223730), semicolon_logit=11.3750 (prob=0.004362)
2026-03-09 11:31:09 - INFO - Prompt 83 generated token: ','
[icl_eval|INFO]Prompt 83 generated token: ','
2026-03-09 11:31:09 - INFO - Prompt 83: comma_logit=17.1250 (prob=0.489481), semicolon_logit=11.3750 (prob=0.001558)
[icl_eval|INFO]Prompt 83: comma_logit=17.1250 (prob=0.489481), semicolon_logit=11.3750 (prob=0.001558)
2026-03-09 11:31:10 - INFO - Prompt 84 generated token: ','
[icl_eval|INFO]Prompt 84 generated token: ','
2026-03-09 11:31:10 - INFO - Prompt 84: comma_logit=16.8750 (prob=0.448112), semicolon_logit=10.5000 (prob=0.000763)
[icl_eval|INFO]Prompt 84: comma_logit=16.8750 (prob=0.448112), semicolon_logit=10.5000 (prob=0.000763)
2026-03-09 11:31:10 - INFO - Prompt 85 generated token: ','
[icl_eval|INFO]Prompt 85 generated token: ','
2026-03-09 11:31:10 - INFO - Prompt 85: comma_logit=16.8750 (prob=0.426595), semicolon_logit=10.8125 (prob=0.000993)
[icl_eval|INFO]Prompt 85: comma_logit=16.8750 (prob=0.426595), semicolon_logit=10.8125 (prob=0.000993)
2026-03-09 11:31:10 - INFO - Prompt 86 generated token: ','
[icl_eval|INFO]Prompt 86 generated token: ','
2026-03-09 11:31:10 - INFO - Prompt 86: comma_logit=17.1250 (prob=0.470464), semicolon_logit=10.7500 (prob=0.000801)
[icl_eval|INFO]Prompt 86: comma_logit=17.1250 (prob=0.470464), semicolon_logit=10.7500 (prob=0.000801)
2026-03-09 11:31:10 - INFO - Prompt 87 generated token: ','
[icl_eval|INFO]Prompt 87 generated token: ','
2026-03-09 11:31:10 - INFO - Prompt 87: comma_logit=15.8125 (prob=0.263303), semicolon_logit=10.8125 (prob=0.001774)
[icl_eval|INFO]Prompt 87: comma_logit=15.8125 (prob=0.263303), semicolon_logit=10.8125 (prob=0.001774)
2026-03-09 11:31:11 - INFO - Prompt 88 generated token: ','
[icl_eval|INFO]Prompt 88 generated token: ','
2026-03-09 11:31:11 - INFO - Prompt 88: comma_logit=17.1250 (prob=0.477409), semicolon_logit=11.3125 (prob=0.001427)
[icl_eval|INFO]Prompt 88: comma_logit=17.1250 (prob=0.477409), semicolon_logit=11.3125 (prob=0.001427)
2026-03-09 11:31:11 - INFO - Prompt 89 generated token: ','
[icl_eval|INFO]Prompt 89 generated token: ','
2026-03-09 11:31:11 - INFO - Prompt 89: comma_logit=16.5000 (prob=0.353682), semicolon_logit=10.7500 (prob=0.001126)
[icl_eval|INFO]Prompt 89: comma_logit=16.5000 (prob=0.353682), semicolon_logit=10.7500 (prob=0.001126)
2026-03-09 11:31:11 - INFO - Prompt 90 generated token: ','
[icl_eval|INFO]Prompt 90 generated token: ','
2026-03-09 11:31:11 - INFO - Prompt 90: comma_logit=15.9375 (prob=0.330110), semicolon_logit=11.8125 (prob=0.005336)
[icl_eval|INFO]Prompt 90: comma_logit=15.9375 (prob=0.330110), semicolon_logit=11.8125 (prob=0.005336)
2026-03-09 11:31:11 - INFO - Prompt 91 generated token: ','
[icl_eval|INFO]Prompt 91 generated token: ','
2026-03-09 11:31:11 - INFO - Prompt 91: comma_logit=16.7500 (prob=0.452572), semicolon_logit=11.1875 (prob=0.001738)
[icl_eval|INFO]Prompt 91: comma_logit=16.7500 (prob=0.452572), semicolon_logit=11.1875 (prob=0.001738)
2026-03-09 11:31:11 - INFO - Prompt 92 generated token: ','
[icl_eval|INFO]Prompt 92 generated token: ','
2026-03-09 11:31:11 - INFO - Prompt 92: comma_logit=16.3750 (prob=0.351129), semicolon_logit=12.3125 (prob=0.006042)
[icl_eval|INFO]Prompt 92: comma_logit=16.3750 (prob=0.351129), semicolon_logit=12.3125 (prob=0.006042)
2026-03-09 11:31:12 - INFO - Prompt 93 generated token: ','
[icl_eval|INFO]Prompt 93 generated token: ','
2026-03-09 11:31:12 - INFO - Prompt 93: comma_logit=16.7500 (prob=0.401469), semicolon_logit=10.8750 (prob=0.001128)
[icl_eval|INFO]Prompt 93: comma_logit=16.7500 (prob=0.401469), semicolon_logit=10.8750 (prob=0.001128)
2026-03-09 11:31:12 - INFO - Prompt 94 generated token: ','
[icl_eval|INFO]Prompt 94 generated token: ','
2026-03-09 11:31:12 - INFO - Prompt 94: comma_logit=16.8750 (prob=0.455799), semicolon_logit=11.1250 (prob=0.001451)
[icl_eval|INFO]Prompt 94: comma_logit=16.8750 (prob=0.455799), semicolon_logit=11.1250 (prob=0.001451)
2026-03-09 11:31:12 - INFO - Prompt 95 generated token: ','
[icl_eval|INFO]Prompt 95 generated token: ','
2026-03-09 11:31:12 - INFO - Prompt 95: comma_logit=16.8750 (prob=0.407090), semicolon_logit=10.9375 (prob=0.001074)
[icl_eval|INFO]Prompt 95: comma_logit=16.8750 (prob=0.407090), semicolon_logit=10.9375 (prob=0.001074)
2026-03-09 11:31:12 - INFO - Prompt 96 generated token: ','
[icl_eval|INFO]Prompt 96 generated token: ','
2026-03-09 11:31:12 - INFO - Prompt 96: comma_logit=16.8750 (prob=0.431890), semicolon_logit=11.6250 (prob=0.002266)
[icl_eval|INFO]Prompt 96: comma_logit=16.8750 (prob=0.431890), semicolon_logit=11.6250 (prob=0.002266)
2026-03-09 11:31:12 - INFO - Prompt 97 generated token: ','
[icl_eval|INFO]Prompt 97 generated token: ','
2026-03-09 11:31:12 - INFO - Prompt 97: comma_logit=15.9375 (prob=0.265658), semicolon_logit=12.1250 (prob=0.005869)
[icl_eval|INFO]Prompt 97: comma_logit=15.9375 (prob=0.265658), semicolon_logit=12.1250 (prob=0.005869)
2026-03-09 11:31:13 - INFO - Prompt 98 generated token: ','
[icl_eval|INFO]Prompt 98 generated token: ','
2026-03-09 11:31:13 - INFO - Prompt 98: comma_logit=16.3750 (prob=0.377347), semicolon_logit=11.6875 (prob=0.003475)
[icl_eval|INFO]Prompt 98: comma_logit=16.3750 (prob=0.377347), semicolon_logit=11.6875 (prob=0.003475)
2026-03-09 11:31:13 - INFO - Prompt 99 generated token: ','
[icl_eval|INFO]Prompt 99 generated token: ','
2026-03-09 11:31:13 - INFO - Prompt 99: comma_logit=16.6250 (prob=0.404591), semicolon_logit=11.3125 (prob=0.001994)
[icl_eval|INFO]Prompt 99: comma_logit=16.6250 (prob=0.404591), semicolon_logit=11.3125 (prob=0.001994)
2026-03-09 11:31:13 - INFO - Overall: mean_comma_logit=16.5669 (prob=0.390983), mean_semicolon_logit=11.5031 (prob=0.003420), comma_preferred=100/100, semicolon_preferred=0/100
[icl_eval|INFO]Overall: mean_comma_logit=16.5669 (prob=0.390983), mean_semicolon_logit=11.5031 (prob=0.003420), comma_preferred=100/100, semicolon_preferred=0/100
2026-03-09 11:31:13 - INFO - Results saved to: /workspace/spar-team-recon/projects/ip/results/exp_5/arm_5/icl=10/judgements/comma_vs_semicolon_toy.jsonl
[icl_eval|INFO]Results saved to: /workspace/spar-team-recon/projects/ip/results/exp_5/arm_5/icl=10/judgements/comma_vs_semicolon_toy.jsonl
2026-03-09 11:31:13 - INFO - Results saved to /workspace/spar-team-recon/projects/ip/results/exp_5/arm_5/icl=10/judgements/comma_vs_semicolon_toy.jsonl
[icl_eval|INFO]Results saved to /workspace/spar-team-recon/projects/ip/results/exp_5/arm_5/icl=10/judgements/comma_vs_semicolon_toy.jsonl
2026-03-09 11:31:13 - INFO - ============================================================
[icl_eval|INFO]============================================================
2026-03-09 11:31:13 - INFO - Processing prompts_icl=12.jsonl (icl=12)
[icl_eval|INFO]Processing prompts_icl=12.jsonl (icl=12)
2026-03-09 11:31:13 - INFO - ============================================================
[icl_eval|INFO]============================================================
2026-03-09 11:31:13 - INFO - Loading test data from: /workspace/spar-team-recon/projects/ip/data/evals/comma_vs_semicolon_toy/icl_ip/exp_5_arm_5_ICL_IP_comma/prompts_icl=12.jsonl
[icl_eval|INFO]Loading test data from: /workspace/spar-team-recon/projects/ip/data/evals/comma_vs_semicolon_toy/icl_ip/exp_5_arm_5_ICL_IP_comma/prompts_icl=12.jsonl
2026-03-09 11:31:13 - INFO - Loaded 100 test prompts
[icl_eval|INFO]Loaded 100 test prompts
2026-03-09 11:31:13 - INFO - 100 prompts loaded
[icl_eval|INFO]100 prompts loaded
2026-03-09 11:31:36 - INFO - Rollouts done in 23.1s
[icl_eval|INFO]Rollouts done in 23.1s
2026-03-09 11:31:36 - INFO - Comma ',' tokenizes to IDs: [1044]
[icl_eval|INFO]Comma ',' tokenizes to IDs: [1044]
2026-03-09 11:31:36 - INFO - Semicolon ';' tokenizes to IDs: [1059]
[icl_eval|INFO]Semicolon ';' tokenizes to IDs: [1059]
2026-03-09 11:31:36 - INFO - Using comma_id=1044 (','), semicolon_id=1059 (';')
[icl_eval|INFO]Using comma_id=1044 (','), semicolon_id=1059 (';')
2026-03-09 11:31:36 - INFO - Processing 100 prompts
[icl_eval|INFO]Processing 100 prompts
2026-03-09 11:31:36 - INFO - Prompt 0 generated token: ','
[icl_eval|INFO]Prompt 0 generated token: ','
2026-03-09 11:31:36 - INFO - Prompt 0: comma_logit=16.6250 (prob=0.380187), semicolon_logit=10.7500 (prob=0.001068)
[icl_eval|INFO]Prompt 0: comma_logit=16.6250 (prob=0.380187), semicolon_logit=10.7500 (prob=0.001068)
2026-03-09 11:31:36 - INFO - Prompt 1 generated token: ','
[icl_eval|INFO]Prompt 1 generated token: ','
2026-03-09 11:31:36 - INFO - Prompt 1: comma_logit=15.5625 (prob=0.226144), semicolon_logit=13.8750 (prob=0.041832)
[icl_eval|INFO]Prompt 1: comma_logit=15.5625 (prob=0.226144), semicolon_logit=13.8750 (prob=0.041832)
2026-03-09 11:31:37 - INFO - Prompt 2 generated token: ','
[icl_eval|INFO]Prompt 2 generated token: ','
2026-03-09 11:31:37 - INFO - Prompt 2: comma_logit=15.6250 (prob=0.279468), semicolon_logit=11.5625 (prob=0.004809)
[icl_eval|INFO]Prompt 2: comma_logit=15.6250 (prob=0.279468), semicolon_logit=11.5625 (prob=0.004809)
2026-03-09 11:31:37 - INFO - Prompt 3 generated token: ','
[icl_eval|INFO]Prompt 3 generated token: ','
2026-03-09 11:31:37 - INFO - Prompt 3: comma_logit=15.5000 (prob=0.208719), semicolon_logit=12.0625 (prob=0.006709)
[icl_eval|INFO]Prompt 3: comma_logit=15.5000 (prob=0.208719), semicolon_logit=12.0625 (prob=0.006709)
2026-03-09 11:31:37 - INFO - Prompt 4 generated token: ','
[icl_eval|INFO]Prompt 4 generated token: ','
2026-03-09 11:31:37 - INFO - Prompt 4: comma_logit=16.3750 (prob=0.380202), semicolon_logit=11.0625 (prob=0.001874)
[icl_eval|INFO]Prompt 4: comma_logit=16.3750 (prob=0.380202), semicolon_logit=11.0625 (prob=0.001874)
2026-03-09 11:31:37 - INFO - Prompt 5 generated token: ','
[icl_eval|INFO]Prompt 5 generated token: ','
2026-03-09 11:31:37 - INFO - Prompt 5: comma_logit=17.2500 (prob=0.484789), semicolon_logit=12.5625 (prob=0.004465)
[icl_eval|INFO]Prompt 5: comma_logit=17.2500 (prob=0.484789), semicolon_logit=12.5625 (prob=0.004465)
2026-03-09 11:31:38 - INFO - Prompt 6 generated token: ','
[icl_eval|INFO]Prompt 6 generated token: ','
2026-03-09 11:31:38 - INFO - Prompt 6: comma_logit=17.2500 (prob=0.452663), semicolon_logit=10.3750 (prob=0.000468)
[icl_eval|INFO]Prompt 6: comma_logit=17.2500 (prob=0.452663), semicolon_logit=10.3750 (prob=0.000468)
2026-03-09 11:31:38 - INFO - Prompt 7 generated token: ','
[icl_eval|INFO]Prompt 7 generated token: ','
2026-03-09 11:31:38 - INFO - Prompt 7: comma_logit=16.5000 (prob=0.359585), semicolon_logit=10.7500 (prob=0.001144)
[icl_eval|INFO]Prompt 7: comma_logit=16.5000 (prob=0.359585), semicolon_logit=10.7500 (prob=0.001144)
2026-03-09 11:31:38 - INFO - Prompt 8 generated token: ','
[icl_eval|INFO]Prompt 8 generated token: ','
2026-03-09 11:31:38 - INFO - Prompt 8: comma_logit=17.2500 (prob=0.481784), semicolon_logit=11.0000 (prob=0.000930)
[icl_eval|INFO]Prompt 8: comma_logit=17.2500 (prob=0.481784), semicolon_logit=11.0000 (prob=0.000930)
2026-03-09 11:31:38 - INFO - Prompt 9 generated token: ','
[icl_eval|INFO]Prompt 9 generated token: ','
2026-03-09 11:31:38 - INFO - Prompt 9: comma_logit=16.5000 (prob=0.343836), semicolon_logit=12.1875 (prob=0.004607)
[icl_eval|INFO]Prompt 9: comma_logit=16.5000 (prob=0.343836), semicolon_logit=12.1875 (prob=0.004607)
2026-03-09 11:31:39 - INFO - Prompt 10 generated token: ','
[icl_eval|INFO]Prompt 10 generated token: ','
2026-03-09 11:31:39 - INFO - Prompt 10: comma_logit=17.0000 (prob=0.395472), semicolon_logit=11.5000 (prob=0.001616)
[icl_eval|INFO]Prompt 10: comma_logit=17.0000 (prob=0.395472), semicolon_logit=11.5000 (prob=0.001616)
2026-03-09 11:31:39 - INFO - Prompt 11 generated token: ','
[icl_eval|INFO]Prompt 11 generated token: ','
2026-03-09 11:31:39 - INFO - Prompt 11: comma_logit=16.1250 (prob=0.329092), semicolon_logit=11.0000 (prob=0.001957)
[icl_eval|INFO]Prompt 11: comma_logit=16.1250 (prob=0.329092), semicolon_logit=11.0000 (prob=0.001957)
2026-03-09 11:31:39 - INFO - Prompt 12 generated token: ','
[icl_eval|INFO]Prompt 12 generated token: ','
2026-03-09 11:31:39 - INFO - Prompt 12: comma_logit=16.1250 (prob=0.326767), semicolon_logit=11.3750 (prob=0.002827)
[icl_eval|INFO]Prompt 12: comma_logit=16.1250 (prob=0.326767), semicolon_logit=11.3750 (prob=0.002827)
2026-03-09 11:31:39 - INFO - Prompt 13 generated token: ','
[icl_eval|INFO]Prompt 13 generated token: ','
2026-03-09 11:31:39 - INFO - Prompt 13: comma_logit=16.1250 (prob=0.324086), semicolon_logit=10.7500 (prob=0.001501)
[icl_eval|INFO]Prompt 13: comma_logit=16.1250 (prob=0.324086), semicolon_logit=10.7500 (prob=0.001501)
2026-03-09 11:31:39 - INFO - Prompt 14 generated token: ','
[icl_eval|INFO]Prompt 14 generated token: ','
2026-03-09 11:31:39 - INFO - Prompt 14: comma_logit=15.9375 (prob=0.248986), semicolon_logit=11.6250 (prob=0.003336)
[icl_eval|INFO]Prompt 14: comma_logit=15.9375 (prob=0.248986), semicolon_logit=11.6250 (prob=0.003336)
2026-03-09 11:31:40 - INFO - Prompt 15 generated token: ','
[icl_eval|INFO]Prompt 15 generated token: ','
2026-03-09 11:31:40 - INFO - Prompt 15: comma_logit=16.1250 (prob=0.319767), semicolon_logit=10.9375 (prob=0.001786)
[icl_eval|INFO]Prompt 15: comma_logit=16.1250 (prob=0.319767), semicolon_logit=10.9375 (prob=0.001786)
2026-03-09 11:31:40 - INFO - Prompt 16 generated token: ','
[icl_eval|INFO]Prompt 16 generated token: ','
2026-03-09 11:31:40 - INFO - Prompt 16: comma_logit=15.9375 (prob=0.267863), semicolon_logit=11.4375 (prob=0.002976)
[icl_eval|INFO]Prompt 16: comma_logit=15.9375 (prob=0.267863), semicolon_logit=11.4375 (prob=0.002976)
2026-03-09 11:31:40 - INFO - Prompt 17 generated token: ','
[icl_eval|INFO]Prompt 17 generated token: ','
2026-03-09 11:31:40 - INFO - Prompt 17: comma_logit=17.3750 (prob=0.486943), semicolon_logit=11.1250 (prob=0.000940)
[icl_eval|INFO]Prompt 17: comma_logit=17.3750 (prob=0.486943), semicolon_logit=11.1250 (prob=0.000940)
2026-03-09 11:31:40 - INFO - Prompt 18 generated token: ','
[icl_eval|INFO]Prompt 18 generated token: ','
2026-03-09 11:31:40 - INFO - Prompt 18: comma_logit=17.0000 (prob=0.419653), semicolon_logit=11.3750 (prob=0.001514)
[icl_eval|INFO]Prompt 18: comma_logit=17.0000 (prob=0.419653), semicolon_logit=11.3750 (prob=0.001514)
2026-03-09 11:31:41 - INFO - Prompt 19 generated token: ','
[icl_eval|INFO]Prompt 19 generated token: ','
2026-03-09 11:31:41 - INFO - Prompt 19: comma_logit=17.3750 (prob=0.507407), semicolon_logit=11.1250 (prob=0.000980)
[icl_eval|INFO]Prompt 19: comma_logit=17.3750 (prob=0.507407), semicolon_logit=11.1250 (prob=0.000980)
2026-03-09 11:31:41 - INFO - Prompt 20 generated token: ','
[icl_eval|INFO]Prompt 20 generated token: ','
2026-03-09 11:31:41 - INFO - Prompt 20: comma_logit=16.8750 (prob=0.390560), semicolon_logit=12.3125 (prob=0.004076)
[icl_eval|INFO]Prompt 20: comma_logit=16.8750 (prob=0.390560), semicolon_logit=12.3125 (prob=0.004076)
2026-03-09 11:31:41 - INFO - Prompt 21 generated token: ','
[icl_eval|INFO]Prompt 21 generated token: ','
2026-03-09 11:31:41 - INFO - Prompt 21: comma_logit=16.5000 (prob=0.416393), semicolon_logit=11.3750 (prob=0.002476)
[icl_eval|INFO]Prompt 21: comma_logit=16.5000 (prob=0.416393), semicolon_logit=11.3750 (prob=0.002476)
2026-03-09 11:31:41 - INFO - Prompt 22 generated token: ','
[icl_eval|INFO]Prompt 22 generated token: ','
2026-03-09 11:31:41 - INFO - Prompt 22: comma_logit=16.6250 (prob=0.378662), semicolon_logit=11.0625 (prob=0.001454)
[icl_eval|INFO]Prompt 22: comma_logit=16.6250 (prob=0.378662), semicolon_logit=11.0625 (prob=0.001454)
2026-03-09 11:31:42 - INFO - Prompt 23 generated token: ','
[icl_eval|INFO]Prompt 23 generated token: ','
2026-03-09 11:31:42 - INFO - Prompt 23: comma_logit=15.6875 (prob=0.242099), semicolon_logit=11.8125 (prob=0.005025)
[icl_eval|INFO]Prompt 23: comma_logit=15.6875 (prob=0.242099), semicolon_logit=11.8125 (prob=0.005025)
2026-03-09 11:31:42 - INFO - Prompt 24 generated token: ','
[icl_eval|INFO]Prompt 24 generated token: ','
2026-03-09 11:31:42 - INFO - Prompt 24: comma_logit=16.5000 (prob=0.325044), semicolon_logit=12.2500 (prob=0.004637)
[icl_eval|INFO]Prompt 24: comma_logit=16.5000 (prob=0.325044), semicolon_logit=12.2500 (prob=0.004637)
2026-03-09 11:31:42 - INFO - Prompt 25 generated token: ','
[icl_eval|INFO]Prompt 25 generated token: ','
2026-03-09 11:31:42 - INFO - Prompt 25: comma_logit=17.3750 (prob=0.502793), semicolon_logit=10.5000 (prob=0.000520)
[icl_eval|INFO]Prompt 25: comma_logit=17.3750 (prob=0.502793), semicolon_logit=10.5000 (prob=0.000520)
2026-03-09 11:31:42 - INFO - Prompt 26 generated token: ','
[icl_eval|INFO]Prompt 26 generated token: ','
2026-03-09 11:31:42 - INFO - Prompt 26: comma_logit=16.7500 (prob=0.445869), semicolon_logit=11.2500 (prob=0.001822)
[icl_eval|INFO]Prompt 26: comma_logit=16.7500 (prob=0.445869), semicolon_logit=11.2500 (prob=0.001822)
2026-03-09 11:31:42 - INFO - Prompt 27 generated token: ','
[icl_eval|INFO]Prompt 27 generated token: ','
2026-03-09 11:31:42 - INFO - Prompt 27: comma_logit=16.0000 (prob=0.307856), semicolon_logit=10.6875 (prob=0.001518)
[icl_eval|INFO]Prompt 27: comma_logit=16.0000 (prob=0.307856), semicolon_logit=10.6875 (prob=0.001518)
2026-03-09 11:31:43 - INFO - Prompt 28 generated token: ','
[icl_eval|INFO]Prompt 28 generated token: ','
2026-03-09 11:31:43 - INFO - Prompt 28: comma_logit=17.0000 (prob=0.462613), semicolon_logit=10.8750 (prob=0.001012)
[icl_eval|INFO]Prompt 28: comma_logit=17.0000 (prob=0.462613), semicolon_logit=10.8750 (prob=0.001012)
2026-03-09 11:31:43 - INFO - Prompt 29 generated token: ','
[icl_eval|INFO]Prompt 29 generated token: ','
2026-03-09 11:31:43 - INFO - Prompt 29: comma_logit=17.0000 (prob=0.484674), semicolon_logit=11.3750 (prob=0.001748)
[icl_eval|INFO]Prompt 29: comma_logit=17.0000 (prob=0.484674), semicolon_logit=11.3750 (prob=0.001748)
2026-03-09 11:31:43 - INFO - Prompt 30 generated token: ','
[icl_eval|INFO]Prompt 30 generated token: ','
2026-03-09 11:31:43 - INFO - Prompt 30: comma_logit=16.8750 (prob=0.433769), semicolon_logit=11.3750 (prob=0.001773)
[icl_eval|INFO]Prompt 30: comma_logit=16.8750 (prob=0.433769), semicolon_logit=11.3750 (prob=0.001773)
2026-03-09 11:31:43 - INFO - Prompt 31 generated token: '.

'
[icl_eval|INFO]Prompt 31 generated token: '.

'
2026-03-09 11:31:43 - INFO - Prompt 31: comma_logit=15.5000 (prob=0.183608), semicolon_logit=11.4375 (prob=0.003159)
[icl_eval|INFO]Prompt 31: comma_logit=15.5000 (prob=0.183608), semicolon_logit=11.4375 (prob=0.003159)
2026-03-09 11:31:44 - INFO - Prompt 32 generated token: ','
[icl_eval|INFO]Prompt 32 generated token: ','
2026-03-09 11:31:44 - INFO - Prompt 32: comma_logit=17.0000 (prob=0.411225), semicolon_logit=11.3125 (prob=0.001393)
[icl_eval|INFO]Prompt 32: comma_logit=17.0000 (prob=0.411225), semicolon_logit=11.3125 (prob=0.001393)
2026-03-09 11:31:44 - INFO - Prompt 33 generated token: ','
[icl_eval|INFO]Prompt 33 generated token: ','
2026-03-09 11:31:44 - INFO - Prompt 33: comma_logit=17.3750 (prob=0.561465), semicolon_logit=11.8750 (prob=0.002295)
[icl_eval|INFO]Prompt 33: comma_logit=17.3750 (prob=0.561465), semicolon_logit=11.8750 (prob=0.002295)
2026-03-09 11:31:44 - INFO - Prompt 34 generated token: ','
[icl_eval|INFO]Prompt 34 generated token: ','
2026-03-09 11:31:44 - INFO - Prompt 34: comma_logit=16.8750 (prob=0.418984), semicolon_logit=12.0000 (prob=0.003199)
[icl_eval|INFO]Prompt 34: comma_logit=16.8750 (prob=0.418984), semicolon_logit=12.0000 (prob=0.003199)
2026-03-09 11:31:44 - INFO - Prompt 35 generated token: ','
[icl_eval|INFO]Prompt 35 generated token: ','
2026-03-09 11:31:44 - INFO - Prompt 35: comma_logit=16.1250 (prob=0.296501), semicolon_logit=12.5625 (prob=0.008411)
[icl_eval|INFO]Prompt 35: comma_logit=16.1250 (prob=0.296501), semicolon_logit=12.5625 (prob=0.008411)
2026-03-09 11:31:45 - INFO - Prompt 36 generated token: ','
[icl_eval|INFO]Prompt 36 generated token: ','
2026-03-09 11:31:45 - INFO - Prompt 36: comma_logit=17.1250 (prob=0.455612), semicolon_logit=11.9375 (prob=0.002545)
[icl_eval|INFO]Prompt 36: comma_logit=17.1250 (prob=0.455612), semicolon_logit=11.9375 (prob=0.002545)
2026-03-09 11:31:45 - INFO - Prompt 37 generated token: ','
[icl_eval|INFO]Prompt 37 generated token: ','
2026-03-09 11:31:45 - INFO - Prompt 37: comma_logit=17.0000 (prob=0.438945), semicolon_logit=11.8125 (prob=0.002452)
[icl_eval|INFO]Prompt 37: comma_logit=17.0000 (prob=0.438945), semicolon_logit=11.8125 (prob=0.002452)
2026-03-09 11:31:45 - INFO - Prompt 38 generated token: ','
[icl_eval|INFO]Prompt 38 generated token: ','
2026-03-09 11:31:45 - INFO - Prompt 38: comma_logit=16.6250 (prob=0.380907), semicolon_logit=13.1250 (prob=0.011502)
[icl_eval|INFO]Prompt 38: comma_logit=16.6250 (prob=0.380907), semicolon_logit=13.1250 (prob=0.011502)
2026-03-09 11:31:45 - INFO - Prompt 39 generated token: ','
[icl_eval|INFO]Prompt 39 generated token: ','
2026-03-09 11:31:45 - INFO - Prompt 39: comma_logit=17.0000 (prob=0.402271), semicolon_logit=10.9375 (prob=0.000937)
[icl_eval|INFO]Prompt 39: comma_logit=17.0000 (prob=0.402271), semicolon_logit=10.9375 (prob=0.000937)
2026-03-09 11:31:45 - INFO - Prompt 40 generated token: ','
[icl_eval|INFO]Prompt 40 generated token: ','
2026-03-09 11:31:45 - INFO - Prompt 40: comma_logit=16.5000 (prob=0.352126), semicolon_logit=12.0000 (prob=0.003912)
[icl_eval|INFO]Prompt 40: comma_logit=16.5000 (prob=0.352126), semicolon_logit=12.0000 (prob=0.003912)
2026-03-09 11:31:46 - INFO - Prompt 41 generated token: ','
[icl_eval|INFO]Prompt 41 generated token: ','
2026-03-09 11:31:46 - INFO - Prompt 41: comma_logit=16.8750 (prob=0.438327), semicolon_logit=11.0625 (prob=0.001311)
[icl_eval|INFO]Prompt 41: comma_logit=16.8750 (prob=0.438327), semicolon_logit=11.0625 (prob=0.001311)
2026-03-09 11:31:46 - INFO - Prompt 42 generated token: ','
[icl_eval|INFO]Prompt 42 generated token: ','
2026-03-09 11:31:46 - INFO - Prompt 42: comma_logit=17.1250 (prob=0.428500), semicolon_logit=11.5625 (prob=0.001645)
[icl_eval|INFO]Prompt 42: comma_logit=17.1250 (prob=0.428500), semicolon_logit=11.5625 (prob=0.001645)
2026-03-09 11:31:46 - INFO - Prompt 43 generated token: ','
[icl_eval|INFO]Prompt 43 generated token: ','
2026-03-09 11:31:46 - INFO - Prompt 43: comma_logit=16.7500 (prob=0.406630), semicolon_logit=11.2500 (prob=0.001662)
[icl_eval|INFO]Prompt 43: comma_logit=16.7500 (prob=0.406630), semicolon_logit=11.2500 (prob=0.001662)
2026-03-09 11:31:46 - INFO - Prompt 44 generated token: ','
[icl_eval|INFO]Prompt 44 generated token: ','
2026-03-09 11:31:46 - INFO - Prompt 44: comma_logit=16.1250 (prob=0.340121), semicolon_logit=12.8125 (prob=0.012389)
[icl_eval|INFO]Prompt 44: comma_logit=16.1250 (prob=0.340121), semicolon_logit=12.8125 (prob=0.012389)
2026-03-09 11:31:47 - INFO - Prompt 45 generated token: ','
[icl_eval|INFO]Prompt 45 generated token: ','
2026-03-09 11:31:47 - INFO - Prompt 45: comma_logit=16.5000 (prob=0.398988), semicolon_logit=11.7500 (prob=0.003452)
[icl_eval|INFO]Prompt 45: comma_logit=16.5000 (prob=0.398988), semicolon_logit=11.7500 (prob=0.003452)
2026-03-09 11:31:47 - INFO - Prompt 46 generated token: ','
[icl_eval|INFO]Prompt 46 generated token: ','
2026-03-09 11:31:47 - INFO - Prompt 46: comma_logit=17.0000 (prob=0.488393), semicolon_logit=10.3125 (prob=0.000609)
[icl_eval|INFO]Prompt 46: comma_logit=17.0000 (prob=0.488393), semicolon_logit=10.3125 (prob=0.000609)
2026-03-09 11:31:47 - INFO - Prompt 47 generated token: ','
[icl_eval|INFO]Prompt 47 generated token: ','
2026-03-09 11:31:47 - INFO - Prompt 47: comma_logit=16.5000 (prob=0.405943), semicolon_logit=10.8750 (prob=0.001464)
[icl_eval|INFO]Prompt 47: comma_logit=16.5000 (prob=0.405943), semicolon_logit=10.8750 (prob=0.001464)
2026-03-09 11:31:47 - INFO - Prompt 48 generated token: ','
[icl_eval|INFO]Prompt 48 generated token: ','
2026-03-09 11:31:47 - INFO - Prompt 48: comma_logit=16.6250 (prob=0.379380), semicolon_logit=10.8750 (prob=0.001207)
[icl_eval|INFO]Prompt 48: comma_logit=16.6250 (prob=0.379380), semicolon_logit=10.8750 (prob=0.001207)
2026-03-09 11:31:48 - INFO - Prompt 49 generated token: ','
[icl_eval|INFO]Prompt 49 generated token: ','
2026-03-09 11:31:48 - INFO - Prompt 49: comma_logit=16.3750 (prob=0.347502), semicolon_logit=12.0000 (prob=0.004374)
[icl_eval|INFO]Prompt 49: comma_logit=16.3750 (prob=0.347502), semicolon_logit=12.0000 (prob=0.004374)
2026-03-09 11:31:48 - INFO - Prompt 50 generated token: ','
[icl_eval|INFO]Prompt 50 generated token: ','
2026-03-09 11:31:48 - INFO - Prompt 50: comma_logit=16.7500 (prob=0.404558), semicolon_logit=10.1875 (prob=0.000571)
[icl_eval|INFO]Prompt 50: comma_logit=16.7500 (prob=0.404558), semicolon_logit=10.1875 (prob=0.000571)
2026-03-09 11:31:48 - INFO - Prompt 51 generated token: ','
[icl_eval|INFO]Prompt 51 generated token: ','
2026-03-09 11:31:48 - INFO - Prompt 51: comma_logit=17.0000 (prob=0.410742), semicolon_logit=11.3125 (prob=0.001392)
[icl_eval|INFO]Prompt 51: comma_logit=17.0000 (prob=0.410742), semicolon_logit=11.3125 (prob=0.001392)
2026-03-09 11:31:48 - INFO - Prompt 52 generated token: ','
[icl_eval|INFO]Prompt 52 generated token: ','
2026-03-09 11:31:48 - INFO - Prompt 52: comma_logit=16.7500 (prob=0.421259), semicolon_logit=11.0000 (prob=0.001341)
[icl_eval|INFO]Prompt 52: comma_logit=16.7500 (prob=0.421259), semicolon_logit=11.0000 (prob=0.001341)
2026-03-09 11:31:49 - INFO - Prompt 53 generated token: ','
[icl_eval|INFO]Prompt 53 generated token: ','
2026-03-09 11:31:49 - INFO - Prompt 53: comma_logit=16.2500 (prob=0.328699), semicolon_logit=11.8750 (prob=0.004138)
[icl_eval|INFO]Prompt 53: comma_logit=16.2500 (prob=0.328699), semicolon_logit=11.8750 (prob=0.004138)
2026-03-09 11:31:49 - INFO - Prompt 54 generated token: ','
[icl_eval|INFO]Prompt 54 generated token: ','
2026-03-09 11:31:49 - INFO - Prompt 54: comma_logit=17.2500 (prob=0.514406), semicolon_logit=11.1875 (prob=0.001198)
[icl_eval|INFO]Prompt 54: comma_logit=17.2500 (prob=0.514406), semicolon_logit=11.1875 (prob=0.001198)
2026-03-09 11:31:49 - INFO - Prompt 55 generated token: ','
[icl_eval|INFO]Prompt 55 generated token: ','
2026-03-09 11:31:49 - INFO - Prompt 55: comma_logit=16.3750 (prob=0.401928), semicolon_logit=11.8750 (prob=0.004465)
[icl_eval|INFO]Prompt 55: comma_logit=16.3750 (prob=0.401928), semicolon_logit=11.8750 (prob=0.004465)
2026-03-09 11:31:49 - INFO - Prompt 56 generated token: ','
[icl_eval|INFO]Prompt 56 generated token: ','
2026-03-09 11:31:49 - INFO - Prompt 56: comma_logit=16.6250 (prob=0.429886), semicolon_logit=11.0000 (prob=0.001550)
[icl_eval|INFO]Prompt 56: comma_logit=16.6250 (prob=0.429886), semicolon_logit=11.0000 (prob=0.001550)
2026-03-09 11:31:49 - INFO - Prompt 57 generated token: ','
[icl_eval|INFO]Prompt 57 generated token: ','
2026-03-09 11:31:49 - INFO - Prompt 57: comma_logit=16.7500 (prob=0.408070), semicolon_logit=12.0000 (prob=0.003530)
[icl_eval|INFO]Prompt 57: comma_logit=16.7500 (prob=0.408070), semicolon_logit=12.0000 (prob=0.003530)
2026-03-09 11:31:50 - INFO - Prompt 58 generated token: ','
[icl_eval|INFO]Prompt 58 generated token: ','
2026-03-09 11:31:50 - INFO - Prompt 58: comma_logit=16.8750 (prob=0.453248), semicolon_logit=11.5000 (prob=0.002099)
[icl_eval|INFO]Prompt 58: comma_logit=16.8750 (prob=0.453248), semicolon_logit=11.5000 (prob=0.002099)
2026-03-09 11:31:50 - INFO - Prompt 59 generated token: ','
[icl_eval|INFO]Prompt 59 generated token: ','
2026-03-09 11:31:50 - INFO - Prompt 59: comma_logit=16.3750 (prob=0.355325), semicolon_logit=11.1875 (prob=0.001985)
[icl_eval|INFO]Prompt 59: comma_logit=16.3750 (prob=0.355325), semicolon_logit=11.1875 (prob=0.001985)
2026-03-09 11:31:50 - INFO - Prompt 60 generated token: ','
[icl_eval|INFO]Prompt 60 generated token: ','
2026-03-09 11:31:50 - INFO - Prompt 60: comma_logit=17.3750 (prob=0.524138), semicolon_logit=11.0000 (prob=0.000893)
[icl_eval|INFO]Prompt 60: comma_logit=17.3750 (prob=0.524138), semicolon_logit=11.0000 (prob=0.000893)
2026-03-09 11:31:50 - INFO - Prompt 61 generated token: ','
[icl_eval|INFO]Prompt 61 generated token: ','
2026-03-09 11:31:50 - INFO - Prompt 61: comma_logit=15.1250 (prob=0.243406), semicolon_logit=9.9375 (prob=0.001360)
[icl_eval|INFO]Prompt 61: comma_logit=15.1250 (prob=0.243406), semicolon_logit=9.9375 (prob=0.001360)
2026-03-09 11:31:51 - INFO - Prompt 62 generated token: ','
[icl_eval|INFO]Prompt 62 generated token: ','
2026-03-09 11:31:51 - INFO - Prompt 62: comma_logit=16.8750 (prob=0.416530), semicolon_logit=11.2500 (prob=0.001502)
[icl_eval|INFO]Prompt 62: comma_logit=16.8750 (prob=0.416530), semicolon_logit=11.2500 (prob=0.001502)
2026-03-09 11:31:51 - INFO - Prompt 63 generated token: ','
[icl_eval|INFO]Prompt 63 generated token: ','
2026-03-09 11:31:51 - INFO - Prompt 63: comma_logit=16.3750 (prob=0.403847), semicolon_logit=12.2500 (prob=0.006528)
[icl_eval|INFO]Prompt 63: comma_logit=16.3750 (prob=0.403847), semicolon_logit=12.2500 (prob=0.006528)
2026-03-09 11:31:51 - INFO - Prompt 64 generated token: ','
[icl_eval|INFO]Prompt 64 generated token: ','
2026-03-09 11:31:51 - INFO - Prompt 64: comma_logit=16.5000 (prob=0.409930), semicolon_logit=12.9375 (prob=0.011629)
[icl_eval|INFO]Prompt 64: comma_logit=16.5000 (prob=0.409930), semicolon_logit=12.9375 (prob=0.011629)
2026-03-09 11:31:51 - INFO - Prompt 65 generated token: ','
[icl_eval|INFO]Prompt 65 generated token: ','
2026-03-09 11:31:51 - INFO - Prompt 65: comma_logit=16.5000 (prob=0.349765), semicolon_logit=11.3750 (prob=0.002080)
[icl_eval|INFO]Prompt 65: comma_logit=16.5000 (prob=0.349765), semicolon_logit=11.3750 (prob=0.002080)
2026-03-09 11:31:52 - INFO - Prompt 66 generated token: ','
[icl_eval|INFO]Prompt 66 generated token: ','
2026-03-09 11:31:52 - INFO - Prompt 66: comma_logit=16.7500 (prob=0.411840), semicolon_logit=11.5625 (prob=0.002301)
[icl_eval|INFO]Prompt 66: comma_logit=16.7500 (prob=0.411840), semicolon_logit=11.5625 (prob=0.002301)
2026-03-09 11:31:52 - INFO - Prompt 67 generated token: ','
[icl_eval|INFO]Prompt 67 generated token: ','
2026-03-09 11:31:52 - INFO - Prompt 67: comma_logit=17.0000 (prob=0.509002), semicolon_logit=11.1250 (prob=0.001430)
[icl_eval|INFO]Prompt 67: comma_logit=17.0000 (prob=0.509002), semicolon_logit=11.1250 (prob=0.001430)
2026-03-09 11:31:52 - INFO - Prompt 68 generated token: ','
[icl_eval|INFO]Prompt 68 generated token: ','
2026-03-09 11:31:52 - INFO - Prompt 68: comma_logit=15.7500 (prob=0.268425), semicolon_logit=12.6250 (prob=0.011794)
[icl_eval|INFO]Prompt 68: comma_logit=15.7500 (prob=0.268425), semicolon_logit=12.6250 (prob=0.011794)
2026-03-09 11:31:52 - INFO - Prompt 69 generated token: ','
[icl_eval|INFO]Prompt 69 generated token: ','
2026-03-09 11:31:52 - INFO - Prompt 69: comma_logit=17.0000 (prob=0.471434), semicolon_logit=11.1875 (prob=0.001410)
[icl_eval|INFO]Prompt 69: comma_logit=17.0000 (prob=0.471434), semicolon_logit=11.1875 (prob=0.001410)
2026-03-09 11:31:52 - INFO - Prompt 70 generated token: ','
[icl_eval|INFO]Prompt 70 generated token: ','
2026-03-09 11:31:52 - INFO - Prompt 70: comma_logit=16.5000 (prob=0.332795), semicolon_logit=12.1875 (prob=0.004459)
[icl_eval|INFO]Prompt 70: comma_logit=16.5000 (prob=0.332795), semicolon_logit=12.1875 (prob=0.004459)
2026-03-09 11:31:53 - INFO - Prompt 71 generated token: ','
[icl_eval|INFO]Prompt 71 generated token: ','
2026-03-09 11:31:53 - INFO - Prompt 71: comma_logit=17.0000 (prob=0.426764), semicolon_logit=11.3750 (prob=0.001539)
[icl_eval|INFO]Prompt 71: comma_logit=17.0000 (prob=0.426764), semicolon_logit=11.3750 (prob=0.001539)
2026-03-09 11:31:53 - INFO - Prompt 72 generated token: ','
[icl_eval|INFO]Prompt 72 generated token: ','
2026-03-09 11:31:53 - INFO - Prompt 72: comma_logit=16.5000 (prob=0.418380), semicolon_logit=11.1250 (prob=0.001937)
[icl_eval|INFO]Prompt 72: comma_logit=16.5000 (prob=0.418380), semicolon_logit=11.1250 (prob=0.001937)
2026-03-09 11:31:53 - INFO - Prompt 73 generated token: ','
[icl_eval|INFO]Prompt 73 generated token: ','
2026-03-09 11:31:53 - INFO - Prompt 73: comma_logit=17.2500 (prob=0.453876), semicolon_logit=10.3750 (prob=0.000469)
[icl_eval|INFO]Prompt 73: comma_logit=17.2500 (prob=0.453876), semicolon_logit=10.3750 (prob=0.000469)
2026-03-09 11:31:53 - INFO - Prompt 74 generated token: ','
[icl_eval|INFO]Prompt 74 generated token: ','
2026-03-09 11:31:53 - INFO - Prompt 74: comma_logit=17.1250 (prob=0.428792), semicolon_logit=11.6250 (prob=0.001752)
[icl_eval|INFO]Prompt 74: comma_logit=17.1250 (prob=0.428792), semicolon_logit=11.6250 (prob=0.001752)
2026-03-09 11:31:54 - INFO - Prompt 75 generated token: ','
[icl_eval|INFO]Prompt 75 generated token: ','
2026-03-09 11:31:54 - INFO - Prompt 75: comma_logit=16.7500 (prob=0.382390), semicolon_logit=11.8125 (prob=0.002743)
[icl_eval|INFO]Prompt 75: comma_logit=16.7500 (prob=0.382390), semicolon_logit=11.8125 (prob=0.002743)
2026-03-09 11:31:54 - INFO - Prompt 76 generated token: ','
[icl_eval|INFO]Prompt 76 generated token: ','
2026-03-09 11:31:54 - INFO - Prompt 76: comma_logit=17.2500 (prob=0.467659), semicolon_logit=10.5625 (prob=0.000583)
[icl_eval|INFO]Prompt 76: comma_logit=17.2500 (prob=0.467659), semicolon_logit=10.5625 (prob=0.000583)
2026-03-09 11:31:54 - INFO - Prompt 77 generated token: ','
[icl_eval|INFO]Prompt 77 generated token: ','
2026-03-09 11:31:54 - INFO - Prompt 77: comma_logit=16.6250 (prob=0.397724), semicolon_logit=11.1875 (prob=0.001730)
[icl_eval|INFO]Prompt 77: comma_logit=16.6250 (prob=0.397724), semicolon_logit=11.1875 (prob=0.001730)
2026-03-09 11:31:54 - INFO - Prompt 78 generated token: ','
[icl_eval|INFO]Prompt 78 generated token: ','
2026-03-09 11:31:54 - INFO - Prompt 78: comma_logit=17.1250 (prob=0.518507), semicolon_logit=11.6875 (prob=0.002256)
[icl_eval|INFO]Prompt 78: comma_logit=17.1250 (prob=0.518507), semicolon_logit=11.6875 (prob=0.002256)
2026-03-09 11:31:55 - INFO - Prompt 79 generated token: ','
[icl_eval|INFO]Prompt 79 generated token: ','
2026-03-09 11:31:55 - INFO - Prompt 79: comma_logit=16.6250 (prob=0.352317), semicolon_logit=12.3750 (prob=0.005026)
[icl_eval|INFO]Prompt 79: comma_logit=16.6250 (prob=0.352317), semicolon_logit=12.3750 (prob=0.005026)
2026-03-09 11:31:55 - INFO - Prompt 80 generated token: ','
[icl_eval|INFO]Prompt 80 generated token: ','
2026-03-09 11:31:55 - INFO - Prompt 80: comma_logit=16.3750 (prob=0.426366), semicolon_logit=10.5000 (prob=0.001198)
[icl_eval|INFO]Prompt 80: comma_logit=16.3750 (prob=0.426366), semicolon_logit=10.5000 (prob=0.001198)
2026-03-09 11:31:55 - INFO - Prompt 81 generated token: ','
[icl_eval|INFO]Prompt 81 generated token: ','
2026-03-09 11:31:55 - INFO - Prompt 81: comma_logit=16.6250 (prob=0.418361), semicolon_logit=11.5000 (prob=0.002488)
[icl_eval|INFO]Prompt 81: comma_logit=16.6250 (prob=0.418361), semicolon_logit=11.5000 (prob=0.002488)
2026-03-09 11:31:55 - INFO - Prompt 82 generated token: ','
[icl_eval|INFO]Prompt 82 generated token: ','
2026-03-09 11:31:55 - INFO - Prompt 82: comma_logit=15.2500 (prob=0.208078), semicolon_logit=11.6875 (prob=0.005903)
[icl_eval|INFO]Prompt 82: comma_logit=15.2500 (prob=0.208078), semicolon_logit=11.6875 (prob=0.005903)
2026-03-09 11:31:55 - INFO - Prompt 83 generated token: ','
[icl_eval|INFO]Prompt 83 generated token: ','
2026-03-09 11:31:55 - INFO - Prompt 83: comma_logit=17.5000 (prob=0.583794), semicolon_logit=11.5625 (prob=0.001540)
[icl_eval|INFO]Prompt 83: comma_logit=17.5000 (prob=0.583794), semicolon_logit=11.5625 (prob=0.001540)
2026-03-09 11:31:56 - INFO - Prompt 84 generated token: ','
[icl_eval|INFO]Prompt 84 generated token: ','
2026-03-09 11:31:56 - INFO - Prompt 84: comma_logit=16.8750 (prob=0.406389), semicolon_logit=11.0000 (prob=0.001141)
[icl_eval|INFO]Prompt 84: comma_logit=16.8750 (prob=0.406389), semicolon_logit=11.0000 (prob=0.001141)
2026-03-09 11:31:56 - INFO - Prompt 85 generated token: ','
[icl_eval|INFO]Prompt 85 generated token: ','
2026-03-09 11:31:56 - INFO - Prompt 85: comma_logit=16.7500 (prob=0.424461), semicolon_logit=11.6250 (prob=0.002524)
[icl_eval|INFO]Prompt 85: comma_logit=16.7500 (prob=0.424461), semicolon_logit=11.6250 (prob=0.002524)
2026-03-09 11:31:56 - INFO - Prompt 86 generated token: ','
[icl_eval|INFO]Prompt 86 generated token: ','
2026-03-09 11:31:56 - INFO - Prompt 86: comma_logit=16.6250 (prob=0.331360), semicolon_logit=11.6250 (prob=0.002233)
[icl_eval|INFO]Prompt 86: comma_logit=16.6250 (prob=0.331360), semicolon_logit=11.6250 (prob=0.002233)
2026-03-09 11:31:56 - INFO - Prompt 87 generated token: ','
[icl_eval|INFO]Prompt 87 generated token: ','
2026-03-09 11:31:56 - INFO - Prompt 87: comma_logit=16.5000 (prob=0.336966), semicolon_logit=11.1875 (prob=0.001661)
[icl_eval|INFO]Prompt 87: comma_logit=16.5000 (prob=0.336966), semicolon_logit=11.1875 (prob=0.001661)
2026-03-09 11:31:57 - INFO - Prompt 88 generated token: ','
[icl_eval|INFO]Prompt 88 generated token: ','
2026-03-09 11:31:57 - INFO - Prompt 88: comma_logit=16.5000 (prob=0.416349), semicolon_logit=11.5625 (prob=0.002986)
[icl_eval|INFO]Prompt 88: comma_logit=16.5000 (prob=0.416349), semicolon_logit=11.5625 (prob=0.002986)
2026-03-09 11:31:57 - INFO - Prompt 89 generated token: ','
[icl_eval|INFO]Prompt 89 generated token: ','
2026-03-09 11:31:57 - INFO - Prompt 89: comma_logit=16.3750 (prob=0.339679), semicolon_logit=11.0625 (prob=0.001674)
[icl_eval|INFO]Prompt 89: comma_logit=16.3750 (prob=0.339679), semicolon_logit=11.0625 (prob=0.001674)
2026-03-09 11:31:57 - INFO - Prompt 90 generated token: ','
[icl_eval|INFO]Prompt 90 generated token: ','
2026-03-09 11:31:57 - INFO - Prompt 90: comma_logit=15.7500 (prob=0.294707), semicolon_logit=11.9375 (prob=0.006511)
[icl_eval|INFO]Prompt 90: comma_logit=15.7500 (prob=0.294707), semicolon_logit=11.9375 (prob=0.006511)
2026-03-09 11:31:57 - INFO - Prompt 91 generated token: ','
[icl_eval|INFO]Prompt 91 generated token: ','
2026-03-09 11:31:57 - INFO - Prompt 91: comma_logit=16.6250 (prob=0.419059), semicolon_logit=11.3125 (prob=0.002066)
[icl_eval|INFO]Prompt 91: comma_logit=16.6250 (prob=0.419059), semicolon_logit=11.3125 (prob=0.002066)
2026-03-09 11:31:58 - INFO - Prompt 92 generated token: ','
[icl_eval|INFO]Prompt 92 generated token: ','
2026-03-09 11:31:58 - INFO - Prompt 92: comma_logit=16.1250 (prob=0.323856), semicolon_logit=11.3125 (prob=0.002632)
[icl_eval|INFO]Prompt 92: comma_logit=16.1250 (prob=0.323856), semicolon_logit=11.3125 (prob=0.002632)
2026-03-09 11:31:58 - INFO - Prompt 93 generated token: ','
[icl_eval|INFO]Prompt 93 generated token: ','
2026-03-09 11:31:58 - INFO - Prompt 93: comma_logit=15.7500 (prob=0.249301), semicolon_logit=11.0000 (prob=0.002157)
[icl_eval|INFO]Prompt 93: comma_logit=15.7500 (prob=0.249301), semicolon_logit=11.0000 (prob=0.002157)
2026-03-09 11:31:58 - INFO - Prompt 94 generated token: ','
[icl_eval|INFO]Prompt 94 generated token: ','
2026-03-09 11:31:58 - INFO - Prompt 94: comma_logit=16.5000 (prob=0.350257), semicolon_logit=11.5625 (prob=0.002512)
[icl_eval|INFO]Prompt 94: comma_logit=16.5000 (prob=0.350257), semicolon_logit=11.5625 (prob=0.002512)
2026-03-09 11:31:58 - INFO - Prompt 95 generated token: ','
[icl_eval|INFO]Prompt 95 generated token: ','
2026-03-09 11:31:58 - INFO - Prompt 95: comma_logit=16.3750 (prob=0.355089), semicolon_logit=10.8750 (prob=0.001451)
[icl_eval|INFO]Prompt 95: comma_logit=16.3750 (prob=0.355089), semicolon_logit=10.8750 (prob=0.001451)
2026-03-09 11:31:58 - INFO - Prompt 96 generated token: ','
[icl_eval|INFO]Prompt 96 generated token: ','
2026-03-09 11:31:58 - INFO - Prompt 96: comma_logit=16.3750 (prob=0.303356), semicolon_logit=11.6875 (prob=0.002794)
[icl_eval|INFO]Prompt 96: comma_logit=16.3750 (prob=0.303356), semicolon_logit=11.6875 (prob=0.002794)
2026-03-09 11:31:59 - INFO - Prompt 97 generated token: ','
[icl_eval|INFO]Prompt 97 generated token: ','
2026-03-09 11:31:59 - INFO - Prompt 97: comma_logit=16.6250 (prob=0.367796), semicolon_logit=11.1250 (prob=0.001503)
[icl_eval|INFO]Prompt 97: comma_logit=16.6250 (prob=0.367796), semicolon_logit=11.1250 (prob=0.001503)
2026-03-09 11:31:59 - INFO - Prompt 98 generated token: ','
[icl_eval|INFO]Prompt 98 generated token: ','
2026-03-09 11:31:59 - INFO - Prompt 98: comma_logit=17.2500 (prob=0.493768), semicolon_logit=10.7500 (prob=0.000742)
[icl_eval|INFO]Prompt 98: comma_logit=17.2500 (prob=0.493768), semicolon_logit=10.7500 (prob=0.000742)
2026-03-09 11:31:59 - INFO - Prompt 99 generated token: ','
[icl_eval|INFO]Prompt 99 generated token: ','
2026-03-09 11:31:59 - INFO - Prompt 99: comma_logit=16.3750 (prob=0.359950), semicolon_logit=11.5000 (prob=0.002748)
[icl_eval|INFO]Prompt 99: comma_logit=16.3750 (prob=0.359950), semicolon_logit=11.5000 (prob=0.002748)
2026-03-09 11:31:59 - INFO - Overall: mean_comma_logit=16.5987 (prob=0.388738), mean_semicolon_logit=11.4388 (prob=0.003155), comma_preferred=100/100, semicolon_preferred=0/100
[icl_eval|INFO]Overall: mean_comma_logit=16.5987 (prob=0.388738), mean_semicolon_logit=11.4388 (prob=0.003155), comma_preferred=100/100, semicolon_preferred=0/100
2026-03-09 11:31:59 - INFO - Results saved to: /workspace/spar-team-recon/projects/ip/results/exp_5/arm_5/icl=12/judgements/comma_vs_semicolon_toy.jsonl
[icl_eval|INFO]Results saved to: /workspace/spar-team-recon/projects/ip/results/exp_5/arm_5/icl=12/judgements/comma_vs_semicolon_toy.jsonl
2026-03-09 11:31:59 - INFO - Results saved to /workspace/spar-team-recon/projects/ip/results/exp_5/arm_5/icl=12/judgements/comma_vs_semicolon_toy.jsonl
[icl_eval|INFO]Results saved to /workspace/spar-team-recon/projects/ip/results/exp_5/arm_5/icl=12/judgements/comma_vs_semicolon_toy.jsonl
2026-03-09 11:31:59 - INFO - ============================================================
[icl_eval|INFO]============================================================
2026-03-09 11:31:59 - INFO - Processing prompts_icl=14.jsonl (icl=14)
[icl_eval|INFO]Processing prompts_icl=14.jsonl (icl=14)
2026-03-09 11:31:59 - INFO - ============================================================
[icl_eval|INFO]============================================================
2026-03-09 11:31:59 - INFO - Loading test data from: /workspace/spar-team-recon/projects/ip/data/evals/comma_vs_semicolon_toy/icl_ip/exp_5_arm_5_ICL_IP_comma/prompts_icl=14.jsonl
[icl_eval|INFO]Loading test data from: /workspace/spar-team-recon/projects/ip/data/evals/comma_vs_semicolon_toy/icl_ip/exp_5_arm_5_ICL_IP_comma/prompts_icl=14.jsonl
2026-03-09 11:31:59 - INFO - Loaded 100 test prompts
[icl_eval|INFO]Loaded 100 test prompts
2026-03-09 11:31:59 - INFO - 100 prompts loaded
[icl_eval|INFO]100 prompts loaded
2026-03-09 11:32:25 - INFO - Rollouts done in 25.7s
[icl_eval|INFO]Rollouts done in 25.7s
2026-03-09 11:32:25 - INFO - Comma ',' tokenizes to IDs: [1044]
[icl_eval|INFO]Comma ',' tokenizes to IDs: [1044]
2026-03-09 11:32:25 - INFO - Semicolon ';' tokenizes to IDs: [1059]
[icl_eval|INFO]Semicolon ';' tokenizes to IDs: [1059]
2026-03-09 11:32:25 - INFO - Using comma_id=1044 (','), semicolon_id=1059 (';')
[icl_eval|INFO]Using comma_id=1044 (','), semicolon_id=1059 (';')
2026-03-09 11:32:25 - INFO - Processing 100 prompts
[icl_eval|INFO]Processing 100 prompts
2026-03-09 11:32:25 - INFO - Prompt 0 generated token: ','
[icl_eval|INFO]Prompt 0 generated token: ','
2026-03-09 11:32:25 - INFO - Prompt 0: comma_logit=16.3750 (prob=0.349195), semicolon_logit=10.6250 (prob=0.001111)
[icl_eval|INFO]Prompt 0: comma_logit=16.3750 (prob=0.349195), semicolon_logit=10.6250 (prob=0.001111)
2026-03-09 11:32:25 - INFO - Prompt 1 generated token: ','
[icl_eval|INFO]Prompt 1 generated token: ','
2026-03-09 11:32:25 - INFO - Prompt 1: comma_logit=15.4375 (prob=0.172880), semicolon_logit=13.7500 (prob=0.031980)
[icl_eval|INFO]Prompt 1: comma_logit=15.4375 (prob=0.172880), semicolon_logit=13.7500 (prob=0.031980)
2026-03-09 11:32:26 - INFO - Prompt 2 generated token: ','
[icl_eval|INFO]Prompt 2 generated token: ','
2026-03-09 11:32:26 - INFO - Prompt 2: comma_logit=15.1250 (prob=0.192617), semicolon_logit=11.6875 (prob=0.006192)
[icl_eval|INFO]Prompt 2: comma_logit=15.1250 (prob=0.192617), semicolon_logit=11.6875 (prob=0.006192)
2026-03-09 11:32:26 - INFO - Prompt 3 generated token: ','
[icl_eval|INFO]Prompt 3 generated token: ','
2026-03-09 11:32:26 - INFO - Prompt 3: comma_logit=15.4375 (prob=0.223785), semicolon_logit=12.3750 (prob=0.010467)
[icl_eval|INFO]Prompt 3: comma_logit=15.4375 (prob=0.223785), semicolon_logit=12.3750 (prob=0.010467)
2026-03-09 11:32:26 - INFO - Prompt 4 generated token: ','
[icl_eval|INFO]Prompt 4 generated token: ','
2026-03-09 11:32:26 - INFO - Prompt 4: comma_logit=16.1250 (prob=0.307458), semicolon_logit=12.4375 (prob=0.007697)
[icl_eval|INFO]Prompt 4: comma_logit=16.1250 (prob=0.307458), semicolon_logit=12.4375 (prob=0.007697)
2026-03-09 11:32:26 - INFO - Prompt 5 generated token: ','
[icl_eval|INFO]Prompt 5 generated token: ','
2026-03-09 11:32:26 - INFO - Prompt 5: comma_logit=17.0000 (prob=0.436403), semicolon_logit=11.1875 (prob=0.001305)
[icl_eval|INFO]Prompt 5: comma_logit=17.0000 (prob=0.436403), semicolon_logit=11.1875 (prob=0.001305)
2026-03-09 11:32:27 - INFO - Prompt 6 generated token: ','
[icl_eval|INFO]Prompt 6 generated token: ','
2026-03-09 11:32:27 - INFO - Prompt 6: comma_logit=16.5000 (prob=0.304980), semicolon_logit=11.0000 (prob=0.001246)
[icl_eval|INFO]Prompt 6: comma_logit=16.5000 (prob=0.304980), semicolon_logit=11.0000 (prob=0.001246)
2026-03-09 11:32:27 - INFO - Prompt 7 generated token: ','
[icl_eval|INFO]Prompt 7 generated token: ','
2026-03-09 11:32:27 - INFO - Prompt 7: comma_logit=16.3750 (prob=0.316374), semicolon_logit=11.4375 (prob=0.002269)
[icl_eval|INFO]Prompt 7: comma_logit=16.3750 (prob=0.316374), semicolon_logit=11.4375 (prob=0.002269)
2026-03-09 11:32:27 - INFO - Prompt 8 generated token: ','
[icl_eval|INFO]Prompt 8 generated token: ','
2026-03-09 11:32:27 - INFO - Prompt 8: comma_logit=17.0000 (prob=0.432336), semicolon_logit=11.3125 (prob=0.001465)
[icl_eval|INFO]Prompt 8: comma_logit=17.0000 (prob=0.432336), semicolon_logit=11.3125 (prob=0.001465)
2026-03-09 11:32:27 - INFO - Prompt 9 generated token: ','
[icl_eval|INFO]Prompt 9 generated token: ','
2026-03-09 11:32:27 - INFO - Prompt 9: comma_logit=16.8750 (prob=0.404740), semicolon_logit=11.6250 (prob=0.002124)
[icl_eval|INFO]Prompt 9: comma_logit=16.8750 (prob=0.404740), semicolon_logit=11.6250 (prob=0.002124)
2026-03-09 11:32:28 - INFO - Prompt 10 generated token: ','
[icl_eval|INFO]Prompt 10 generated token: ','
2026-03-09 11:32:28 - INFO - Prompt 10: comma_logit=16.8750 (prob=0.388941), semicolon_logit=12.1250 (prob=0.003365)
[icl_eval|INFO]Prompt 10: comma_logit=16.8750 (prob=0.388941), semicolon_logit=12.1250 (prob=0.003365)
2026-03-09 11:32:28 - INFO - Prompt 11 generated token: ','
[icl_eval|INFO]Prompt 11 generated token: ','
2026-03-09 11:32:28 - INFO - Prompt 11: comma_logit=16.2500 (prob=0.274438), semicolon_logit=11.5000 (prob=0.002374)
[icl_eval|INFO]Prompt 11: comma_logit=16.2500 (prob=0.274438), semicolon_logit=11.5000 (prob=0.002374)
2026-03-09 11:32:28 - INFO - Prompt 12 generated token: ','
[icl_eval|INFO]Prompt 12 generated token: ','
2026-03-09 11:32:28 - INFO - Prompt 12: comma_logit=16.1250 (prob=0.269721), semicolon_logit=11.5000 (prob=0.002644)
[icl_eval|INFO]Prompt 12: comma_logit=16.1250 (prob=0.269721), semicolon_logit=11.5000 (prob=0.002644)
2026-03-09 11:32:28 - INFO - Prompt 13 generated token: ','
[icl_eval|INFO]Prompt 13 generated token: ','
2026-03-09 11:32:28 - INFO - Prompt 13: comma_logit=16.2500 (prob=0.266154), semicolon_logit=11.9375 (prob=0.003566)
[icl_eval|INFO]Prompt 13: comma_logit=16.2500 (prob=0.266154), semicolon_logit=11.9375 (prob=0.003566)
2026-03-09 11:32:29 - INFO - Prompt 14 generated token: ','
[icl_eval|INFO]Prompt 14 generated token: ','
2026-03-09 11:32:29 - INFO - Prompt 14: comma_logit=15.8750 (prob=0.243449), semicolon_logit=11.8750 (prob=0.004459)
[icl_eval|INFO]Prompt 14: comma_logit=15.8750 (prob=0.243449), semicolon_logit=11.8750 (prob=0.004459)
2026-03-09 11:32:29 - INFO - Prompt 15 generated token: ','
[icl_eval|INFO]Prompt 15 generated token: ','
2026-03-09 11:32:29 - INFO - Prompt 15: comma_logit=15.8750 (prob=0.255992), semicolon_logit=12.2500 (prob=0.006822)
[icl_eval|INFO]Prompt 15: comma_logit=15.8750 (prob=0.255992), semicolon_logit=12.2500 (prob=0.006822)
2026-03-09 11:32:29 - INFO - Prompt 16 generated token: ','
[icl_eval|INFO]Prompt 16 generated token: ','
2026-03-09 11:32:29 - INFO - Prompt 16: comma_logit=15.6250 (prob=0.262312), semicolon_logit=11.2500 (prob=0.003302)
[icl_eval|INFO]Prompt 16: comma_logit=15.6250 (prob=0.262312), semicolon_logit=11.2500 (prob=0.003302)
2026-03-09 11:32:30 - INFO - Prompt 17 generated token: ','
[icl_eval|INFO]Prompt 17 generated token: ','
2026-03-09 11:32:30 - INFO - Prompt 17: comma_logit=17.1250 (prob=0.434784), semicolon_logit=11.5625 (prob=0.001669)
[icl_eval|INFO]Prompt 17: comma_logit=17.1250 (prob=0.434784), semicolon_logit=11.5625 (prob=0.001669)
2026-03-09 11:32:30 - INFO - Prompt 18 generated token: ','
[icl_eval|INFO]Prompt 18 generated token: ','
2026-03-09 11:32:30 - INFO - Prompt 18: comma_logit=17.0000 (prob=0.419752), semicolon_logit=10.6250 (prob=0.000715)
[icl_eval|INFO]Prompt 18: comma_logit=17.0000 (prob=0.419752), semicolon_logit=10.6250 (prob=0.000715)
2026-03-09 11:32:30 - INFO - Prompt 19 generated token: ','
[icl_eval|INFO]Prompt 19 generated token: ','
2026-03-09 11:32:30 - INFO - Prompt 19: comma_logit=17.0000 (prob=0.442099), semicolon_logit=11.0625 (prob=0.001167)
[icl_eval|INFO]Prompt 19: comma_logit=17.0000 (prob=0.442099), semicolon_logit=11.0625 (prob=0.001167)
2026-03-09 11:32:30 - INFO - Prompt 20 generated token: ','
[icl_eval|INFO]Prompt 20 generated token: ','
2026-03-09 11:32:30 - INFO - Prompt 20: comma_logit=16.7500 (prob=0.363592), semicolon_logit=12.5000 (prob=0.005186)
[icl_eval|INFO]Prompt 20: comma_logit=16.7500 (prob=0.363592), semicolon_logit=12.5000 (prob=0.005186)
2026-03-09 11:32:31 - INFO - Prompt 21 generated token: ','
[icl_eval|INFO]Prompt 21 generated token: ','
2026-03-09 11:32:31 - INFO - Prompt 21: comma_logit=16.0000 (prob=0.334840), semicolon_logit=11.5000 (prob=0.003720)
[icl_eval|INFO]Prompt 21: comma_logit=16.0000 (prob=0.334840), semicolon_logit=11.5000 (prob=0.003720)
2026-03-09 11:32:31 - INFO - Prompt 22 generated token: ','
[icl_eval|INFO]Prompt 22 generated token: ','
2026-03-09 11:32:31 - INFO - Prompt 22: comma_logit=16.7500 (prob=0.400710), semicolon_logit=10.9375 (prob=0.001198)
[icl_eval|INFO]Prompt 22: comma_logit=16.7500 (prob=0.400710), semicolon_logit=10.9375 (prob=0.001198)
2026-03-09 11:32:31 - INFO - Prompt 23 generated token: ','
[icl_eval|INFO]Prompt 23 generated token: ','
2026-03-09 11:32:31 - INFO - Prompt 23: comma_logit=16.0000 (prob=0.291589), semicolon_logit=12.6250 (prob=0.009978)
[icl_eval|INFO]Prompt 23: comma_logit=16.0000 (prob=0.291589), semicolon_logit=12.6250 (prob=0.009978)
2026-03-09 11:32:31 - INFO - Prompt 24 generated token: ','
[icl_eval|INFO]Prompt 24 generated token: ','
2026-03-09 11:32:31 - INFO - Prompt 24: comma_logit=16.3750 (prob=0.312887), semicolon_logit=13.2500 (prob=0.013747)
[icl_eval|INFO]Prompt 24: comma_logit=16.3750 (prob=0.312887), semicolon_logit=13.2500 (prob=0.013747)
2026-03-09 11:32:32 - INFO - Prompt 25 generated token: ','
[icl_eval|INFO]Prompt 25 generated token: ','
2026-03-09 11:32:32 - INFO - Prompt 25: comma_logit=17.0000 (prob=0.455657), semicolon_logit=11.2500 (prob=0.001450)
[icl_eval|INFO]Prompt 25: comma_logit=17.0000 (prob=0.455657), semicolon_logit=11.2500 (prob=0.001450)
2026-03-09 11:32:32 - INFO - Prompt 26 generated token: ','
[icl_eval|INFO]Prompt 26 generated token: ','
2026-03-09 11:32:32 - INFO - Prompt 26: comma_logit=16.3750 (prob=0.345908), semicolon_logit=11.1250 (prob=0.001815)
[icl_eval|INFO]Prompt 26: comma_logit=16.3750 (prob=0.345908), semicolon_logit=11.1250 (prob=0.001815)
2026-03-09 11:32:32 - INFO - Prompt 27 generated token: ','
[icl_eval|INFO]Prompt 27 generated token: ','
2026-03-09 11:32:32 - INFO - Prompt 27: comma_logit=15.8750 (prob=0.325545), semicolon_logit=9.8750 (prob=0.000807)
[icl_eval|INFO]Prompt 27: comma_logit=15.8750 (prob=0.325545), semicolon_logit=9.8750 (prob=0.000807)
2026-03-09 11:32:32 - INFO - Prompt 28 generated token: ','
[icl_eval|INFO]Prompt 28 generated token: ','
2026-03-09 11:32:32 - INFO - Prompt 28: comma_logit=16.8750 (prob=0.435041), semicolon_logit=11.3125 (prob=0.001670)
[icl_eval|INFO]Prompt 28: comma_logit=16.8750 (prob=0.435041), semicolon_logit=11.3125 (prob=0.001670)
2026-03-09 11:32:33 - INFO - Prompt 29 generated token: ','
[icl_eval|INFO]Prompt 29 generated token: ','
2026-03-09 11:32:33 - INFO - Prompt 29: comma_logit=16.8750 (prob=0.474133), semicolon_logit=10.0000 (prob=0.000490)
[icl_eval|INFO]Prompt 29: comma_logit=16.8750 (prob=0.474133), semicolon_logit=10.0000 (prob=0.000490)
2026-03-09 11:32:33 - INFO - Prompt 30 generated token: ','
[icl_eval|INFO]Prompt 30 generated token: ','
2026-03-09 11:32:33 - INFO - Prompt 30: comma_logit=17.0000 (prob=0.428087), semicolon_logit=11.4375 (prob=0.001643)
[icl_eval|INFO]Prompt 30: comma_logit=17.0000 (prob=0.428087), semicolon_logit=11.4375 (prob=0.001643)
2026-03-09 11:32:33 - INFO - Prompt 31 generated token: ','
[icl_eval|INFO]Prompt 31 generated token: ','
2026-03-09 11:32:33 - INFO - Prompt 31: comma_logit=16.5000 (prob=0.301498), semicolon_logit=11.8125 (prob=0.002777)
[icl_eval|INFO]Prompt 31: comma_logit=16.5000 (prob=0.301498), semicolon_logit=11.8125 (prob=0.002777)
2026-03-09 11:32:33 - INFO - Prompt 32 generated token: ','
[icl_eval|INFO]Prompt 32 generated token: ','
2026-03-09 11:32:33 - INFO - Prompt 32: comma_logit=17.5000 (prob=0.481344), semicolon_logit=11.5625 (prob=0.001270)
[icl_eval|INFO]Prompt 32: comma_logit=17.5000 (prob=0.481344), semicolon_logit=11.5625 (prob=0.001270)
2026-03-09 11:32:34 - INFO - Prompt 33 generated token: ','
[icl_eval|INFO]Prompt 33 generated token: ','
2026-03-09 11:32:34 - INFO - Prompt 33: comma_logit=16.3750 (prob=0.376273), semicolon_logit=13.6875 (prob=0.025606)
[icl_eval|INFO]Prompt 33: comma_logit=16.3750 (prob=0.376273), semicolon_logit=13.6875 (prob=0.025606)
2026-03-09 11:32:34 - INFO - Prompt 34 generated token: ','
[icl_eval|INFO]Prompt 34 generated token: ','
2026-03-09 11:32:34 - INFO - Prompt 34: comma_logit=17.0000 (prob=0.442365), semicolon_logit=13.0000 (prob=0.008102)
[icl_eval|INFO]Prompt 34: comma_logit=17.0000 (prob=0.442365), semicolon_logit=13.0000 (prob=0.008102)
2026-03-09 11:32:34 - INFO - Prompt 35 generated token: ','
[icl_eval|INFO]Prompt 35 generated token: ','
2026-03-09 11:32:34 - INFO - Prompt 35: comma_logit=16.8750 (prob=0.389120), semicolon_logit=12.0625 (prob=0.003163)
[icl_eval|INFO]Prompt 35: comma_logit=16.8750 (prob=0.389120), semicolon_logit=12.0625 (prob=0.003163)
2026-03-09 11:32:34 - INFO - Prompt 36 generated token: ','
[icl_eval|INFO]Prompt 36 generated token: ','
2026-03-09 11:32:34 - INFO - Prompt 36: comma_logit=16.8750 (prob=0.405908), semicolon_logit=11.3750 (prob=0.001659)
[icl_eval|INFO]Prompt 36: comma_logit=16.8750 (prob=0.405908), semicolon_logit=11.3750 (prob=0.001659)
2026-03-09 11:32:35 - INFO - Prompt 37 generated token: ','
[icl_eval|INFO]Prompt 37 generated token: ','
2026-03-09 11:32:35 - INFO - Prompt 37: comma_logit=17.2500 (prob=0.457964), semicolon_logit=10.9375 (prob=0.000831)
[icl_eval|INFO]Prompt 37: comma_logit=17.2500 (prob=0.457964), semicolon_logit=10.9375 (prob=0.000831)
2026-03-09 11:32:35 - INFO - Prompt 38 generated token: ','
[icl_eval|INFO]Prompt 38 generated token: ','
2026-03-09 11:32:35 - INFO - Prompt 38: comma_logit=16.1250 (prob=0.278221), semicolon_logit=13.1250 (prob=0.013852)
[icl_eval|INFO]Prompt 38: comma_logit=16.1250 (prob=0.278221), semicolon_logit=13.1250 (prob=0.013852)
2026-03-09 11:32:35 - INFO - Prompt 39 generated token: ','
[icl_eval|INFO]Prompt 39 generated token: ','
2026-03-09 11:32:35 - INFO - Prompt 39: comma_logit=16.6250 (prob=0.338718), semicolon_logit=12.0000 (prob=0.003321)
[icl_eval|INFO]Prompt 39: comma_logit=16.6250 (prob=0.338718), semicolon_logit=12.0000 (prob=0.003321)
2026-03-09 11:32:35 - INFO - Prompt 40 generated token: ','
[icl_eval|INFO]Prompt 40 generated token: ','
2026-03-09 11:32:35 - INFO - Prompt 40: comma_logit=16.3750 (prob=0.316188), semicolon_logit=11.9375 (prob=0.003739)
[icl_eval|INFO]Prompt 40: comma_logit=16.3750 (prob=0.316188), semicolon_logit=11.9375 (prob=0.003739)
2026-03-09 11:32:36 - INFO - Prompt 41 generated token: ','
[icl_eval|INFO]Prompt 41 generated token: ','
2026-03-09 11:32:36 - INFO - Prompt 41: comma_logit=16.0000 (prob=0.267558), semicolon_logit=10.8750 (prob=0.001591)
[icl_eval|INFO]Prompt 41: comma_logit=16.0000 (prob=0.267558), semicolon_logit=10.8750 (prob=0.001591)
2026-03-09 11:32:36 - INFO - Prompt 42 generated token: ','
[icl_eval|INFO]Prompt 42 generated token: ','
2026-03-09 11:32:36 - INFO - Prompt 42: comma_logit=17.0000 (prob=0.415506), semicolon_logit=12.0625 (prob=0.002980)
[icl_eval|INFO]Prompt 42: comma_logit=17.0000 (prob=0.415506), semicolon_logit=12.0625 (prob=0.002980)
2026-03-09 11:32:36 - INFO - Prompt 43 generated token: ','
[icl_eval|INFO]Prompt 43 generated token: ','
2026-03-09 11:32:36 - INFO - Prompt 43: comma_logit=16.8750 (prob=0.435519), semicolon_logit=11.1250 (prob=0.001386)
[icl_eval|INFO]Prompt 43: comma_logit=16.8750 (prob=0.435519), semicolon_logit=11.1250 (prob=0.001386)
2026-03-09 11:32:36 - INFO - Prompt 44 generated token: ','
[icl_eval|INFO]Prompt 44 generated token: ','
2026-03-09 11:32:36 - INFO - Prompt 44: comma_logit=16.7500 (prob=0.350517), semicolon_logit=11.5625 (prob=0.001958)
[icl_eval|INFO]Prompt 44: comma_logit=16.7500 (prob=0.350517), semicolon_logit=11.5625 (prob=0.001958)
2026-03-09 11:32:37 - INFO - Prompt 45 generated token: ','
[icl_eval|INFO]Prompt 45 generated token: ','
2026-03-09 11:32:37 - INFO - Prompt 45: comma_logit=16.8750 (prob=0.449203), semicolon_logit=11.0625 (prob=0.001343)
[icl_eval|INFO]Prompt 45: comma_logit=16.8750 (prob=0.449203), semicolon_logit=11.0625 (prob=0.001343)
2026-03-09 11:32:37 - INFO - Prompt 46 generated token: ','
[icl_eval|INFO]Prompt 46 generated token: ','
2026-03-09 11:32:37 - INFO - Prompt 46: comma_logit=17.0000 (prob=0.436566), semicolon_logit=10.8125 (prob=0.000897)
[icl_eval|INFO]Prompt 46: comma_logit=17.0000 (prob=0.436566), semicolon_logit=10.8125 (prob=0.000897)
2026-03-09 11:32:37 - INFO - Prompt 47 generated token: ','
[icl_eval|INFO]Prompt 47 generated token: ','
2026-03-09 11:32:37 - INFO - Prompt 47: comma_logit=16.2500 (prob=0.355178), semicolon_logit=11.0000 (prob=0.001864)
[icl_eval|INFO]Prompt 47: comma_logit=16.2500 (prob=0.355178), semicolon_logit=11.0000 (prob=0.001864)
2026-03-09 11:32:37 - INFO - Prompt 48 generated token: ','
[icl_eval|INFO]Prompt 48 generated token: ','
2026-03-09 11:32:37 - INFO - Prompt 48: comma_logit=16.6250 (prob=0.360835), semicolon_logit=11.6875 (prob=0.002588)
[icl_eval|INFO]Prompt 48: comma_logit=16.6250 (prob=0.360835), semicolon_logit=11.6875 (prob=0.002588)
2026-03-09 11:32:38 - INFO - Prompt 49 generated token: ','
[icl_eval|INFO]Prompt 49 generated token: ','
2026-03-09 11:32:38 - INFO - Prompt 49: comma_logit=16.0000 (prob=0.284382), semicolon_logit=12.1250 (prob=0.005902)
[icl_eval|INFO]Prompt 49: comma_logit=16.0000 (prob=0.284382), semicolon_logit=12.1250 (prob=0.005902)
2026-03-09 11:32:38 - INFO - Prompt 50 generated token: ','
[icl_eval|INFO]Prompt 50 generated token: ','
2026-03-09 11:32:38 - INFO - Prompt 50: comma_logit=16.6250 (prob=0.380125), semicolon_logit=10.7500 (prob=0.001068)
[icl_eval|INFO]Prompt 50: comma_logit=16.6250 (prob=0.380125), semicolon_logit=10.7500 (prob=0.001068)
2026-03-09 11:32:38 - INFO - Prompt 51 generated token: ','
[icl_eval|INFO]Prompt 51 generated token: ','
2026-03-09 11:32:38 - INFO - Prompt 51: comma_logit=16.8750 (prob=0.390878), semicolon_logit=11.0625 (prob=0.001169)
[icl_eval|INFO]Prompt 51: comma_logit=16.8750 (prob=0.390878), semicolon_logit=11.0625 (prob=0.001169)
2026-03-09 11:32:39 - INFO - Prompt 52 generated token: ','
[icl_eval|INFO]Prompt 52 generated token: ','
2026-03-09 11:32:39 - INFO - Prompt 52: comma_logit=16.3750 (prob=0.367004), semicolon_logit=11.1875 (prob=0.002050)
[icl_eval|INFO]Prompt 52: comma_logit=16.3750 (prob=0.367004), semicolon_logit=11.1875 (prob=0.002050)
2026-03-09 11:32:39 - INFO - Prompt 53 generated token: ','
[icl_eval|INFO]Prompt 53 generated token: ','
2026-03-09 11:32:39 - INFO - Prompt 53: comma_logit=16.8750 (prob=0.430089), semicolon_logit=11.5625 (prob=0.002120)
[icl_eval|INFO]Prompt 53: comma_logit=16.8750 (prob=0.430089), semicolon_logit=11.5625 (prob=0.002120)
2026-03-09 11:32:39 - INFO - Prompt 54 generated token: ','
[icl_eval|INFO]Prompt 54 generated token: ','
2026-03-09 11:32:39 - INFO - Prompt 54: comma_logit=17.2500 (prob=0.491217), semicolon_logit=11.3750 (prob=0.001380)
[icl_eval|INFO]Prompt 54: comma_logit=17.2500 (prob=0.491217), semicolon_logit=11.3750 (prob=0.001380)
2026-03-09 11:32:39 - INFO - Prompt 55 generated token: ','
[icl_eval|INFO]Prompt 55 generated token: ','
2026-03-09 11:32:39 - INFO - Prompt 55: comma_logit=16.3750 (prob=0.329602), semicolon_logit=11.9375 (prob=0.003898)
[icl_eval|INFO]Prompt 55: comma_logit=16.3750 (prob=0.329602), semicolon_logit=11.9375 (prob=0.003898)
2026-03-09 11:32:40 - INFO - Prompt 56 generated token: ','
[icl_eval|INFO]Prompt 56 generated token: ','
2026-03-09 11:32:40 - INFO - Prompt 56: comma_logit=16.5000 (prob=0.358316), semicolon_logit=11.6250 (prob=0.002736)
[icl_eval|INFO]Prompt 56: comma_logit=16.5000 (prob=0.358316), semicolon_logit=11.6250 (prob=0.002736)
2026-03-09 11:32:40 - INFO - Prompt 57 generated token: ','
[icl_eval|INFO]Prompt 57 generated token: ','
2026-03-09 11:32:40 - INFO - Prompt 57: comma_logit=16.8750 (prob=0.418030), semicolon_logit=11.6250 (prob=0.002194)
[icl_eval|INFO]Prompt 57: comma_logit=16.8750 (prob=0.418030), semicolon_logit=11.6250 (prob=0.002194)
2026-03-09 11:32:40 - INFO - Prompt 58 generated token: ','
[icl_eval|INFO]Prompt 58 generated token: ','
2026-03-09 11:32:40 - INFO - Prompt 58: comma_logit=15.8750 (prob=0.306928), semicolon_logit=11.8750 (prob=0.005622)
[icl_eval|INFO]Prompt 58: comma_logit=15.8750 (prob=0.306928), semicolon_logit=11.8750 (prob=0.005622)
2026-03-09 11:32:40 - INFO - Prompt 59 generated token: ','
[icl_eval|INFO]Prompt 59 generated token: ','
2026-03-09 11:32:40 - INFO - Prompt 59: comma_logit=16.7500 (prob=0.400816), semicolon_logit=10.7500 (prob=0.000994)
[icl_eval|INFO]Prompt 59: comma_logit=16.7500 (prob=0.400816), semicolon_logit=10.7500 (prob=0.000994)
2026-03-09 11:32:41 - INFO - Prompt 60 generated token: ','
[icl_eval|INFO]Prompt 60 generated token: ','
2026-03-09 11:32:41 - INFO - Prompt 60: comma_logit=17.1250 (prob=0.449028), semicolon_logit=11.1250 (prob=0.001113)
[icl_eval|INFO]Prompt 60: comma_logit=17.1250 (prob=0.449028), semicolon_logit=11.1250 (prob=0.001113)
2026-03-09 11:32:41 - INFO - Prompt 61 generated token: ','
[icl_eval|INFO]Prompt 61 generated token: ','
2026-03-09 11:32:41 - INFO - Prompt 61: comma_logit=16.7500 (prob=0.418380), semicolon_logit=11.3125 (prob=0.001820)
[icl_eval|INFO]Prompt 61: comma_logit=16.7500 (prob=0.418380), semicolon_logit=11.3125 (prob=0.001820)
2026-03-09 11:32:41 - INFO - Prompt 62 generated token: ','
[icl_eval|INFO]Prompt 62 generated token: ','
2026-03-09 11:32:41 - INFO - Prompt 62: comma_logit=16.1250 (prob=0.286934), semicolon_logit=11.8125 (prob=0.003845)
[icl_eval|INFO]Prompt 62: comma_logit=16.1250 (prob=0.286934), semicolon_logit=11.8125 (prob=0.003845)
2026-03-09 11:32:41 - INFO - Prompt 63 generated token: ','
[icl_eval|INFO]Prompt 63 generated token: ','
2026-03-09 11:32:41 - INFO - Prompt 63: comma_logit=16.6250 (prob=0.396569), semicolon_logit=12.8750 (prob=0.009326)
[icl_eval|INFO]Prompt 63: comma_logit=16.6250 (prob=0.396569), semicolon_logit=12.8750 (prob=0.009326)
2026-03-09 11:32:42 - INFO - Prompt 64 generated token: ','
[icl_eval|INFO]Prompt 64 generated token: ','
2026-03-09 11:32:42 - INFO - Prompt 64: comma_logit=16.5000 (prob=0.386017), semicolon_logit=12.6250 (prob=0.008012)
[icl_eval|INFO]Prompt 64: comma_logit=16.5000 (prob=0.386017), semicolon_logit=12.6250 (prob=0.008012)
2026-03-09 11:32:42 - INFO - Prompt 65 generated token: ','
[icl_eval|INFO]Prompt 65 generated token: ','
2026-03-09 11:32:42 - INFO - Prompt 65: comma_logit=15.6875 (prob=0.211402), semicolon_logit=12.6875 (prob=0.010525)
[icl_eval|INFO]Prompt 65: comma_logit=15.6875 (prob=0.211402), semicolon_logit=12.6875 (prob=0.010525)
2026-03-09 11:32:42 - INFO - Prompt 66 generated token: ','
[icl_eval|INFO]Prompt 66 generated token: ','
2026-03-09 11:32:42 - INFO - Prompt 66: comma_logit=16.6250 (prob=0.380788), semicolon_logit=12.6250 (prob=0.006974)
[icl_eval|INFO]Prompt 66: comma_logit=16.6250 (prob=0.380788), semicolon_logit=12.6250 (prob=0.006974)
2026-03-09 11:32:42 - INFO - Prompt 67 generated token: ','
[icl_eval|INFO]Prompt 67 generated token: ','
2026-03-09 11:32:42 - INFO - Prompt 67: comma_logit=16.8750 (prob=0.451185), semicolon_logit=11.8125 (prob=0.002856)
[icl_eval|INFO]Prompt 67: comma_logit=16.8750 (prob=0.451185), semicolon_logit=11.8125 (prob=0.002856)
2026-03-09 11:32:43 - INFO - Prompt 68 generated token: ','
[icl_eval|INFO]Prompt 68 generated token: ','
2026-03-09 11:32:43 - INFO - Prompt 68: comma_logit=16.2500 (prob=0.329141), semicolon_logit=11.9375 (prob=0.004410)
[icl_eval|INFO]Prompt 68: comma_logit=16.2500 (prob=0.329141), semicolon_logit=11.9375 (prob=0.004410)
2026-03-09 11:32:43 - INFO - Prompt 69 generated token: ','
[icl_eval|INFO]Prompt 69 generated token: ','
2026-03-09 11:32:43 - INFO - Prompt 69: comma_logit=17.1250 (prob=0.456517), semicolon_logit=10.9375 (prob=0.000938)
[icl_eval|INFO]Prompt 69: comma_logit=17.1250 (prob=0.456517), semicolon_logit=10.9375 (prob=0.000938)
2026-03-09 11:32:43 - INFO - Prompt 70 generated token: ','
[icl_eval|INFO]Prompt 70 generated token: ','
2026-03-09 11:32:43 - INFO - Prompt 70: comma_logit=16.2500 (prob=0.305429), semicolon_logit=12.1875 (prob=0.005255)
[icl_eval|INFO]Prompt 70: comma_logit=16.2500 (prob=0.305429), semicolon_logit=12.1875 (prob=0.005255)
2026-03-09 11:32:43 - INFO - Prompt 71 generated token: ','
[icl_eval|INFO]Prompt 71 generated token: ','
2026-03-09 11:32:43 - INFO - Prompt 71: comma_logit=17.0000 (prob=0.434858), semicolon_logit=10.6875 (prob=0.000789)
[icl_eval|INFO]Prompt 71: comma_logit=17.0000 (prob=0.434858), semicolon_logit=10.6875 (prob=0.000789)
2026-03-09 11:32:44 - INFO - Prompt 72 generated token: ','
[icl_eval|INFO]Prompt 72 generated token: ','
2026-03-09 11:32:44 - INFO - Prompt 72: comma_logit=16.2500 (prob=0.345188), semicolon_logit=11.8125 (prob=0.004082)
[icl_eval|INFO]Prompt 72: comma_logit=16.2500 (prob=0.345188), semicolon_logit=11.8125 (prob=0.004082)
2026-03-09 11:32:44 - INFO - Prompt 73 generated token: ','
[icl_eval|INFO]Prompt 73 generated token: ','
2026-03-09 11:32:44 - INFO - Prompt 73: comma_logit=17.1250 (prob=0.423522), semicolon_logit=10.5000 (prob=0.000562)
[icl_eval|INFO]Prompt 73: comma_logit=17.1250 (prob=0.423522), semicolon_logit=10.5000 (prob=0.000562)
2026-03-09 11:32:44 - INFO - Prompt 74 generated token: ','
[icl_eval|INFO]Prompt 74 generated token: ','
2026-03-09 11:32:44 - INFO - Prompt 74: comma_logit=17.2500 (prob=0.449759), semicolon_logit=11.5000 (prob=0.001431)
[icl_eval|INFO]Prompt 74: comma_logit=17.2500 (prob=0.449759), semicolon_logit=11.5000 (prob=0.001431)
2026-03-09 11:32:44 - INFO - Prompt 75 generated token: ','
[icl_eval|INFO]Prompt 75 generated token: ','
2026-03-09 11:32:44 - INFO - Prompt 75: comma_logit=16.7500 (prob=0.398849), semicolon_logit=11.3125 (prob=0.001735)
[icl_eval|INFO]Prompt 75: comma_logit=16.7500 (prob=0.398849), semicolon_logit=11.3125 (prob=0.001735)
2026-03-09 11:32:45 - INFO - Prompt 76 generated token: ','
[icl_eval|INFO]Prompt 76 generated token: ','
2026-03-09 11:32:45 - INFO - Prompt 76: comma_logit=16.6250 (prob=0.368230), semicolon_logit=11.4375 (prob=0.002057)
[icl_eval|INFO]Prompt 76: comma_logit=16.6250 (prob=0.368230), semicolon_logit=11.4375 (prob=0.002057)
2026-03-09 11:32:45 - INFO - Prompt 77 generated token: ','
[icl_eval|INFO]Prompt 77 generated token: ','
2026-03-09 11:32:45 - INFO - Prompt 77: comma_logit=17.0000 (prob=0.437873), semicolon_logit=11.0625 (prob=0.001155)
[icl_eval|INFO]Prompt 77: comma_logit=17.0000 (prob=0.437873), semicolon_logit=11.0625 (prob=0.001155)
2026-03-09 11:32:45 - INFO - Prompt 78 generated token: ','
[icl_eval|INFO]Prompt 78 generated token: ','
2026-03-09 11:32:45 - INFO - Prompt 78: comma_logit=16.6250 (prob=0.373933), semicolon_logit=11.8750 (prob=0.003235)
[icl_eval|INFO]Prompt 78: comma_logit=16.6250 (prob=0.373933), semicolon_logit=11.8750 (prob=0.003235)
2026-03-09 11:32:45 - INFO - Prompt 79 generated token: ','
[icl_eval|INFO]Prompt 79 generated token: ','
2026-03-09 11:32:45 - INFO - Prompt 79: comma_logit=16.0000 (prob=0.247684), semicolon_logit=13.0625 (prob=0.013127)
[icl_eval|INFO]Prompt 79: comma_logit=16.0000 (prob=0.247684), semicolon_logit=13.0625 (prob=0.013127)
2026-03-09 11:32:46 - INFO - Prompt 80 generated token: ','
[icl_eval|INFO]Prompt 80 generated token: ','
2026-03-09 11:32:46 - INFO - Prompt 80: comma_logit=16.6250 (prob=0.452456), semicolon_logit=10.1875 (prob=0.000724)
[icl_eval|INFO]Prompt 80: comma_logit=16.6250 (prob=0.452456), semicolon_logit=10.1875 (prob=0.000724)
2026-03-09 11:32:46 - INFO - Prompt 81 generated token: ','
[icl_eval|INFO]Prompt 81 generated token: ','
2026-03-09 11:32:46 - INFO - Prompt 81: comma_logit=17.0000 (prob=0.410780), semicolon_logit=11.5625 (prob=0.001787)
[icl_eval|INFO]Prompt 81: comma_logit=17.0000 (prob=0.410780), semicolon_logit=11.5625 (prob=0.001787)
2026-03-09 11:32:46 - INFO - Prompt 82 generated token: ','
[icl_eval|INFO]Prompt 82 generated token: ','
2026-03-09 11:32:46 - INFO - Prompt 82: comma_logit=15.1875 (prob=0.180023), semicolon_logit=11.1875 (prob=0.003297)
[icl_eval|INFO]Prompt 82: comma_logit=15.1875 (prob=0.180023), semicolon_logit=11.1875 (prob=0.003297)
2026-03-09 11:32:46 - INFO - Prompt 83 generated token: ','
[icl_eval|INFO]Prompt 83 generated token: ','
2026-03-09 11:32:46 - INFO - Prompt 83: comma_logit=17.0000 (prob=0.487393), semicolon_logit=11.9375 (prob=0.003085)
[icl_eval|INFO]Prompt 83: comma_logit=17.0000 (prob=0.487393), semicolon_logit=11.9375 (prob=0.003085)
2026-03-09 11:32:47 - INFO - Prompt 84 generated token: ','
[icl_eval|INFO]Prompt 84 generated token: ','
2026-03-09 11:32:47 - INFO - Prompt 84: comma_logit=16.5000 (prob=0.315874), semicolon_logit=10.8125 (prob=0.001070)
[icl_eval|INFO]Prompt 84: comma_logit=16.5000 (prob=0.315874), semicolon_logit=10.8125 (prob=0.001070)
2026-03-09 11:32:47 - INFO - Prompt 85 generated token: ','
[icl_eval|INFO]Prompt 85 generated token: ','
2026-03-09 11:32:47 - INFO - Prompt 85: comma_logit=17.1250 (prob=0.446130), semicolon_logit=11.3125 (prob=0.001334)
[icl_eval|INFO]Prompt 85: comma_logit=17.1250 (prob=0.446130), semicolon_logit=11.3125 (prob=0.001334)
2026-03-09 11:32:47 - INFO - Prompt 86 generated token: ','
[icl_eval|INFO]Prompt 86 generated token: ','
2026-03-09 11:32:47 - INFO - Prompt 86: comma_logit=16.7500 (prob=0.361782), semicolon_logit=11.5625 (prob=0.002021)
[icl_eval|INFO]Prompt 86: comma_logit=16.7500 (prob=0.361782), semicolon_logit=11.5625 (prob=0.002021)
2026-03-09 11:32:48 - INFO - Prompt 87 generated token: ','
[icl_eval|INFO]Prompt 87 generated token: ','
2026-03-09 11:32:48 - INFO - Prompt 87: comma_logit=16.6250 (prob=0.374989), semicolon_logit=11.0625 (prob=0.001440)
[icl_eval|INFO]Prompt 87: comma_logit=16.6250 (prob=0.374989), semicolon_logit=11.0625 (prob=0.001440)
2026-03-09 11:32:48 - INFO - Prompt 88 generated token: ','
[icl_eval|INFO]Prompt 88 generated token: ','
2026-03-09 11:32:48 - INFO - Prompt 88: comma_logit=17.0000 (prob=0.447834), semicolon_logit=11.3750 (prob=0.001615)
[icl_eval|INFO]Prompt 88: comma_logit=17.0000 (prob=0.447834), semicolon_logit=11.3750 (prob=0.001615)
2026-03-09 11:32:48 - INFO - Prompt 89 generated token: ','
[icl_eval|INFO]Prompt 89 generated token: ','
2026-03-09 11:32:48 - INFO - Prompt 89: comma_logit=15.9375 (prob=0.291408), semicolon_logit=10.6875 (prob=0.001529)
[icl_eval|INFO]Prompt 89: comma_logit=15.9375 (prob=0.291408), semicolon_logit=10.6875 (prob=0.001529)
2026-03-09 11:32:48 - INFO - Prompt 90 generated token: ','
[icl_eval|INFO]Prompt 90 generated token: ','
2026-03-09 11:32:48 - INFO - Prompt 90: comma_logit=15.6875 (prob=0.282777), semicolon_logit=11.9375 (prob=0.006650)
[icl_eval|INFO]Prompt 90: comma_logit=15.6875 (prob=0.282777), semicolon_logit=11.9375 (prob=0.006650)
2026-03-09 11:32:49 - INFO - Prompt 91 generated token: ','
[icl_eval|INFO]Prompt 91 generated token: ','
2026-03-09 11:32:49 - INFO - Prompt 91: comma_logit=16.1250 (prob=0.334764), semicolon_logit=11.3125 (prob=0.002721)
[icl_eval|INFO]Prompt 91: comma_logit=16.1250 (prob=0.334764), semicolon_logit=11.3125 (prob=0.002721)
2026-03-09 11:32:49 - INFO - Prompt 92 generated token: ','
[icl_eval|INFO]Prompt 92 generated token: ','
2026-03-09 11:32:49 - INFO - Prompt 92: comma_logit=16.1250 (prob=0.304087), semicolon_logit=12.3125 (prob=0.006718)
[icl_eval|INFO]Prompt 92: comma_logit=16.1250 (prob=0.304087), semicolon_logit=12.3125 (prob=0.006718)
2026-03-09 11:32:49 - INFO - Prompt 93 generated token: ','
[icl_eval|INFO]Prompt 93 generated token: ','
2026-03-09 11:32:49 - INFO - Prompt 93: comma_logit=16.6250 (prob=0.356590), semicolon_logit=11.5625 (prob=0.002257)
[icl_eval|INFO]Prompt 93: comma_logit=16.6250 (prob=0.356590), semicolon_logit=11.5625 (prob=0.002257)
2026-03-09 11:32:49 - INFO - Prompt 94 generated token: ','
[icl_eval|INFO]Prompt 94 generated token: ','
2026-03-09 11:32:49 - INFO - Prompt 94: comma_logit=16.6250 (prob=0.402996), semicolon_logit=11.4375 (prob=0.002251)
[icl_eval|INFO]Prompt 94: comma_logit=16.6250 (prob=0.402996), semicolon_logit=11.4375 (prob=0.002251)
2026-03-09 11:32:50 - INFO - Prompt 95 generated token: ','
[icl_eval|INFO]Prompt 95 generated token: ','
2026-03-09 11:32:50 - INFO - Prompt 95: comma_logit=16.0000 (prob=0.260225), semicolon_logit=10.6875 (prob=0.001283)
[icl_eval|INFO]Prompt 95: comma_logit=16.0000 (prob=0.260225), semicolon_logit=10.6875 (prob=0.001283)
2026-03-09 11:32:50 - INFO - Prompt 96 generated token: ','
[icl_eval|INFO]Prompt 96 generated token: ','
2026-03-09 11:32:50 - INFO - Prompt 96: comma_logit=16.7500 (prob=0.382856), semicolon_logit=11.3750 (prob=0.001773)
[icl_eval|INFO]Prompt 96: comma_logit=16.7500 (prob=0.382856), semicolon_logit=11.3750 (prob=0.001773)
2026-03-09 11:32:50 - INFO - Prompt 97 generated token: ','
[icl_eval|INFO]Prompt 97 generated token: ','
2026-03-09 11:32:50 - INFO - Prompt 97: comma_logit=15.9375 (prob=0.227694), semicolon_logit=11.5000 (prob=0.002693)
[icl_eval|INFO]Prompt 97: comma_logit=15.9375 (prob=0.227694), semicolon_logit=11.5000 (prob=0.002693)
2026-03-09 11:32:50 - INFO - Prompt 98 generated token: ','
[icl_eval|INFO]Prompt 98 generated token: ','
2026-03-09 11:32:50 - INFO - Prompt 98: comma_logit=16.7500 (prob=0.366883), semicolon_logit=11.8750 (prob=0.002801)
[icl_eval|INFO]Prompt 98: comma_logit=16.7500 (prob=0.366883), semicolon_logit=11.8750 (prob=0.002801)
2026-03-09 11:32:51 - INFO - Prompt 99 generated token: ','
[icl_eval|INFO]Prompt 99 generated token: ','
2026-03-09 11:32:51 - INFO - Prompt 99: comma_logit=16.1250 (prob=0.288256), semicolon_logit=11.5625 (prob=0.003008)
[icl_eval|INFO]Prompt 99: comma_logit=16.1250 (prob=0.288256), semicolon_logit=11.5625 (prob=0.003008)
2026-03-09 11:32:51 - INFO - Overall: mean_comma_logit=16.5244 (prob=0.361093), mean_semicolon_logit=11.5894 (prob=0.003790), comma_preferred=100/100, semicolon_preferred=0/100
[icl_eval|INFO]Overall: mean_comma_logit=16.5244 (prob=0.361093), mean_semicolon_logit=11.5894 (prob=0.003790), comma_preferred=100/100, semicolon_preferred=0/100
2026-03-09 11:32:51 - INFO - Results saved to: /workspace/spar-team-recon/projects/ip/results/exp_5/arm_5/icl=14/judgements/comma_vs_semicolon_toy.jsonl
[icl_eval|INFO]Results saved to: /workspace/spar-team-recon/projects/ip/results/exp_5/arm_5/icl=14/judgements/comma_vs_semicolon_toy.jsonl
2026-03-09 11:32:51 - INFO - Results saved to /workspace/spar-team-recon/projects/ip/results/exp_5/arm_5/icl=14/judgements/comma_vs_semicolon_toy.jsonl
[icl_eval|INFO]Results saved to /workspace/spar-team-recon/projects/ip/results/exp_5/arm_5/icl=14/judgements/comma_vs_semicolon_toy.jsonl
2026-03-09 11:32:51 - INFO - ============================================================
[icl_eval|INFO]============================================================
2026-03-09 11:32:51 - INFO - Processing prompts_icl=16.jsonl (icl=16)
[icl_eval|INFO]Processing prompts_icl=16.jsonl (icl=16)
2026-03-09 11:32:51 - INFO - ============================================================
[icl_eval|INFO]============================================================
2026-03-09 11:32:51 - INFO - Loading test data from: /workspace/spar-team-recon/projects/ip/data/evals/comma_vs_semicolon_toy/icl_ip/exp_5_arm_5_ICL_IP_comma/prompts_icl=16.jsonl
[icl_eval|INFO]Loading test data from: /workspace/spar-team-recon/projects/ip/data/evals/comma_vs_semicolon_toy/icl_ip/exp_5_arm_5_ICL_IP_comma/prompts_icl=16.jsonl
2026-03-09 11:32:51 - INFO - Loaded 100 test prompts
[icl_eval|INFO]Loaded 100 test prompts
2026-03-09 11:32:51 - INFO - 100 prompts loaded
[icl_eval|INFO]100 prompts loaded
2026-03-09 11:33:20 - INFO - Rollouts done in 29.3s
[icl_eval|INFO]Rollouts done in 29.3s
2026-03-09 11:33:20 - INFO - Comma ',' tokenizes to IDs: [1044]
[icl_eval|INFO]Comma ',' tokenizes to IDs: [1044]
2026-03-09 11:33:20 - INFO - Semicolon ';' tokenizes to IDs: [1059]
[icl_eval|INFO]Semicolon ';' tokenizes to IDs: [1059]
2026-03-09 11:33:20 - INFO - Using comma_id=1044 (','), semicolon_id=1059 (';')
[icl_eval|INFO]Using comma_id=1044 (','), semicolon_id=1059 (';')
2026-03-09 11:33:20 - INFO - Processing 100 prompts
[icl_eval|INFO]Processing 100 prompts
2026-03-09 11:33:20 - INFO - Prompt 0 generated token: ','
[icl_eval|INFO]Prompt 0 generated token: ','
2026-03-09 11:33:20 - INFO - Prompt 0: comma_logit=17.6250 (prob=0.515215), semicolon_logit=10.5625 (prob=0.000441)
[icl_eval|INFO]Prompt 0: comma_logit=17.6250 (prob=0.515215), semicolon_logit=10.5625 (prob=0.000441)
2026-03-09 11:33:21 - INFO - Prompt 1 generated token: ','
[icl_eval|INFO]Prompt 1 generated token: ','
2026-03-09 11:33:21 - INFO - Prompt 1: comma_logit=16.0000 (prob=0.247902), semicolon_logit=13.0000 (prob=0.012342)
[icl_eval|INFO]Prompt 1: comma_logit=16.0000 (prob=0.247902), semicolon_logit=13.0000 (prob=0.012342)
2026-03-09 11:33:21 - INFO - Prompt 2 generated token: ','
[icl_eval|INFO]Prompt 2 generated token: ','
2026-03-09 11:33:21 - INFO - Prompt 2: comma_logit=16.0000 (prob=0.302271), semicolon_logit=11.5625 (prob=0.003574)
[icl_eval|INFO]Prompt 2: comma_logit=16.0000 (prob=0.302271), semicolon_logit=11.5625 (prob=0.003574)
2026-03-09 11:33:21 - INFO - Prompt 3 generated token: ','
[icl_eval|INFO]Prompt 3 generated token: ','
2026-03-09 11:33:21 - INFO - Prompt 3: comma_logit=15.9375 (prob=0.266365), semicolon_logit=11.9375 (prob=0.004879)
[icl_eval|INFO]Prompt 3: comma_logit=15.9375 (prob=0.266365), semicolon_logit=11.9375 (prob=0.004879)
2026-03-09 11:33:21 - INFO - Prompt 4 generated token: ','
[icl_eval|INFO]Prompt 4 generated token: ','
2026-03-09 11:33:21 - INFO - Prompt 4: comma_logit=16.7500 (prob=0.375450), semicolon_logit=11.7500 (prob=0.002530)
[icl_eval|INFO]Prompt 4: comma_logit=16.7500 (prob=0.375450), semicolon_logit=11.7500 (prob=0.002530)
2026-03-09 11:33:22 - INFO - Prompt 5 generated token: ','
[icl_eval|INFO]Prompt 5 generated token: ','
2026-03-09 11:33:22 - INFO - Prompt 5: comma_logit=16.6250 (prob=0.368422), semicolon_logit=12.3125 (prob=0.004937)
[icl_eval|INFO]Prompt 5: comma_logit=16.6250 (prob=0.368422), semicolon_logit=12.3125 (prob=0.004937)
2026-03-09 11:33:22 - INFO - Prompt 6 generated token: ','
[icl_eval|INFO]Prompt 6 generated token: ','
2026-03-09 11:33:22 - INFO - Prompt 6: comma_logit=16.6250 (prob=0.332153), semicolon_logit=11.4375 (prob=0.001855)
[icl_eval|INFO]Prompt 6: comma_logit=16.6250 (prob=0.332153), semicolon_logit=11.4375 (prob=0.001855)
2026-03-09 11:33:22 - INFO - Prompt 7 generated token: ','
[icl_eval|INFO]Prompt 7 generated token: ','
2026-03-09 11:33:22 - INFO - Prompt 7: comma_logit=16.6250 (prob=0.367120), semicolon_logit=11.0000 (prob=0.001324)
[icl_eval|INFO]Prompt 7: comma_logit=16.6250 (prob=0.367120), semicolon_logit=11.0000 (prob=0.001324)
2026-03-09 11:33:23 - INFO - Prompt 8 generated token: ','
[icl_eval|INFO]Prompt 8 generated token: ','
2026-03-09 11:33:23 - INFO - Prompt 8: comma_logit=17.2500 (prob=0.456959), semicolon_logit=11.6250 (prob=0.001648)
[icl_eval|INFO]Prompt 8: comma_logit=17.2500 (prob=0.456959), semicolon_logit=11.6250 (prob=0.001648)
2026-03-09 11:33:23 - INFO - Prompt 9 generated token: ','
[icl_eval|INFO]Prompt 9 generated token: ','
2026-03-09 11:33:23 - INFO - Prompt 9: comma_logit=17.3750 (prob=0.459543), semicolon_logit=10.6875 (prob=0.000573)
[icl_eval|INFO]Prompt 9: comma_logit=17.3750 (prob=0.459543), semicolon_logit=10.6875 (prob=0.000573)
2026-03-09 11:33:23 - INFO - Prompt 10 generated token: ','
[icl_eval|INFO]Prompt 10 generated token: ','
2026-03-09 11:33:23 - INFO - Prompt 10: comma_logit=17.1250 (prob=0.410072), semicolon_logit=12.3125 (prob=0.003333)
[icl_eval|INFO]Prompt 10: comma_logit=17.1250 (prob=0.410072), semicolon_logit=12.3125 (prob=0.003333)
2026-03-09 11:33:23 - INFO - Prompt 11 generated token: ','
[icl_eval|INFO]Prompt 11 generated token: ','
2026-03-09 11:33:23 - INFO - Prompt 11: comma_logit=16.3750 (prob=0.338541), semicolon_logit=11.5625 (prob=0.002751)
[icl_eval|INFO]Prompt 11: comma_logit=16.3750 (prob=0.338541), semicolon_logit=11.5625 (prob=0.002751)
2026-03-09 11:33:24 - INFO - Prompt 12 generated token: ','
[icl_eval|INFO]Prompt 12 generated token: ','
2026-03-09 11:33:24 - INFO - Prompt 12: comma_logit=16.6250 (prob=0.323274), semicolon_logit=10.8125 (prob=0.000967)
[icl_eval|INFO]Prompt 12: comma_logit=16.6250 (prob=0.323274), semicolon_logit=10.8125 (prob=0.000967)
2026-03-09 11:33:24 - INFO - Prompt 13 generated token: ','
[icl_eval|INFO]Prompt 13 generated token: ','
2026-03-09 11:33:24 - INFO - Prompt 13: comma_logit=16.8750 (prob=0.382505), semicolon_logit=11.3125 (prob=0.001469)
[icl_eval|INFO]Prompt 13: comma_logit=16.8750 (prob=0.382505), semicolon_logit=11.3125 (prob=0.001469)
2026-03-09 11:33:24 - INFO - Prompt 14 generated token: ','
[icl_eval|INFO]Prompt 14 generated token: ','
2026-03-09 11:33:24 - INFO - Prompt 14: comma_logit=16.3750 (prob=0.318243), semicolon_logit=12.2500 (prob=0.005144)
[icl_eval|INFO]Prompt 14: comma_logit=16.3750 (prob=0.318243), semicolon_logit=12.2500 (prob=0.005144)
2026-03-09 11:33:25 - INFO - Prompt 15 generated token: ','
[icl_eval|INFO]Prompt 15 generated token: ','
2026-03-09 11:33:25 - INFO - Prompt 15: comma_logit=15.8750 (prob=0.289180), semicolon_logit=11.2500 (prob=0.002835)
[icl_eval|INFO]Prompt 15: comma_logit=15.8750 (prob=0.289180), semicolon_logit=11.2500 (prob=0.002835)
2026-03-09 11:33:25 - INFO - Prompt 16 generated token: ','
[icl_eval|INFO]Prompt 16 generated token: ','
2026-03-09 11:33:25 - INFO - Prompt 16: comma_logit=16.8750 (prob=0.406293), semicolon_logit=11.2500 (prob=0.001465)
[icl_eval|INFO]Prompt 16: comma_logit=16.8750 (prob=0.406293), semicolon_logit=11.2500 (prob=0.001465)
2026-03-09 11:33:25 - INFO - Prompt 17 generated token: ','
[icl_eval|INFO]Prompt 17 generated token: ','
2026-03-09 11:33:25 - INFO - Prompt 17: comma_logit=17.2500 (prob=0.434907), semicolon_logit=11.3125 (prob=0.001148)
[icl_eval|INFO]Prompt 17: comma_logit=17.2500 (prob=0.434907), semicolon_logit=11.3125 (prob=0.001148)
2026-03-09 11:33:26 - INFO - Prompt 18 generated token: ','
[icl_eval|INFO]Prompt 18 generated token: ','
2026-03-09 11:33:26 - INFO - Prompt 18: comma_logit=17.0000 (prob=0.389552), semicolon_logit=11.4375 (prob=0.001496)
[icl_eval|INFO]Prompt 18: comma_logit=17.0000 (prob=0.389552), semicolon_logit=11.4375 (prob=0.001496)
2026-03-09 11:33:26 - INFO - Prompt 19 generated token: ','
[icl_eval|INFO]Prompt 19 generated token: ','
2026-03-09 11:33:26 - INFO - Prompt 19: comma_logit=17.5000 (prob=0.519446), semicolon_logit=11.2500 (prob=0.001003)
[icl_eval|INFO]Prompt 19: comma_logit=17.5000 (prob=0.519446), semicolon_logit=11.2500 (prob=0.001003)
2026-03-09 11:33:26 - INFO - Prompt 20 generated token: ','
[icl_eval|INFO]Prompt 20 generated token: ','
2026-03-09 11:33:26 - INFO - Prompt 20: comma_logit=17.3750 (prob=0.468304), semicolon_logit=12.2500 (prob=0.002785)
[icl_eval|INFO]Prompt 20: comma_logit=17.3750 (prob=0.468304), semicolon_logit=12.2500 (prob=0.002785)
2026-03-09 11:33:26 - INFO - Prompt 21 generated token: ','
[icl_eval|INFO]Prompt 21 generated token: ','
2026-03-09 11:33:26 - INFO - Prompt 21: comma_logit=16.5000 (prob=0.399937), semicolon_logit=11.5000 (prob=0.002695)
[icl_eval|INFO]Prompt 21: comma_logit=16.5000 (prob=0.399937), semicolon_logit=11.5000 (prob=0.002695)
2026-03-09 11:33:27 - INFO - Prompt 22 generated token: ','
[icl_eval|INFO]Prompt 22 generated token: ','
2026-03-09 11:33:27 - INFO - Prompt 22: comma_logit=17.3750 (prob=0.503574), semicolon_logit=10.5625 (prob=0.000554)
[icl_eval|INFO]Prompt 22: comma_logit=17.3750 (prob=0.503574), semicolon_logit=10.5625 (prob=0.000554)
2026-03-09 11:33:27 - INFO - Prompt 23 generated token: ','
[icl_eval|INFO]Prompt 23 generated token: ','
2026-03-09 11:33:27 - INFO - Prompt 23: comma_logit=16.2500 (prob=0.274994), semicolon_logit=12.8750 (prob=0.009410)
[icl_eval|INFO]Prompt 23: comma_logit=16.2500 (prob=0.274994), semicolon_logit=12.8750 (prob=0.009410)
2026-03-09 11:33:27 - INFO - Prompt 24 generated token: ','
[icl_eval|INFO]Prompt 24 generated token: ','
2026-03-09 11:33:27 - INFO - Prompt 24: comma_logit=17.1250 (prob=0.435021), semicolon_logit=12.7500 (prob=0.005476)
[icl_eval|INFO]Prompt 24: comma_logit=17.1250 (prob=0.435021), semicolon_logit=12.7500 (prob=0.005476)
2026-03-09 11:33:28 - INFO - Prompt 25 generated token: ','
[icl_eval|INFO]Prompt 25 generated token: ','
2026-03-09 11:33:28 - INFO - Prompt 25: comma_logit=17.5000 (prob=0.511932), semicolon_logit=10.6875 (prob=0.000563)
[icl_eval|INFO]Prompt 25: comma_logit=17.5000 (prob=0.511932), semicolon_logit=10.6875 (prob=0.000563)
2026-03-09 11:33:28 - INFO - Prompt 26 generated token: ','
[icl_eval|INFO]Prompt 26 generated token: ','
2026-03-09 11:33:28 - INFO - Prompt 26: comma_logit=17.1250 (prob=0.448738), semicolon_logit=10.3750 (prob=0.000525)
[icl_eval|INFO]Prompt 26: comma_logit=17.1250 (prob=0.448738), semicolon_logit=10.3750 (prob=0.000525)
2026-03-09 11:33:28 - INFO - Prompt 27 generated token: ','
[icl_eval|INFO]Prompt 27 generated token: ','
2026-03-09 11:33:28 - INFO - Prompt 27: comma_logit=15.9375 (prob=0.295227), semicolon_logit=10.2500 (prob=0.001000)
[icl_eval|INFO]Prompt 27: comma_logit=15.9375 (prob=0.295227), semicolon_logit=10.2500 (prob=0.001000)
2026-03-09 11:33:28 - INFO - Prompt 28 generated token: ','
[icl_eval|INFO]Prompt 28 generated token: ','
2026-03-09 11:33:28 - INFO - Prompt 28: comma_logit=17.3750 (prob=0.482394), semicolon_logit=10.9375 (prob=0.000772)
[icl_eval|INFO]Prompt 28: comma_logit=17.3750 (prob=0.482394), semicolon_logit=10.9375 (prob=0.000772)
2026-03-09 11:33:29 - INFO - Prompt 29 generated token: ','
[icl_eval|INFO]Prompt 29 generated token: ','
2026-03-09 11:33:29 - INFO - Prompt 29: comma_logit=17.0000 (prob=0.458474), semicolon_logit=11.6875 (prob=0.002260)
[icl_eval|INFO]Prompt 29: comma_logit=17.0000 (prob=0.458474), semicolon_logit=11.6875 (prob=0.002260)
2026-03-09 11:33:29 - INFO - Prompt 30 generated token: ','
[icl_eval|INFO]Prompt 30 generated token: ','
2026-03-09 11:33:29 - INFO - Prompt 30: comma_logit=16.8750 (prob=0.369540), semicolon_logit=11.9375 (prob=0.002651)
[icl_eval|INFO]Prompt 30: comma_logit=16.8750 (prob=0.369540), semicolon_logit=11.9375 (prob=0.002651)
2026-03-09 11:33:29 - INFO - Prompt 31 generated token: ','
[icl_eval|INFO]Prompt 31 generated token: ','
2026-03-09 11:33:29 - INFO - Prompt 31: comma_logit=17.3750 (prob=0.438497), semicolon_logit=10.9375 (prob=0.000702)
[icl_eval|INFO]Prompt 31: comma_logit=17.3750 (prob=0.438497), semicolon_logit=10.9375 (prob=0.000702)
2026-03-09 11:33:30 - INFO - Prompt 32 generated token: ','
[icl_eval|INFO]Prompt 32 generated token: ','
2026-03-09 11:33:30 - INFO - Prompt 32: comma_logit=17.2500 (prob=0.419637), semicolon_logit=11.3125 (prob=0.001107)
[icl_eval|INFO]Prompt 32: comma_logit=17.2500 (prob=0.419637), semicolon_logit=11.3125 (prob=0.001107)
2026-03-09 11:33:30 - INFO - Prompt 33 generated token: ','
[icl_eval|INFO]Prompt 33 generated token: ','
2026-03-09 11:33:30 - INFO - Prompt 33: comma_logit=17.2500 (prob=0.496201), semicolon_logit=12.4375 (prob=0.004033)
[icl_eval|INFO]Prompt 33: comma_logit=17.2500 (prob=0.496201), semicolon_logit=12.4375 (prob=0.004033)
2026-03-09 11:33:30 - INFO - Prompt 34 generated token: ','
[icl_eval|INFO]Prompt 34 generated token: ','
2026-03-09 11:33:30 - INFO - Prompt 34: comma_logit=17.1250 (prob=0.456589), semicolon_logit=12.9375 (prob=0.006933)
[icl_eval|INFO]Prompt 34: comma_logit=17.1250 (prob=0.456589), semicolon_logit=12.9375 (prob=0.006933)
2026-03-09 11:33:31 - INFO - Prompt 35 generated token: ','
[icl_eval|INFO]Prompt 35 generated token: ','
2026-03-09 11:33:31 - INFO - Prompt 35: comma_logit=16.6250 (prob=0.338936), semicolon_logit=12.5625 (prob=0.005832)
[icl_eval|INFO]Prompt 35: comma_logit=16.6250 (prob=0.338936), semicolon_logit=12.5625 (prob=0.005832)
2026-03-09 11:33:31 - INFO - Prompt 36 generated token: ','
[icl_eval|INFO]Prompt 36 generated token: ','
2026-03-09 11:33:31 - INFO - Prompt 36: comma_logit=17.3750 (prob=0.459964), semicolon_logit=11.0625 (prob=0.000834)
[icl_eval|INFO]Prompt 36: comma_logit=17.3750 (prob=0.459964), semicolon_logit=11.0625 (prob=0.000834)
2026-03-09 11:33:31 - INFO - Prompt 37 generated token: ','
[icl_eval|INFO]Prompt 37 generated token: ','
2026-03-09 11:33:31 - INFO - Prompt 37: comma_logit=17.6250 (prob=0.541538), semicolon_logit=11.1250 (prob=0.000814)
[icl_eval|INFO]Prompt 37: comma_logit=17.6250 (prob=0.541538), semicolon_logit=11.1250 (prob=0.000814)
2026-03-09 11:33:31 - INFO - Prompt 38 generated token: ','
[icl_eval|INFO]Prompt 38 generated token: ','
2026-03-09 11:33:31 - INFO - Prompt 38: comma_logit=16.7500 (prob=0.391653), semicolon_logit=13.5625 (prob=0.016165)
[icl_eval|INFO]Prompt 38: comma_logit=16.7500 (prob=0.391653), semicolon_logit=13.5625 (prob=0.016165)
2026-03-09 11:33:32 - INFO - Prompt 39 generated token: ','
[icl_eval|INFO]Prompt 39 generated token: ','
2026-03-09 11:33:32 - INFO - Prompt 39: comma_logit=17.2500 (prob=0.446160), semicolon_logit=11.1250 (prob=0.000976)
[icl_eval|INFO]Prompt 39: comma_logit=17.2500 (prob=0.446160), semicolon_logit=11.1250 (prob=0.000976)
2026-03-09 11:33:32 - INFO - Prompt 40 generated token: ','
[icl_eval|INFO]Prompt 40 generated token: ','
2026-03-09 11:33:32 - INFO - Prompt 40: comma_logit=16.2500 (prob=0.289517), semicolon_logit=12.3750 (prob=0.006009)
[icl_eval|INFO]Prompt 40: comma_logit=16.2500 (prob=0.289517), semicolon_logit=12.3750 (prob=0.006009)
2026-03-09 11:33:32 - INFO - Prompt 41 generated token: ','
[icl_eval|INFO]Prompt 41 generated token: ','
2026-03-09 11:33:32 - INFO - Prompt 41: comma_logit=16.6250 (prob=0.319091), semicolon_logit=10.9375 (prob=0.001081)
[icl_eval|INFO]Prompt 41: comma_logit=16.6250 (prob=0.319091), semicolon_logit=10.9375 (prob=0.001081)
2026-03-09 11:33:33 - INFO - Prompt 42 generated token: ','
[icl_eval|INFO]Prompt 42 generated token: ','
2026-03-09 11:33:33 - INFO - Prompt 42: comma_logit=17.6250 (prob=0.509048), semicolon_logit=11.2500 (prob=0.000867)
[icl_eval|INFO]Prompt 42: comma_logit=17.6250 (prob=0.509048), semicolon_logit=11.2500 (prob=0.000867)
2026-03-09 11:33:33 - INFO - Prompt 43 generated token: ','
[icl_eval|INFO]Prompt 43 generated token: ','
2026-03-09 11:33:33 - INFO - Prompt 43: comma_logit=17.1250 (prob=0.471796), semicolon_logit=11.1250 (prob=0.001169)
[icl_eval|INFO]Prompt 43: comma_logit=17.1250 (prob=0.471796), semicolon_logit=11.1250 (prob=0.001169)
2026-03-09 11:33:33 - INFO - Prompt 44 generated token: ','
[icl_eval|INFO]Prompt 44 generated token: ','
2026-03-09 11:33:33 - INFO - Prompt 44: comma_logit=17.0000 (prob=0.403885), semicolon_logit=12.0000 (prob=0.002721)
[icl_eval|INFO]Prompt 44: comma_logit=17.0000 (prob=0.403885), semicolon_logit=12.0000 (prob=0.002721)
2026-03-09 11:33:33 - INFO - Prompt 45 generated token: ','
[icl_eval|INFO]Prompt 45 generated token: ','
2026-03-09 11:33:33 - INFO - Prompt 45: comma_logit=17.1250 (prob=0.473553), semicolon_logit=11.6875 (prob=0.002060)
[icl_eval|INFO]Prompt 45: comma_logit=17.1250 (prob=0.473553), semicolon_logit=11.6875 (prob=0.002060)
2026-03-09 11:33:34 - INFO - Prompt 46 generated token: ','
[icl_eval|INFO]Prompt 46 generated token: ','
2026-03-09 11:33:34 - INFO - Prompt 46: comma_logit=17.2500 (prob=0.493681), semicolon_logit=10.5000 (prob=0.000578)
[icl_eval|INFO]Prompt 46: comma_logit=17.2500 (prob=0.493681), semicolon_logit=10.5000 (prob=0.000578)
2026-03-09 11:33:34 - INFO - Prompt 47 generated token: ','
[icl_eval|INFO]Prompt 47 generated token: ','
2026-03-09 11:33:34 - INFO - Prompt 47: comma_logit=16.6250 (prob=0.397138), semicolon_logit=10.9375 (prob=0.001346)
[icl_eval|INFO]Prompt 47: comma_logit=16.6250 (prob=0.397138), semicolon_logit=10.9375 (prob=0.001346)
2026-03-09 11:33:34 - INFO - Prompt 48 generated token: ','
[icl_eval|INFO]Prompt 48 generated token: ','
2026-03-09 11:33:34 - INFO - Prompt 48: comma_logit=16.8750 (prob=0.381161), semicolon_logit=12.1250 (prob=0.003298)
[icl_eval|INFO]Prompt 48: comma_logit=16.8750 (prob=0.381161), semicolon_logit=12.1250 (prob=0.003298)
2026-03-09 11:33:35 - INFO - Prompt 49 generated token: ','
[icl_eval|INFO]Prompt 49 generated token: ','
2026-03-09 11:33:35 - INFO - Prompt 49: comma_logit=17.2500 (prob=0.425559), semicolon_logit=11.4375 (prob=0.001272)
[icl_eval|INFO]Prompt 49: comma_logit=17.2500 (prob=0.425559), semicolon_logit=11.4375 (prob=0.001272)
2026-03-09 11:33:35 - INFO - Prompt 50 generated token: ','
[icl_eval|INFO]Prompt 50 generated token: ','
2026-03-09 11:33:35 - INFO - Prompt 50: comma_logit=16.3750 (prob=0.335423), semicolon_logit=10.5000 (prob=0.000942)
[icl_eval|INFO]Prompt 50: comma_logit=16.3750 (prob=0.335423), semicolon_logit=10.5000 (prob=0.000942)
2026-03-09 11:33:35 - INFO - Prompt 51 generated token: ','
[icl_eval|INFO]Prompt 51 generated token: ','
2026-03-09 11:33:35 - INFO - Prompt 51: comma_logit=16.8750 (prob=0.353147), semicolon_logit=11.7500 (prob=0.002100)
[icl_eval|INFO]Prompt 51: comma_logit=16.8750 (prob=0.353147), semicolon_logit=11.7500 (prob=0.002100)
2026-03-09 11:33:36 - INFO - Prompt 52 generated token: ','
[icl_eval|INFO]Prompt 52 generated token: ','
2026-03-09 11:33:36 - INFO - Prompt 52: comma_logit=17.0000 (prob=0.465768), semicolon_logit=10.6875 (prob=0.000845)
[icl_eval|INFO]Prompt 52: comma_logit=17.0000 (prob=0.465768), semicolon_logit=10.6875 (prob=0.000845)
2026-03-09 11:33:36 - INFO - Prompt 53 generated token: ','
[icl_eval|INFO]Prompt 53 generated token: ','
2026-03-09 11:33:36 - INFO - Prompt 53: comma_logit=16.6250 (prob=0.358385), semicolon_logit=10.9375 (prob=0.001214)
[icl_eval|INFO]Prompt 53: comma_logit=16.6250 (prob=0.358385), semicolon_logit=10.9375 (prob=0.001214)
2026-03-09 11:33:36 - INFO - Prompt 54 generated token: ','
[icl_eval|INFO]Prompt 54 generated token: ','
2026-03-09 11:33:36 - INFO - Prompt 54: comma_logit=17.3750 (prob=0.481809), semicolon_logit=11.4375 (prob=0.001271)
[icl_eval|INFO]Prompt 54: comma_logit=17.3750 (prob=0.481809), semicolon_logit=11.4375 (prob=0.001271)
2026-03-09 11:33:36 - INFO - Prompt 55 generated token: ','
[icl_eval|INFO]Prompt 55 generated token: ','
2026-03-09 11:33:36 - INFO - Prompt 55: comma_logit=17.1250 (prob=0.462866), semicolon_logit=11.2500 (prob=0.001300)
[icl_eval|INFO]Prompt 55: comma_logit=17.1250 (prob=0.462866), semicolon_logit=11.2500 (prob=0.001300)
2026-03-09 11:33:37 - INFO - Prompt 56 generated token: ','
[icl_eval|INFO]Prompt 56 generated token: ','
2026-03-09 11:33:37 - INFO - Prompt 56: comma_logit=16.6250 (prob=0.402807), semicolon_logit=11.0000 (prob=0.001453)
[icl_eval|INFO]Prompt 56: comma_logit=16.6250 (prob=0.402807), semicolon_logit=11.0000 (prob=0.001453)
2026-03-09 11:33:37 - INFO - Prompt 57 generated token: ','
[icl_eval|INFO]Prompt 57 generated token: ','
2026-03-09 11:33:37 - INFO - Prompt 57: comma_logit=17.2500 (prob=0.509744), semicolon_logit=11.0000 (prob=0.000984)
[icl_eval|INFO]Prompt 57: comma_logit=17.2500 (prob=0.509744), semicolon_logit=11.0000 (prob=0.000984)
2026-03-09 11:33:37 - INFO - Prompt 58 generated token: ','
[icl_eval|INFO]Prompt 58 generated token: ','
2026-03-09 11:33:37 - INFO - Prompt 58: comma_logit=16.6250 (prob=0.378128), semicolon_logit=11.8125 (prob=0.003073)
[icl_eval|INFO]Prompt 58: comma_logit=16.6250 (prob=0.378128), semicolon_logit=11.8125 (prob=0.003073)
2026-03-09 11:33:38 - INFO - Prompt 59 generated token: ','
[icl_eval|INFO]Prompt 59 generated token: ','
2026-03-09 11:33:38 - INFO - Prompt 59: comma_logit=17.3750 (prob=0.486706), semicolon_logit=10.6250 (prob=0.000570)
[icl_eval|INFO]Prompt 59: comma_logit=17.3750 (prob=0.486706), semicolon_logit=10.6250 (prob=0.000570)
2026-03-09 11:33:38 - INFO - Prompt 60 generated token: ','
[icl_eval|INFO]Prompt 60 generated token: ','
2026-03-09 11:33:38 - INFO - Prompt 60: comma_logit=17.5000 (prob=0.507271), semicolon_logit=11.3750 (prob=0.001110)
[icl_eval|INFO]Prompt 60: comma_logit=17.5000 (prob=0.507271), semicolon_logit=11.3750 (prob=0.001110)
2026-03-09 11:33:38 - INFO - Prompt 61 generated token: ','
[icl_eval|INFO]Prompt 61 generated token: ','
2026-03-09 11:33:38 - INFO - Prompt 61: comma_logit=16.7500 (prob=0.419591), semicolon_logit=10.9375 (prob=0.001255)
[icl_eval|INFO]Prompt 61: comma_logit=16.7500 (prob=0.419591), semicolon_logit=10.9375 (prob=0.001255)
2026-03-09 11:33:38 - INFO - Prompt 62 generated token: ','
[icl_eval|INFO]Prompt 62 generated token: ','
2026-03-09 11:33:38 - INFO - Prompt 62: comma_logit=17.1250 (prob=0.423009), semicolon_logit=11.0625 (prob=0.000985)
[icl_eval|INFO]Prompt 62: comma_logit=17.1250 (prob=0.423009), semicolon_logit=11.0625 (prob=0.000985)
2026-03-09 11:33:39 - INFO - Prompt 63 generated token: ','
[icl_eval|INFO]Prompt 63 generated token: ','
2026-03-09 11:33:39 - INFO - Prompt 63: comma_logit=16.3750 (prob=0.374221), semicolon_logit=12.6250 (prob=0.008801)
[icl_eval|INFO]Prompt 63: comma_logit=16.3750 (prob=0.374221), semicolon_logit=12.6250 (prob=0.008801)
2026-03-09 11:33:39 - INFO - Prompt 64 generated token: ','
[icl_eval|INFO]Prompt 64 generated token: ','
2026-03-09 11:33:39 - INFO - Prompt 64: comma_logit=16.8750 (prob=0.445387), semicolon_logit=11.6250 (prob=0.002337)
[icl_eval|INFO]Prompt 64: comma_logit=16.8750 (prob=0.445387), semicolon_logit=11.6250 (prob=0.002337)
2026-03-09 11:33:39 - INFO - Prompt 65 generated token: ','
[icl_eval|INFO]Prompt 65 generated token: ','
2026-03-09 11:33:39 - INFO - Prompt 65: comma_logit=16.7500 (prob=0.345650), semicolon_logit=12.3750 (prob=0.004351)
[icl_eval|INFO]Prompt 65: comma_logit=16.7500 (prob=0.345650), semicolon_logit=12.3750 (prob=0.004351)
2026-03-09 11:33:40 - INFO - Prompt 66 generated token: ','
[icl_eval|INFO]Prompt 66 generated token: ','
2026-03-09 11:33:40 - INFO - Prompt 66: comma_logit=17.1250 (prob=0.442651), semicolon_logit=12.8750 (prob=0.006314)
[icl_eval|INFO]Prompt 66: comma_logit=17.1250 (prob=0.442651), semicolon_logit=12.8750 (prob=0.006314)
2026-03-09 11:33:40 - INFO - Prompt 67 generated token: ','
[icl_eval|INFO]Prompt 67 generated token: ','
2026-03-09 11:33:40 - INFO - Prompt 67: comma_logit=17.2500 (prob=0.491370), semicolon_logit=11.6875 (prob=0.001886)
[icl_eval|INFO]Prompt 67: comma_logit=17.2500 (prob=0.491370), semicolon_logit=11.6875 (prob=0.001886)
2026-03-09 11:33:40 - INFO - Prompt 68 generated token: ','
[icl_eval|INFO]Prompt 68 generated token: ','
2026-03-09 11:33:40 - INFO - Prompt 68: comma_logit=16.7500 (prob=0.380544), semicolon_logit=11.8125 (prob=0.002729)
[icl_eval|INFO]Prompt 68: comma_logit=16.7500 (prob=0.380544), semicolon_logit=11.8125 (prob=0.002729)
2026-03-09 11:33:40 - INFO - Prompt 69 generated token: ','
[icl_eval|INFO]Prompt 69 generated token: ','
2026-03-09 11:33:40 - INFO - Prompt 69: comma_logit=17.0000 (prob=0.418434), semicolon_logit=11.3750 (prob=0.001509)
[icl_eval|INFO]Prompt 69: comma_logit=17.0000 (prob=0.418434), semicolon_logit=11.3750 (prob=0.001509)
2026-03-09 11:33:41 - INFO - Prompt 70 generated token: ','
[icl_eval|INFO]Prompt 70 generated token: ','
2026-03-09 11:33:41 - INFO - Prompt 70: comma_logit=16.7500 (prob=0.390050), semicolon_logit=11.6875 (prob=0.002469)
[icl_eval|INFO]Prompt 70: comma_logit=16.7500 (prob=0.390050), semicolon_logit=11.6875 (prob=0.002469)
2026-03-09 11:33:41 - INFO - Prompt 71 generated token: ','
[icl_eval|INFO]Prompt 71 generated token: ','
2026-03-09 11:33:41 - INFO - Prompt 71: comma_logit=17.3750 (prob=0.502681), semicolon_logit=10.8125 (prob=0.000710)
[icl_eval|INFO]Prompt 71: comma_logit=17.3750 (prob=0.502681), semicolon_logit=10.8125 (prob=0.000710)
2026-03-09 11:33:41 - INFO - Prompt 72 generated token: ','
[icl_eval|INFO]Prompt 72 generated token: ','
2026-03-09 11:33:41 - INFO - Prompt 72: comma_logit=16.6250 (prob=0.377412), semicolon_logit=12.0625 (prob=0.003939)
[icl_eval|INFO]Prompt 72: comma_logit=16.6250 (prob=0.377412), semicolon_logit=12.0625 (prob=0.003939)
2026-03-09 11:33:42 - INFO - Prompt 73 generated token: ','
[icl_eval|INFO]Prompt 73 generated token: ','
2026-03-09 11:33:42 - INFO - Prompt 73: comma_logit=17.1250 (prob=0.426615), semicolon_logit=10.8750 (prob=0.000824)
[icl_eval|INFO]Prompt 73: comma_logit=17.1250 (prob=0.426615), semicolon_logit=10.8750 (prob=0.000824)
2026-03-09 11:33:42 - INFO - Prompt 74 generated token: ','
[icl_eval|INFO]Prompt 74 generated token: ','
2026-03-09 11:33:42 - INFO - Prompt 74: comma_logit=17.5000 (prob=0.476380), semicolon_logit=11.5625 (prob=0.001257)
[icl_eval|INFO]Prompt 74: comma_logit=17.5000 (prob=0.476380), semicolon_logit=11.5625 (prob=0.001257)
2026-03-09 11:33:42 - INFO - Prompt 75 generated token: ','
[icl_eval|INFO]Prompt 75 generated token: ','
2026-03-09 11:33:42 - INFO - Prompt 75: comma_logit=17.0000 (prob=0.405197), semicolon_logit=11.2500 (prob=0.001290)
[icl_eval|INFO]Prompt 75: comma_logit=17.0000 (prob=0.405197), semicolon_logit=11.2500 (prob=0.001290)
2026-03-09 11:33:43 - INFO - Prompt 76 generated token: ','
[icl_eval|INFO]Prompt 76 generated token: ','
2026-03-09 11:33:43 - INFO - Prompt 76: comma_logit=17.2500 (prob=0.466920), semicolon_logit=10.6250 (prob=0.000620)
[icl_eval|INFO]Prompt 76: comma_logit=17.2500 (prob=0.466920), semicolon_logit=10.6250 (prob=0.000620)
2026-03-09 11:33:43 - INFO - Prompt 77 generated token: ','
[icl_eval|INFO]Prompt 77 generated token: ','
2026-03-09 11:33:43 - INFO - Prompt 77: comma_logit=17.1250 (prob=0.455232), semicolon_logit=10.6875 (prob=0.000729)
[icl_eval|INFO]Prompt 77: comma_logit=17.1250 (prob=0.455232), semicolon_logit=10.6875 (prob=0.000729)
2026-03-09 11:33:43 - INFO - Prompt 78 generated token: ','
[icl_eval|INFO]Prompt 78 generated token: ','
2026-03-09 11:33:43 - INFO - Prompt 78: comma_logit=17.1250 (prob=0.431550), semicolon_logit=11.9375 (prob=0.002411)
[icl_eval|INFO]Prompt 78: comma_logit=17.1250 (prob=0.431550), semicolon_logit=11.9375 (prob=0.002411)
2026-03-09 11:33:43 - INFO - Prompt 79 generated token: ','
[icl_eval|INFO]Prompt 79 generated token: ','
2026-03-09 11:33:43 - INFO - Prompt 79: comma_logit=16.5000 (prob=0.310496), semicolon_logit=13.0625 (prob=0.009981)
[icl_eval|INFO]Prompt 79: comma_logit=16.5000 (prob=0.310496), semicolon_logit=13.0625 (prob=0.009981)
2026-03-09 11:33:44 - INFO - Prompt 80 generated token: ','
[icl_eval|INFO]Prompt 80 generated token: ','
2026-03-09 11:33:44 - INFO - Prompt 80: comma_logit=16.6250 (prob=0.431692), semicolon_logit=10.3750 (prob=0.000833)
[icl_eval|INFO]Prompt 80: comma_logit=16.6250 (prob=0.431692), semicolon_logit=10.3750 (prob=0.000833)
2026-03-09 11:33:44 - INFO - Prompt 81 generated token: ','
[icl_eval|INFO]Prompt 81 generated token: ','
2026-03-09 11:33:44 - INFO - Prompt 81: comma_logit=17.2500 (prob=0.445728), semicolon_logit=11.3750 (prob=0.001252)
[icl_eval|INFO]Prompt 81: comma_logit=17.2500 (prob=0.445728), semicolon_logit=11.3750 (prob=0.001252)
2026-03-09 11:33:44 - INFO - Prompt 82 generated token: ','
[icl_eval|INFO]Prompt 82 generated token: ','
2026-03-09 11:33:44 - INFO - Prompt 82: comma_logit=15.6875 (prob=0.243741), semicolon_logit=11.5625 (prob=0.003940)
[icl_eval|INFO]Prompt 82: comma_logit=15.6875 (prob=0.243741), semicolon_logit=11.5625 (prob=0.003940)
2026-03-09 11:33:45 - INFO - Prompt 83 generated token: ','
[icl_eval|INFO]Prompt 83 generated token: ','
2026-03-09 11:33:45 - INFO - Prompt 83: comma_logit=17.3750 (prob=0.522131), semicolon_logit=11.8125 (prob=0.002005)
[icl_eval|INFO]Prompt 83: comma_logit=17.3750 (prob=0.522131), semicolon_logit=11.8125 (prob=0.002005)
2026-03-09 11:33:45 - INFO - Prompt 84 generated token: ','
[icl_eval|INFO]Prompt 84 generated token: ','
2026-03-09 11:33:45 - INFO - Prompt 84: comma_logit=16.8750 (prob=0.425059), semicolon_logit=10.5625 (prob=0.000771)
[icl_eval|INFO]Prompt 84: comma_logit=16.8750 (prob=0.425059), semicolon_logit=10.5625 (prob=0.000771)
2026-03-09 11:33:45 - INFO - Prompt 85 generated token: ','
[icl_eval|INFO]Prompt 85 generated token: ','
2026-03-09 11:33:45 - INFO - Prompt 85: comma_logit=17.5000 (prob=0.485786), semicolon_logit=11.4375 (prob=0.001131)
[icl_eval|INFO]Prompt 85: comma_logit=17.5000 (prob=0.485786), semicolon_logit=11.4375 (prob=0.001131)
2026-03-09 11:33:45 - INFO - Prompt 86 generated token: ','
[icl_eval|INFO]Prompt 86 generated token: ','
2026-03-09 11:33:45 - INFO - Prompt 86: comma_logit=17.1250 (prob=0.439669), semicolon_logit=11.1875 (prob=0.001160)
[icl_eval|INFO]Prompt 86: comma_logit=17.1250 (prob=0.439669), semicolon_logit=11.1875 (prob=0.001160)
2026-03-09 11:33:46 - INFO - Prompt 87 generated token: ','
[icl_eval|INFO]Prompt 87 generated token: ','
2026-03-09 11:33:46 - INFO - Prompt 87: comma_logit=16.6250 (prob=0.375581), semicolon_logit=10.8125 (prob=0.001123)
[icl_eval|INFO]Prompt 87: comma_logit=16.6250 (prob=0.375581), semicolon_logit=10.8125 (prob=0.001123)
2026-03-09 11:33:46 - INFO - Prompt 88 generated token: ','
[icl_eval|INFO]Prompt 88 generated token: ','
2026-03-09 11:33:46 - INFO - Prompt 88: comma_logit=17.0000 (prob=0.444618), semicolon_logit=11.2500 (prob=0.001415)
[icl_eval|INFO]Prompt 88: comma_logit=17.0000 (prob=0.444618), semicolon_logit=11.2500 (prob=0.001415)
2026-03-09 11:33:46 - INFO - Prompt 89 generated token: ','
[icl_eval|INFO]Prompt 89 generated token: ','
2026-03-09 11:33:46 - INFO - Prompt 89: comma_logit=16.6250 (prob=0.364246), semicolon_logit=11.0625 (prob=0.001398)
[icl_eval|INFO]Prompt 89: comma_logit=16.6250 (prob=0.364246), semicolon_logit=11.0625 (prob=0.001398)
2026-03-09 11:33:47 - INFO - Prompt 90 generated token: ','
[icl_eval|INFO]Prompt 90 generated token: ','
2026-03-09 11:33:47 - INFO - Prompt 90: comma_logit=16.5000 (prob=0.378068), semicolon_logit=11.1875 (prob=0.001864)
[icl_eval|INFO]Prompt 90: comma_logit=16.5000 (prob=0.378068), semicolon_logit=11.1875 (prob=0.001864)
2026-03-09 11:33:47 - INFO - Prompt 91 generated token: ','
[icl_eval|INFO]Prompt 91 generated token: ','
2026-03-09 11:33:47 - INFO - Prompt 91: comma_logit=16.7500 (prob=0.366635), semicolon_logit=12.2500 (prob=0.004073)
[icl_eval|INFO]Prompt 91: comma_logit=16.7500 (prob=0.366635), semicolon_logit=12.2500 (prob=0.004073)
2026-03-09 11:33:47 - INFO - Prompt 92 generated token: ','
[icl_eval|INFO]Prompt 92 generated token: ','
2026-03-09 11:33:47 - INFO - Prompt 92: comma_logit=16.3750 (prob=0.348246), semicolon_logit=12.1250 (prob=0.004967)
[icl_eval|INFO]Prompt 92: comma_logit=16.3750 (prob=0.348246), semicolon_logit=12.1250 (prob=0.004967)
2026-03-09 11:33:48 - INFO - Prompt 93 generated token: ','
[icl_eval|INFO]Prompt 93 generated token: ','
2026-03-09 11:33:48 - INFO - Prompt 93: comma_logit=16.8750 (prob=0.393805), semicolon_logit=11.2500 (prob=0.001420)
[icl_eval|INFO]Prompt 93: comma_logit=16.8750 (prob=0.393805), semicolon_logit=11.2500 (prob=0.001420)
2026-03-09 11:33:48 - INFO - Prompt 94 generated token: ','
[icl_eval|INFO]Prompt 94 generated token: ','
2026-03-09 11:33:48 - INFO - Prompt 94: comma_logit=16.8750 (prob=0.409014), semicolon_logit=11.5625 (prob=0.002016)
[icl_eval|INFO]Prompt 94: comma_logit=16.8750 (prob=0.409014), semicolon_logit=11.5625 (prob=0.002016)
2026-03-09 11:33:48 - INFO - Prompt 95 generated token: ','
[icl_eval|INFO]Prompt 95 generated token: ','
2026-03-09 11:33:48 - INFO - Prompt 95: comma_logit=16.7500 (prob=0.355411), semicolon_logit=11.0625 (prob=0.001204)
[icl_eval|INFO]Prompt 95: comma_logit=16.7500 (prob=0.355411), semicolon_logit=11.0625 (prob=0.001204)
2026-03-09 11:33:48 - INFO - Prompt 96 generated token: ','
[icl_eval|INFO]Prompt 96 generated token: ','
2026-03-09 11:33:48 - INFO - Prompt 96: comma_logit=16.2500 (prob=0.314224), semicolon_logit=11.8750 (prob=0.003956)
[icl_eval|INFO]Prompt 96: comma_logit=16.2500 (prob=0.314224), semicolon_logit=11.8750 (prob=0.003956)
2026-03-09 11:33:49 - INFO - Prompt 97 generated token: ','
[icl_eval|INFO]Prompt 97 generated token: ','
2026-03-09 11:33:49 - INFO - Prompt 97: comma_logit=16.7500 (prob=0.373640), semicolon_logit=11.0625 (prob=0.001266)
[icl_eval|INFO]Prompt 97: comma_logit=16.7500 (prob=0.373640), semicolon_logit=11.0625 (prob=0.001266)
2026-03-09 11:33:49 - INFO - Prompt 98 generated token: ','
[icl_eval|INFO]Prompt 98 generated token: ','
2026-03-09 11:33:49 - INFO - Prompt 98: comma_logit=16.7500 (prob=0.404135), semicolon_logit=12.5000 (prob=0.005765)
[icl_eval|INFO]Prompt 98: comma_logit=16.7500 (prob=0.404135), semicolon_logit=12.5000 (prob=0.005765)
2026-03-09 11:33:49 - INFO - Prompt 99 generated token: ','
[icl_eval|INFO]Prompt 99 generated token: ','
2026-03-09 11:33:49 - INFO - Prompt 99: comma_logit=16.8750 (prob=0.411430), semicolon_logit=11.1875 (prob=0.001394)
[icl_eval|INFO]Prompt 99: comma_logit=16.8750 (prob=0.411430), semicolon_logit=11.1875 (prob=0.001394)
2026-03-09 11:33:49 - INFO - Overall: mean_comma_logit=16.9006 (prob=0.409635), mean_semicolon_logit=11.4869 (prob=0.002544), comma_preferred=100/100, semicolon_preferred=0/100
[icl_eval|INFO]Overall: mean_comma_logit=16.9006 (prob=0.409635), mean_semicolon_logit=11.4869 (prob=0.002544), comma_preferred=100/100, semicolon_preferred=0/100
2026-03-09 11:33:49 - INFO - Results saved to: /workspace/spar-team-recon/projects/ip/results/exp_5/arm_5/icl=16/judgements/comma_vs_semicolon_toy.jsonl
[icl_eval|INFO]Results saved to: /workspace/spar-team-recon/projects/ip/results/exp_5/arm_5/icl=16/judgements/comma_vs_semicolon_toy.jsonl
2026-03-09 11:33:49 - INFO - Results saved to /workspace/spar-team-recon/projects/ip/results/exp_5/arm_5/icl=16/judgements/comma_vs_semicolon_toy.jsonl
[icl_eval|INFO]Results saved to /workspace/spar-team-recon/projects/ip/results/exp_5/arm_5/icl=16/judgements/comma_vs_semicolon_toy.jsonl
2026-03-09 11:33:49 - INFO - ============================================================
[icl_eval|INFO]============================================================
2026-03-09 11:33:49 - INFO - Processing prompts_icl=18.jsonl (icl=18)
[icl_eval|INFO]Processing prompts_icl=18.jsonl (icl=18)
2026-03-09 11:33:49 - INFO - ============================================================
[icl_eval|INFO]============================================================
2026-03-09 11:33:49 - INFO - Loading test data from: /workspace/spar-team-recon/projects/ip/data/evals/comma_vs_semicolon_toy/icl_ip/exp_5_arm_5_ICL_IP_comma/prompts_icl=18.jsonl
[icl_eval|INFO]Loading test data from: /workspace/spar-team-recon/projects/ip/data/evals/comma_vs_semicolon_toy/icl_ip/exp_5_arm_5_ICL_IP_comma/prompts_icl=18.jsonl
2026-03-09 11:33:49 - INFO - Loaded 100 test prompts
[icl_eval|INFO]Loaded 100 test prompts
2026-03-09 11:33:49 - INFO - 100 prompts loaded
[icl_eval|INFO]100 prompts loaded
2026-03-09 11:34:21 - INFO - Rollouts done in 31.3s
[icl_eval|INFO]Rollouts done in 31.3s
2026-03-09 11:34:21 - INFO - Comma ',' tokenizes to IDs: [1044]
[icl_eval|INFO]Comma ',' tokenizes to IDs: [1044]
2026-03-09 11:34:21 - INFO - Semicolon ';' tokenizes to IDs: [1059]
[icl_eval|INFO]Semicolon ';' tokenizes to IDs: [1059]
2026-03-09 11:34:21 - INFO - Using comma_id=1044 (','), semicolon_id=1059 (';')
[icl_eval|INFO]Using comma_id=1044 (','), semicolon_id=1059 (';')
2026-03-09 11:34:21 - INFO - Processing 100 prompts
[icl_eval|INFO]Processing 100 prompts
2026-03-09 11:34:21 - INFO - Prompt 0 generated token: ','
[icl_eval|INFO]Prompt 0 generated token: ','
2026-03-09 11:34:21 - INFO - Prompt 0: comma_logit=16.7500 (prob=0.374654), semicolon_logit=10.8750 (prob=0.001052)
[icl_eval|INFO]Prompt 0: comma_logit=16.7500 (prob=0.374654), semicolon_logit=10.8750 (prob=0.001052)
2026-03-09 11:34:21 - INFO - Prompt 1 generated token: ','
[icl_eval|INFO]Prompt 1 generated token: ','
2026-03-09 11:34:21 - INFO - Prompt 1: comma_logit=16.5000 (prob=0.328096), semicolon_logit=13.1250 (prob=0.011227)
[icl_eval|INFO]Prompt 1: comma_logit=16.5000 (prob=0.328096), semicolon_logit=13.1250 (prob=0.011227)
2026-03-09 11:34:22 - INFO - Prompt 2 generated token: ','
[icl_eval|INFO]Prompt 2 generated token: ','
2026-03-09 11:34:22 - INFO - Prompt 2: comma_logit=16.3750 (prob=0.337767), semicolon_logit=10.8750 (prob=0.001380)
[icl_eval|INFO]Prompt 2: comma_logit=16.3750 (prob=0.337767), semicolon_logit=10.8750 (prob=0.001380)
2026-03-09 11:34:22 - INFO - Prompt 3 generated token: '.

'
[icl_eval|INFO]Prompt 3 generated token: '.

'
2026-03-09 11:34:22 - INFO - Prompt 3: comma_logit=15.0000 (prob=0.157270), semicolon_logit=11.5625 (prob=0.005055)
[icl_eval|INFO]Prompt 3: comma_logit=15.0000 (prob=0.157270), semicolon_logit=11.5625 (prob=0.005055)
2026-03-09 11:34:22 - INFO - Prompt 4 generated token: ','
[icl_eval|INFO]Prompt 4 generated token: ','
2026-03-09 11:34:22 - INFO - Prompt 4: comma_logit=16.8750 (prob=0.390285), semicolon_logit=12.1250 (prob=0.003377)
[icl_eval|INFO]Prompt 4: comma_logit=16.8750 (prob=0.390285), semicolon_logit=12.1250 (prob=0.003377)
2026-03-09 11:34:22 - INFO - Prompt 5 generated token: ','
[icl_eval|INFO]Prompt 5 generated token: ','
2026-03-09 11:34:22 - INFO - Prompt 5: comma_logit=17.5000 (prob=0.487052), semicolon_logit=12.2500 (prob=0.002556)
[icl_eval|INFO]Prompt 5: comma_logit=17.5000 (prob=0.487052), semicolon_logit=12.2500 (prob=0.002556)
2026-03-09 11:34:23 - INFO - Prompt 6 generated token: ','
[icl_eval|INFO]Prompt 6 generated token: ','
2026-03-09 11:34:23 - INFO - Prompt 6: comma_logit=16.5000 (prob=0.333619), semicolon_logit=10.3125 (prob=0.000686)
[icl_eval|INFO]Prompt 6: comma_logit=16.5000 (prob=0.333619), semicolon_logit=10.3125 (prob=0.000686)
2026-03-09 11:34:23 - INFO - Prompt 7 generated token: ','
[icl_eval|INFO]Prompt 7 generated token: ','
2026-03-09 11:34:23 - INFO - Prompt 7: comma_logit=17.2500 (prob=0.444163), semicolon_logit=10.6250 (prob=0.000589)
[icl_eval|INFO]Prompt 7: comma_logit=17.2500 (prob=0.444163), semicolon_logit=10.6250 (prob=0.000589)
2026-03-09 11:34:23 - INFO - Prompt 8 generated token: ','
[icl_eval|INFO]Prompt 8 generated token: ','
2026-03-09 11:34:23 - INFO - Prompt 8: comma_logit=16.7500 (prob=0.338011), semicolon_logit=10.7500 (prob=0.000838)
[icl_eval|INFO]Prompt 8: comma_logit=16.7500 (prob=0.338011), semicolon_logit=10.7500 (prob=0.000838)
2026-03-09 11:34:24 - INFO - Prompt 9 generated token: ','
[icl_eval|INFO]Prompt 9 generated token: ','
2026-03-09 11:34:24 - INFO - Prompt 9: comma_logit=16.7500 (prob=0.368549), semicolon_logit=11.3125 (prob=0.001603)
[icl_eval|INFO]Prompt 9: comma_logit=16.7500 (prob=0.368549), semicolon_logit=11.3125 (prob=0.001603)
2026-03-09 11:34:24 - INFO - Prompt 10 generated token: ','
[icl_eval|INFO]Prompt 10 generated token: ','
2026-03-09 11:34:24 - INFO - Prompt 10: comma_logit=17.1250 (prob=0.401207), semicolon_logit=11.5625 (prob=0.001540)
[icl_eval|INFO]Prompt 10: comma_logit=17.1250 (prob=0.401207), semicolon_logit=11.5625 (prob=0.001540)
2026-03-09 11:34:24 - INFO - Prompt 11 generated token: ','
[icl_eval|INFO]Prompt 11 generated token: ','
2026-03-09 11:34:24 - INFO - Prompt 11: comma_logit=16.7500 (prob=0.370232), semicolon_logit=10.9375 (prob=0.001107)
[icl_eval|INFO]Prompt 11: comma_logit=16.7500 (prob=0.370232), semicolon_logit=10.9375 (prob=0.001107)
2026-03-09 11:34:25 - INFO - Prompt 12 generated token: ','
[icl_eval|INFO]Prompt 12 generated token: ','
2026-03-09 11:34:25 - INFO - Prompt 12: comma_logit=16.1250 (prob=0.271659), semicolon_logit=11.8125 (prob=0.003640)
[icl_eval|INFO]Prompt 12: comma_logit=16.1250 (prob=0.271659), semicolon_logit=11.8125 (prob=0.003640)
2026-03-09 11:34:25 - INFO - Prompt 13 generated token: ','
[icl_eval|INFO]Prompt 13 generated token: ','
2026-03-09 11:34:25 - INFO - Prompt 13: comma_logit=16.0000 (prob=0.234108), semicolon_logit=10.6875 (prob=0.001154)
[icl_eval|INFO]Prompt 13: comma_logit=16.0000 (prob=0.234108), semicolon_logit=10.6875 (prob=0.001154)
2026-03-09 11:34:25 - INFO - Prompt 14 generated token: ','
[icl_eval|INFO]Prompt 14 generated token: ','
2026-03-09 11:34:25 - INFO - Prompt 14: comma_logit=15.6875 (prob=0.209130), semicolon_logit=11.5625 (prob=0.003380)
[icl_eval|INFO]Prompt 14: comma_logit=15.6875 (prob=0.209130), semicolon_logit=11.5625 (prob=0.003380)
2026-03-09 11:34:26 - INFO - Prompt 15 generated token: ','
[icl_eval|INFO]Prompt 15 generated token: ','
2026-03-09 11:34:26 - INFO - Prompt 15: comma_logit=16.1250 (prob=0.301866), semicolon_logit=11.4375 (prob=0.002780)
[icl_eval|INFO]Prompt 15: comma_logit=16.1250 (prob=0.301866), semicolon_logit=11.4375 (prob=0.002780)
2026-03-09 11:34:26 - INFO - Prompt 16 generated token: ','
[icl_eval|INFO]Prompt 16 generated token: ','
2026-03-09 11:34:26 - INFO - Prompt 16: comma_logit=16.2500 (prob=0.308730), semicolon_logit=10.8750 (prob=0.001430)
[icl_eval|INFO]Prompt 16: comma_logit=16.2500 (prob=0.308730), semicolon_logit=10.8750 (prob=0.001430)
2026-03-09 11:34:26 - INFO - Prompt 17 generated token: ','
[icl_eval|INFO]Prompt 17 generated token: ','
2026-03-09 11:34:26 - INFO - Prompt 17: comma_logit=17.5000 (prob=0.468669), semicolon_logit=11.2500 (prob=0.000905)
[icl_eval|INFO]Prompt 17: comma_logit=17.5000 (prob=0.468669), semicolon_logit=11.2500 (prob=0.000905)
2026-03-09 11:34:27 - INFO - Prompt 18 generated token: ','
[icl_eval|INFO]Prompt 18 generated token: ','
2026-03-09 11:34:27 - INFO - Prompt 18: comma_logit=16.6250 (prob=0.331335), semicolon_logit=11.3750 (prob=0.001739)
[icl_eval|INFO]Prompt 18: comma_logit=16.6250 (prob=0.331335), semicolon_logit=11.3750 (prob=0.001739)
2026-03-09 11:34:27 - INFO - Prompt 19 generated token: ','
[icl_eval|INFO]Prompt 19 generated token: ','
2026-03-09 11:34:27 - INFO - Prompt 19: comma_logit=17.5000 (prob=0.542325), semicolon_logit=11.0625 (prob=0.000868)
[icl_eval|INFO]Prompt 19: comma_logit=17.5000 (prob=0.542325), semicolon_logit=11.0625 (prob=0.000868)
2026-03-09 11:34:27 - INFO - Prompt 20 generated token: ','
[icl_eval|INFO]Prompt 20 generated token: ','
2026-03-09 11:34:27 - INFO - Prompt 20: comma_logit=16.8750 (prob=0.385884), semicolon_logit=12.3125 (prob=0.004027)
[icl_eval|INFO]Prompt 20: comma_logit=16.8750 (prob=0.385884), semicolon_logit=12.3125 (prob=0.004027)
2026-03-09 11:34:27 - INFO - Prompt 21 generated token: ','
[icl_eval|INFO]Prompt 21 generated token: ','
2026-03-09 11:34:27 - INFO - Prompt 21: comma_logit=16.6250 (prob=0.400623), semicolon_logit=11.0625 (prob=0.001538)
[icl_eval|INFO]Prompt 21: comma_logit=16.6250 (prob=0.400623), semicolon_logit=11.0625 (prob=0.001538)
2026-03-09 11:34:28 - INFO - Prompt 22 generated token: ','
[icl_eval|INFO]Prompt 22 generated token: ','
2026-03-09 11:34:28 - INFO - Prompt 22: comma_logit=17.2500 (prob=0.448714), semicolon_logit=10.9375 (prob=0.000814)
[icl_eval|INFO]Prompt 22: comma_logit=17.2500 (prob=0.448714), semicolon_logit=10.9375 (prob=0.000814)
2026-03-09 11:34:28 - INFO - Prompt 23 generated token: ','
[icl_eval|INFO]Prompt 23 generated token: ','
2026-03-09 11:34:28 - INFO - Prompt 23: comma_logit=16.3750 (prob=0.349247), semicolon_logit=12.6875 (prob=0.008743)
[icl_eval|INFO]Prompt 23: comma_logit=16.3750 (prob=0.349247), semicolon_logit=12.6875 (prob=0.008743)
2026-03-09 11:34:28 - INFO - Prompt 24 generated token: ','
[icl_eval|INFO]Prompt 24 generated token: ','
2026-03-09 11:34:28 - INFO - Prompt 24: comma_logit=16.6250 (prob=0.332804), semicolon_logit=12.3125 (prob=0.004460)
[icl_eval|INFO]Prompt 24: comma_logit=16.6250 (prob=0.332804), semicolon_logit=12.3125 (prob=0.004460)
2026-03-09 11:34:29 - INFO - Prompt 25 generated token: ','
[icl_eval|INFO]Prompt 25 generated token: ','
2026-03-09 11:34:29 - INFO - Prompt 25: comma_logit=17.5000 (prob=0.481251), semicolon_logit=10.8125 (prob=0.000600)
[icl_eval|INFO]Prompt 25: comma_logit=17.5000 (prob=0.481251), semicolon_logit=10.8125 (prob=0.000600)
2026-03-09 11:34:29 - INFO - Prompt 26 generated token: ','
[icl_eval|INFO]Prompt 26 generated token: ','
2026-03-09 11:34:29 - INFO - Prompt 26: comma_logit=16.7500 (prob=0.395035), semicolon_logit=10.7500 (prob=0.000979)
[icl_eval|INFO]Prompt 26: comma_logit=16.7500 (prob=0.395035), semicolon_logit=10.7500 (prob=0.000979)
2026-03-09 11:34:29 - INFO - Prompt 27 generated token: ','
[icl_eval|INFO]Prompt 27 generated token: ','
2026-03-09 11:34:29 - INFO - Prompt 27: comma_logit=16.2500 (prob=0.358516), semicolon_logit=9.5000 (prob=0.000420)
[icl_eval|INFO]Prompt 27: comma_logit=16.2500 (prob=0.358516), semicolon_logit=9.5000 (prob=0.000420)
2026-03-09 11:34:30 - INFO - Prompt 28 generated token: ','
[icl_eval|INFO]Prompt 28 generated token: ','
2026-03-09 11:34:30 - INFO - Prompt 28: comma_logit=17.2500 (prob=0.442954), semicolon_logit=11.1250 (prob=0.000969)
[icl_eval|INFO]Prompt 28: comma_logit=17.2500 (prob=0.442954), semicolon_logit=11.1250 (prob=0.000969)
2026-03-09 11:34:30 - INFO - Prompt 29 generated token: ','
[icl_eval|INFO]Prompt 29 generated token: ','
2026-03-09 11:34:30 - INFO - Prompt 29: comma_logit=17.1250 (prob=0.449676), semicolon_logit=11.0625 (prob=0.001047)
[icl_eval|INFO]Prompt 29: comma_logit=17.1250 (prob=0.449676), semicolon_logit=11.0625 (prob=0.001047)
2026-03-09 11:34:30 - INFO - Prompt 30 generated token: ','
[icl_eval|INFO]Prompt 30 generated token: ','
2026-03-09 11:34:30 - INFO - Prompt 30: comma_logit=17.1250 (prob=0.419693), semicolon_logit=12.4375 (prob=0.003865)
[icl_eval|INFO]Prompt 30: comma_logit=17.1250 (prob=0.419693), semicolon_logit=12.4375 (prob=0.003865)
2026-03-09 11:34:31 - INFO - Prompt 31 generated token: ','
[icl_eval|INFO]Prompt 31 generated token: ','
2026-03-09 11:34:31 - INFO - Prompt 31: comma_logit=16.7500 (prob=0.334223), semicolon_logit=10.6250 (prob=0.000731)
[icl_eval|INFO]Prompt 31: comma_logit=16.7500 (prob=0.334223), semicolon_logit=10.6250 (prob=0.000731)
2026-03-09 11:34:31 - INFO - Prompt 32 generated token: ','
[icl_eval|INFO]Prompt 32 generated token: ','
2026-03-09 11:34:31 - INFO - Prompt 32: comma_logit=17.3750 (prob=0.443918), semicolon_logit=11.1875 (prob=0.000912)
[icl_eval|INFO]Prompt 32: comma_logit=17.3750 (prob=0.443918), semicolon_logit=11.1875 (prob=0.000912)
2026-03-09 11:34:31 - INFO - Prompt 33 generated token: ','
[icl_eval|INFO]Prompt 33 generated token: ','
2026-03-09 11:34:31 - INFO - Prompt 33: comma_logit=17.0000 (prob=0.419426), semicolon_logit=12.8750 (prob=0.006779)
[icl_eval|INFO]Prompt 33: comma_logit=17.0000 (prob=0.419426), semicolon_logit=12.8750 (prob=0.006779)
2026-03-09 11:34:32 - INFO - Prompt 34 generated token: ','
[icl_eval|INFO]Prompt 34 generated token: ','
2026-03-09 11:34:32 - INFO - Prompt 34: comma_logit=16.7500 (prob=0.399929), semicolon_logit=12.1875 (prob=0.004174)
[icl_eval|INFO]Prompt 34: comma_logit=16.7500 (prob=0.399929), semicolon_logit=12.1875 (prob=0.004174)
2026-03-09 11:34:32 - INFO - Prompt 35 generated token: ','
[icl_eval|INFO]Prompt 35 generated token: ','
2026-03-09 11:34:32 - INFO - Prompt 35: comma_logit=17.1250 (prob=0.427172), semicolon_logit=11.9375 (prob=0.002386)
[icl_eval|INFO]Prompt 35: comma_logit=17.1250 (prob=0.427172), semicolon_logit=11.9375 (prob=0.002386)
2026-03-09 11:34:32 - INFO - Prompt 36 generated token: ','
[icl_eval|INFO]Prompt 36 generated token: ','
2026-03-09 11:34:32 - INFO - Prompt 36: comma_logit=16.2500 (prob=0.299586), semicolon_logit=12.2500 (prob=0.005487)
[icl_eval|INFO]Prompt 36: comma_logit=16.2500 (prob=0.299586), semicolon_logit=12.2500 (prob=0.005487)
2026-03-09 11:34:32 - INFO - Prompt 37 generated token: ','
[icl_eval|INFO]Prompt 37 generated token: ','
2026-03-09 11:34:32 - INFO - Prompt 37: comma_logit=17.2500 (prob=0.473580), semicolon_logit=11.1875 (prob=0.001103)
[icl_eval|INFO]Prompt 37: comma_logit=17.2500 (prob=0.473580), semicolon_logit=11.1875 (prob=0.001103)
2026-03-09 11:34:33 - INFO - Prompt 38 generated token: ','
[icl_eval|INFO]Prompt 38 generated token: ','
2026-03-09 11:34:33 - INFO - Prompt 38: comma_logit=16.1250 (prob=0.300031), semicolon_logit=13.5625 (prob=0.023136)
[icl_eval|INFO]Prompt 38: comma_logit=16.1250 (prob=0.300031), semicolon_logit=13.5625 (prob=0.023136)
2026-03-09 11:34:33 - INFO - Prompt 39 generated token: ','
[icl_eval|INFO]Prompt 39 generated token: ','
2026-03-09 11:34:33 - INFO - Prompt 39: comma_logit=17.2500 (prob=0.445154), semicolon_logit=11.1250 (prob=0.000974)
[icl_eval|INFO]Prompt 39: comma_logit=17.2500 (prob=0.445154), semicolon_logit=11.1250 (prob=0.000974)
2026-03-09 11:34:33 - INFO - Prompt 40 generated token: ','
[icl_eval|INFO]Prompt 40 generated token: ','
2026-03-09 11:34:33 - INFO - Prompt 40: comma_logit=16.3750 (prob=0.323958), semicolon_logit=12.3750 (prob=0.005933)
[icl_eval|INFO]Prompt 40: comma_logit=16.3750 (prob=0.323958), semicolon_logit=12.3750 (prob=0.005933)
2026-03-09 11:34:34 - INFO - Prompt 41 generated token: ','
[icl_eval|INFO]Prompt 41 generated token: ','
2026-03-09 11:34:34 - INFO - Prompt 41: comma_logit=16.5000 (prob=0.319667), semicolon_logit=10.2500 (prob=0.000617)
[icl_eval|INFO]Prompt 41: comma_logit=16.5000 (prob=0.319667), semicolon_logit=10.2500 (prob=0.000617)
2026-03-09 11:34:34 - INFO - Prompt 42 generated token: ','
[icl_eval|INFO]Prompt 42 generated token: ','
2026-03-09 11:34:34 - INFO - Prompt 42: comma_logit=17.3750 (prob=0.458737), semicolon_logit=10.9375 (prob=0.000734)
[icl_eval|INFO]Prompt 42: comma_logit=17.3750 (prob=0.458737), semicolon_logit=10.9375 (prob=0.000734)
2026-03-09 11:34:34 - INFO - Prompt 43 generated token: ','
[icl_eval|INFO]Prompt 43 generated token: ','
2026-03-09 11:34:34 - INFO - Prompt 43: comma_logit=17.1250 (prob=0.420244), semicolon_logit=11.3750 (prob=0.001338)
[icl_eval|INFO]Prompt 43: comma_logit=17.1250 (prob=0.420244), semicolon_logit=11.3750 (prob=0.001338)
2026-03-09 11:34:35 - INFO - Prompt 44 generated token: ','
[icl_eval|INFO]Prompt 44 generated token: ','
2026-03-09 11:34:35 - INFO - Prompt 44: comma_logit=16.8750 (prob=0.380008), semicolon_logit=11.6250 (prob=0.001994)
[icl_eval|INFO]Prompt 44: comma_logit=16.8750 (prob=0.380008), semicolon_logit=11.6250 (prob=0.001994)
2026-03-09 11:34:35 - INFO - Prompt 45 generated token: ','
[icl_eval|INFO]Prompt 45 generated token: ','
2026-03-09 11:34:35 - INFO - Prompt 45: comma_logit=16.7500 (prob=0.391758), semicolon_logit=11.3125 (prob=0.001704)
[icl_eval|INFO]Prompt 45: comma_logit=16.7500 (prob=0.391758), semicolon_logit=11.3125 (prob=0.001704)
2026-03-09 11:34:35 - INFO - Prompt 46 generated token: ','
[icl_eval|INFO]Prompt 46 generated token: ','
2026-03-09 11:34:35 - INFO - Prompt 46: comma_logit=17.1250 (prob=0.472719), semicolon_logit=10.7500 (prob=0.000805)
[icl_eval|INFO]Prompt 46: comma_logit=17.1250 (prob=0.472719), semicolon_logit=10.7500 (prob=0.000805)
2026-03-09 11:34:36 - INFO - Prompt 47 generated token: ','
[icl_eval|INFO]Prompt 47 generated token: ','
2026-03-09 11:34:36 - INFO - Prompt 47: comma_logit=16.2500 (prob=0.349504), semicolon_logit=10.5000 (prob=0.001112)
[icl_eval|INFO]Prompt 47: comma_logit=16.2500 (prob=0.349504), semicolon_logit=10.5000 (prob=0.001112)
2026-03-09 11:34:36 - INFO - Prompt 48 generated token: ','
[icl_eval|INFO]Prompt 48 generated token: ','
2026-03-09 11:34:36 - INFO - Prompt 48: comma_logit=16.7500 (prob=0.369008), semicolon_logit=11.3750 (prob=0.001709)
[icl_eval|INFO]Prompt 48: comma_logit=16.7500 (prob=0.369008), semicolon_logit=11.3750 (prob=0.001709)
2026-03-09 11:34:36 - INFO - Prompt 49 generated token: ','
[icl_eval|INFO]Prompt 49 generated token: ','
2026-03-09 11:34:36 - INFO - Prompt 49: comma_logit=17.0000 (prob=0.384617), semicolon_logit=11.1250 (prob=0.001080)
[icl_eval|INFO]Prompt 49: comma_logit=17.0000 (prob=0.384617), semicolon_logit=11.1250 (prob=0.001080)
2026-03-09 11:34:37 - INFO - Prompt 50 generated token: ','
[icl_eval|INFO]Prompt 50 generated token: ','
2026-03-09 11:34:37 - INFO - Prompt 50: comma_logit=16.7500 (prob=0.365422), semicolon_logit=10.3750 (prob=0.000623)
[icl_eval|INFO]Prompt 50: comma_logit=16.7500 (prob=0.365422), semicolon_logit=10.3750 (prob=0.000623)
2026-03-09 11:34:37 - INFO - Prompt 51 generated token: ','
[icl_eval|INFO]Prompt 51 generated token: ','
2026-03-09 11:34:37 - INFO - Prompt 51: comma_logit=16.8750 (prob=0.383172), semicolon_logit=11.0000 (prob=0.001076)
[icl_eval|INFO]Prompt 51: comma_logit=16.8750 (prob=0.383172), semicolon_logit=11.0000 (prob=0.001076)
2026-03-09 11:34:37 - INFO - Prompt 52 generated token: ','
[icl_eval|INFO]Prompt 52 generated token: ','
2026-03-09 11:34:37 - INFO - Prompt 52: comma_logit=16.7500 (prob=0.411460), semicolon_logit=11.0000 (prob=0.001310)
[icl_eval|INFO]Prompt 52: comma_logit=16.7500 (prob=0.411460), semicolon_logit=11.0000 (prob=0.001310)
2026-03-09 11:34:37 - INFO - Prompt 53 generated token: ','
[icl_eval|INFO]Prompt 53 generated token: ','
2026-03-09 11:34:37 - INFO - Prompt 53: comma_logit=16.8750 (prob=0.418065), semicolon_logit=11.6250 (prob=0.002194)
[icl_eval|INFO]Prompt 53: comma_logit=16.8750 (prob=0.418065), semicolon_logit=11.6250 (prob=0.002194)
2026-03-09 11:34:38 - INFO - Prompt 54 generated token: ','
[icl_eval|INFO]Prompt 54 generated token: ','
2026-03-09 11:34:38 - INFO - Prompt 54: comma_logit=16.8750 (prob=0.369349), semicolon_logit=11.0000 (prob=0.001037)
[icl_eval|INFO]Prompt 54: comma_logit=16.8750 (prob=0.369349), semicolon_logit=11.0000 (prob=0.001037)
2026-03-09 11:34:38 - INFO - Prompt 55 generated token: ','
[icl_eval|INFO]Prompt 55 generated token: ','
2026-03-09 11:34:38 - INFO - Prompt 55: comma_logit=16.0000 (prob=0.260770), semicolon_logit=11.5625 (prob=0.003084)
[icl_eval|INFO]Prompt 55: comma_logit=16.0000 (prob=0.260770), semicolon_logit=11.5625 (prob=0.003084)
2026-03-09 11:34:38 - INFO - Prompt 56 generated token: ','
[icl_eval|INFO]Prompt 56 generated token: ','
2026-03-09 11:34:38 - INFO - Prompt 56: comma_logit=16.6250 (prob=0.407367), semicolon_logit=11.1250 (prob=0.001665)
[icl_eval|INFO]Prompt 56: comma_logit=16.6250 (prob=0.407367), semicolon_logit=11.1250 (prob=0.001665)
2026-03-09 11:34:39 - INFO - Prompt 57 generated token: ','
[icl_eval|INFO]Prompt 57 generated token: ','
2026-03-09 11:34:39 - INFO - Prompt 57: comma_logit=16.8750 (prob=0.411156), semicolon_logit=11.5000 (prob=0.001904)
[icl_eval|INFO]Prompt 57: comma_logit=16.8750 (prob=0.411156), semicolon_logit=11.5000 (prob=0.001904)
2026-03-09 11:34:39 - INFO - Prompt 58 generated token: ','
[icl_eval|INFO]Prompt 58 generated token: ','
2026-03-09 11:34:39 - INFO - Prompt 58: comma_logit=15.6875 (prob=0.274957), semicolon_logit=11.7500 (prob=0.005361)
[icl_eval|INFO]Prompt 58: comma_logit=15.6875 (prob=0.274957), semicolon_logit=11.7500 (prob=0.005361)
2026-03-09 11:34:39 - INFO - Prompt 59 generated token: ','
[icl_eval|INFO]Prompt 59 generated token: ','
2026-03-09 11:34:39 - INFO - Prompt 59: comma_logit=16.7500 (prob=0.374339), semicolon_logit=10.7500 (prob=0.000928)
[icl_eval|INFO]Prompt 59: comma_logit=16.7500 (prob=0.374339), semicolon_logit=10.7500 (prob=0.000928)
2026-03-09 11:34:40 - INFO - Prompt 60 generated token: ','
[icl_eval|INFO]Prompt 60 generated token: ','
2026-03-09 11:34:40 - INFO - Prompt 60: comma_logit=17.0000 (prob=0.421907), semicolon_logit=11.3750 (prob=0.001522)
[icl_eval|INFO]Prompt 60: comma_logit=17.0000 (prob=0.421907), semicolon_logit=11.3750 (prob=0.001522)
2026-03-09 11:34:40 - INFO - Prompt 61 generated token: ','
[icl_eval|INFO]Prompt 61 generated token: ','
2026-03-09 11:34:40 - INFO - Prompt 61: comma_logit=17.0000 (prob=0.436678), semicolon_logit=10.8125 (prob=0.000897)
[icl_eval|INFO]Prompt 61: comma_logit=17.0000 (prob=0.436678), semicolon_logit=10.8125 (prob=0.000897)
2026-03-09 11:34:40 - INFO - Prompt 62 generated token: ','
[icl_eval|INFO]Prompt 62 generated token: ','
2026-03-09 11:34:40 - INFO - Prompt 62: comma_logit=16.3750 (prob=0.289187), semicolon_logit=12.1875 (prob=0.004391)
[icl_eval|INFO]Prompt 62: comma_logit=16.3750 (prob=0.289187), semicolon_logit=12.1875 (prob=0.004391)
2026-03-09 11:34:41 - INFO - Prompt 63 generated token: ','
[icl_eval|INFO]Prompt 63 generated token: ','
2026-03-09 11:34:41 - INFO - Prompt 63: comma_logit=16.5000 (prob=0.391256), semicolon_logit=12.4375 (prob=0.006732)
[icl_eval|INFO]Prompt 63: comma_logit=16.5000 (prob=0.391256), semicolon_logit=12.4375 (prob=0.006732)
2026-03-09 11:34:41 - INFO - Prompt 64 generated token: ','
[icl_eval|INFO]Prompt 64 generated token: ','
2026-03-09 11:34:41 - INFO - Prompt 64: comma_logit=16.5000 (prob=0.355191), semicolon_logit=11.3125 (prob=0.001984)
[icl_eval|INFO]Prompt 64: comma_logit=16.5000 (prob=0.355191), semicolon_logit=11.3125 (prob=0.001984)
2026-03-09 11:34:41 - INFO - Prompt 65 generated token: ','
[icl_eval|INFO]Prompt 65 generated token: ','
2026-03-09 11:34:41 - INFO - Prompt 65: comma_logit=17.0000 (prob=0.391814), semicolon_logit=11.6875 (prob=0.001931)
[icl_eval|INFO]Prompt 65: comma_logit=17.0000 (prob=0.391814), semicolon_logit=11.6875 (prob=0.001931)
2026-03-09 11:34:42 - INFO - Prompt 66 generated token: ','
[icl_eval|INFO]Prompt 66 generated token: ','
2026-03-09 11:34:42 - INFO - Prompt 66: comma_logit=17.0000 (prob=0.411052), semicolon_logit=11.9375 (prob=0.002602)
[icl_eval|INFO]Prompt 66: comma_logit=17.0000 (prob=0.411052), semicolon_logit=11.9375 (prob=0.002602)
2026-03-09 11:34:42 - INFO - Prompt 67 generated token: ','
[icl_eval|INFO]Prompt 67 generated token: ','
2026-03-09 11:34:42 - INFO - Prompt 67: comma_logit=17.0000 (prob=0.434217), semicolon_logit=11.5000 (prob=0.001775)
[icl_eval|INFO]Prompt 67: comma_logit=17.0000 (prob=0.434217), semicolon_logit=11.5000 (prob=0.001775)
2026-03-09 11:34:42 - INFO - Prompt 68 generated token: ','
[icl_eval|INFO]Prompt 68 generated token: ','
2026-03-09 11:34:42 - INFO - Prompt 68: comma_logit=16.3750 (prob=0.281214), semicolon_logit=12.5000 (prob=0.005836)
[icl_eval|INFO]Prompt 68: comma_logit=16.3750 (prob=0.281214), semicolon_logit=12.5000 (prob=0.005836)
2026-03-09 11:34:42 - INFO - Prompt 69 generated token: ','
[icl_eval|INFO]Prompt 69 generated token: ','
2026-03-09 11:34:42 - INFO - Prompt 69: comma_logit=17.3750 (prob=0.465657), semicolon_logit=11.0000 (prob=0.000793)
[icl_eval|INFO]Prompt 69: comma_logit=17.3750 (prob=0.465657), semicolon_logit=11.0000 (prob=0.000793)
2026-03-09 11:34:43 - INFO - Prompt 70 generated token: ','
[icl_eval|INFO]Prompt 70 generated token: ','
2026-03-09 11:34:43 - INFO - Prompt 70: comma_logit=16.7500 (prob=0.338985), semicolon_logit=11.1875 (prob=0.001301)
[icl_eval|INFO]Prompt 70: comma_logit=16.7500 (prob=0.338985), semicolon_logit=11.1875 (prob=0.001301)
2026-03-09 11:34:43 - INFO - Prompt 71 generated token: ','
[icl_eval|INFO]Prompt 71 generated token: ','
2026-03-09 11:34:43 - INFO - Prompt 71: comma_logit=16.8750 (prob=0.399201), semicolon_logit=10.3125 (prob=0.000564)
[icl_eval|INFO]Prompt 71: comma_logit=16.8750 (prob=0.399201), semicolon_logit=10.3125 (prob=0.000564)
2026-03-09 11:34:43 - INFO - Prompt 72 generated token: ','
[icl_eval|INFO]Prompt 72 generated token: ','
2026-03-09 11:34:43 - INFO - Prompt 72: comma_logit=16.7500 (prob=0.433804), semicolon_logit=11.2500 (prob=0.001773)
[icl_eval|INFO]Prompt 72: comma_logit=16.7500 (prob=0.433804), semicolon_logit=11.2500 (prob=0.001773)
2026-03-09 11:34:44 - INFO - Prompt 73 generated token: ','
[icl_eval|INFO]Prompt 73 generated token: ','
2026-03-09 11:34:44 - INFO - Prompt 73: comma_logit=17.5000 (prob=0.450515), semicolon_logit=10.3750 (prob=0.000363)
[icl_eval|INFO]Prompt 73: comma_logit=17.5000 (prob=0.450515), semicolon_logit=10.3750 (prob=0.000363)
2026-03-09 11:34:44 - INFO - Prompt 74 generated token: ','
[icl_eval|INFO]Prompt 74 generated token: ','
2026-03-09 11:34:44 - INFO - Prompt 74: comma_logit=17.2500 (prob=0.418627), semicolon_logit=11.4375 (prob=0.001252)
[icl_eval|INFO]Prompt 74: comma_logit=17.2500 (prob=0.418627), semicolon_logit=11.4375 (prob=0.001252)
2026-03-09 11:34:44 - INFO - Prompt 75 generated token: ','
[icl_eval|INFO]Prompt 75 generated token: ','
2026-03-09 11:34:44 - INFO - Prompt 75: comma_logit=17.0000 (prob=0.418521), semicolon_logit=10.6875 (prob=0.000759)
[icl_eval|INFO]Prompt 75: comma_logit=17.0000 (prob=0.418521), semicolon_logit=10.6875 (prob=0.000759)
2026-03-09 11:34:45 - INFO - Prompt 76 generated token: ','
[icl_eval|INFO]Prompt 76 generated token: ','
2026-03-09 11:34:45 - INFO - Prompt 76: comma_logit=17.1250 (prob=0.439485), semicolon_logit=10.1875 (prob=0.000427)
[icl_eval|INFO]Prompt 76: comma_logit=17.1250 (prob=0.439485), semicolon_logit=10.1875 (prob=0.000427)
2026-03-09 11:34:45 - INFO - Prompt 77 generated token: ','
[icl_eval|INFO]Prompt 77 generated token: ','
2026-03-09 11:34:45 - INFO - Prompt 77: comma_logit=16.6250 (prob=0.384982), semicolon_logit=10.8750 (prob=0.001225)
[icl_eval|INFO]Prompt 77: comma_logit=16.6250 (prob=0.384982), semicolon_logit=10.8750 (prob=0.001225)
2026-03-09 11:34:45 - INFO - Prompt 78 generated token: ','
[icl_eval|INFO]Prompt 78 generated token: ','
2026-03-09 11:34:45 - INFO - Prompt 78: comma_logit=17.3750 (prob=0.488655), semicolon_logit=10.9375 (prob=0.000782)
[icl_eval|INFO]Prompt 78: comma_logit=17.3750 (prob=0.488655), semicolon_logit=10.9375 (prob=0.000782)
2026-03-09 11:34:46 - INFO - Prompt 79 generated token: ','
[icl_eval|INFO]Prompt 79 generated token: ','
2026-03-09 11:34:46 - INFO - Prompt 79: comma_logit=17.0000 (prob=0.391824), semicolon_logit=12.0000 (prob=0.002640)
[icl_eval|INFO]Prompt 79: comma_logit=17.0000 (prob=0.391824), semicolon_logit=12.0000 (prob=0.002640)
2026-03-09 11:34:46 - INFO - Prompt 80 generated token: ','
[icl_eval|INFO]Prompt 80 generated token: ','
2026-03-09 11:34:46 - INFO - Prompt 80: comma_logit=16.3750 (prob=0.399262), semicolon_logit=10.3125 (prob=0.000930)
[icl_eval|INFO]Prompt 80: comma_logit=16.3750 (prob=0.399262), semicolon_logit=10.3125 (prob=0.000930)
2026-03-09 11:34:46 - INFO - Prompt 81 generated token: ','
[icl_eval|INFO]Prompt 81 generated token: ','
2026-03-09 11:34:46 - INFO - Prompt 81: comma_logit=16.7500 (prob=0.399489), semicolon_logit=11.0625 (prob=0.001353)
[icl_eval|INFO]Prompt 81: comma_logit=16.7500 (prob=0.399489), semicolon_logit=11.0625 (prob=0.001353)
2026-03-09 11:34:47 - INFO - Prompt 82 generated token: ','
[icl_eval|INFO]Prompt 82 generated token: ','
2026-03-09 11:34:47 - INFO - Prompt 82: comma_logit=15.1875 (prob=0.200811), semicolon_logit=11.4375 (prob=0.004723)
[icl_eval|INFO]Prompt 82: comma_logit=15.1875 (prob=0.200811), semicolon_logit=11.4375 (prob=0.004723)
2026-03-09 11:34:47 - INFO - Prompt 83 generated token: ','
[icl_eval|INFO]Prompt 83 generated token: ','
2026-03-09 11:34:47 - INFO - Prompt 83: comma_logit=17.5000 (prob=0.510216), semicolon_logit=11.5000 (prob=0.001265)
[icl_eval|INFO]Prompt 83: comma_logit=17.5000 (prob=0.510216), semicolon_logit=11.5000 (prob=0.001265)
2026-03-09 11:34:47 - INFO - Prompt 84 generated token: ','
[icl_eval|INFO]Prompt 84 generated token: ','
2026-03-09 11:34:47 - INFO - Prompt 84: comma_logit=17.0000 (prob=0.434314), semicolon_logit=10.7500 (prob=0.000838)
[icl_eval|INFO]Prompt 84: comma_logit=17.0000 (prob=0.434314), semicolon_logit=10.7500 (prob=0.000838)
2026-03-09 11:34:47 - INFO - Prompt 85 generated token: ','
[icl_eval|INFO]Prompt 85 generated token: ','
2026-03-09 11:34:47 - INFO - Prompt 85: comma_logit=16.7500 (prob=0.322008), semicolon_logit=11.1250 (prob=0.001161)
[icl_eval|INFO]Prompt 85: comma_logit=16.7500 (prob=0.322008), semicolon_logit=11.1250 (prob=0.001161)
2026-03-09 11:34:48 - INFO - Prompt 86 generated token: ','
[icl_eval|INFO]Prompt 86 generated token: ','
2026-03-09 11:34:48 - INFO - Prompt 86: comma_logit=17.0000 (prob=0.358394), semicolon_logit=11.2500 (prob=0.001141)
[icl_eval|INFO]Prompt 86: comma_logit=17.0000 (prob=0.358394), semicolon_logit=11.2500 (prob=0.001141)
2026-03-09 11:34:48 - INFO - Prompt 87 generated token: ','
[icl_eval|INFO]Prompt 87 generated token: ','
2026-03-09 11:34:48 - INFO - Prompt 87: comma_logit=16.1250 (prob=0.236605), semicolon_logit=11.1250 (prob=0.001594)
[icl_eval|INFO]Prompt 87: comma_logit=16.1250 (prob=0.236605), semicolon_logit=11.1250 (prob=0.001594)
2026-03-09 11:34:48 - INFO - Prompt 88 generated token: ','
[icl_eval|INFO]Prompt 88 generated token: ','
2026-03-09 11:34:48 - INFO - Prompt 88: comma_logit=17.2500 (prob=0.503951), semicolon_logit=10.5625 (prob=0.000628)
[icl_eval|INFO]Prompt 88: comma_logit=17.2500 (prob=0.503951), semicolon_logit=10.5625 (prob=0.000628)
2026-03-09 11:34:49 - INFO - Prompt 89 generated token: ','
[icl_eval|INFO]Prompt 89 generated token: ','
2026-03-09 11:34:49 - INFO - Prompt 89: comma_logit=16.1250 (prob=0.296043), semicolon_logit=10.8750 (prob=0.001553)
[icl_eval|INFO]Prompt 89: comma_logit=16.1250 (prob=0.296043), semicolon_logit=10.8750 (prob=0.001553)
2026-03-09 11:34:49 - INFO - Prompt 90 generated token: ','
[icl_eval|INFO]Prompt 90 generated token: ','
2026-03-09 11:34:49 - INFO - Prompt 90: comma_logit=16.0000 (prob=0.258490), semicolon_logit=10.9375 (prob=0.001636)
[icl_eval|INFO]Prompt 90: comma_logit=16.0000 (prob=0.258490), semicolon_logit=10.9375 (prob=0.001636)
2026-03-09 11:34:49 - INFO - Prompt 91 generated token: ','
[icl_eval|INFO]Prompt 91 generated token: ','
2026-03-09 11:34:49 - INFO - Prompt 91: comma_logit=16.3750 (prob=0.357473), semicolon_logit=11.1250 (prob=0.001876)
[icl_eval|INFO]Prompt 91: comma_logit=16.3750 (prob=0.357473), semicolon_logit=11.1250 (prob=0.001876)
2026-03-09 11:34:50 - INFO - Prompt 92 generated token: ','
[icl_eval|INFO]Prompt 92 generated token: ','
2026-03-09 11:34:50 - INFO - Prompt 92: comma_logit=16.6250 (prob=0.339382), semicolon_logit=11.4375 (prob=0.001896)
[icl_eval|INFO]Prompt 92: comma_logit=16.6250 (prob=0.339382), semicolon_logit=11.4375 (prob=0.001896)
2026-03-09 11:34:50 - INFO - Prompt 93 generated token: ','
[icl_eval|INFO]Prompt 93 generated token: ','
2026-03-09 11:34:50 - INFO - Prompt 93: comma_logit=16.5000 (prob=0.286490), semicolon_logit=11.3750 (prob=0.001704)
[icl_eval|INFO]Prompt 93: comma_logit=16.5000 (prob=0.286490), semicolon_logit=11.3750 (prob=0.001704)
2026-03-09 11:34:50 - INFO - Prompt 94 generated token: ','
[icl_eval|INFO]Prompt 94 generated token: ','
2026-03-09 11:34:50 - INFO - Prompt 94: comma_logit=16.6250 (prob=0.372764), semicolon_logit=11.6250 (prob=0.002512)
[icl_eval|INFO]Prompt 94: comma_logit=16.6250 (prob=0.372764), semicolon_logit=11.6250 (prob=0.002512)
2026-03-09 11:34:51 - INFO - Prompt 95 generated token: ','
[icl_eval|INFO]Prompt 95 generated token: ','
2026-03-09 11:34:51 - INFO - Prompt 95: comma_logit=16.7500 (prob=0.356130), semicolon_logit=10.8125 (prob=0.000940)
[icl_eval|INFO]Prompt 95: comma_logit=16.7500 (prob=0.356130), semicolon_logit=10.8125 (prob=0.000940)
2026-03-09 11:34:51 - INFO - Prompt 96 generated token: ','
[icl_eval|INFO]Prompt 96 generated token: ','
2026-03-09 11:34:51 - INFO - Prompt 96: comma_logit=16.5000 (prob=0.320761), semicolon_logit=11.4375 (prob=0.002030)
[icl_eval|INFO]Prompt 96: comma_logit=16.5000 (prob=0.320761), semicolon_logit=11.4375 (prob=0.002030)
2026-03-09 11:34:51 - INFO - Prompt 97 generated token: ','
[icl_eval|INFO]Prompt 97 generated token: ','
2026-03-09 11:34:51 - INFO - Prompt 97: comma_logit=17.0000 (prob=0.402389), semicolon_logit=11.0000 (prob=0.000997)
[icl_eval|INFO]Prompt 97: comma_logit=17.0000 (prob=0.402389), semicolon_logit=11.0000 (prob=0.000997)
2026-03-09 11:34:52 - INFO - Prompt 98 generated token: ','
[icl_eval|INFO]Prompt 98 generated token: ','
2026-03-09 11:34:52 - INFO - Prompt 98: comma_logit=16.6250 (prob=0.335839), semicolon_logit=11.5000 (prob=0.001997)
[icl_eval|INFO]Prompt 98: comma_logit=16.6250 (prob=0.335839), semicolon_logit=11.5000 (prob=0.001997)
2026-03-09 11:34:52 - INFO - Prompt 99 generated token: ','
[icl_eval|INFO]Prompt 99 generated token: ','
2026-03-09 11:34:52 - INFO - Prompt 99: comma_logit=16.5000 (prob=0.328469), semicolon_logit=11.5000 (prob=0.002213)
[icl_eval|INFO]Prompt 99: comma_logit=16.5000 (prob=0.328469), semicolon_logit=11.5000 (prob=0.002213)
2026-03-09 11:34:52 - INFO - Overall: mean_comma_logit=16.7369 (prob=0.376145), mean_semicolon_logit=11.3038 (prob=0.002288), comma_preferred=100/100, semicolon_preferred=0/100
[icl_eval|INFO]Overall: mean_comma_logit=16.7369 (prob=0.376145), mean_semicolon_logit=11.3038 (prob=0.002288), comma_preferred=100/100, semicolon_preferred=0/100
2026-03-09 11:34:52 - INFO - Results saved to: /workspace/spar-team-recon/projects/ip/results/exp_5/arm_5/icl=18/judgements/comma_vs_semicolon_toy.jsonl
[icl_eval|INFO]Results saved to: /workspace/spar-team-recon/projects/ip/results/exp_5/arm_5/icl=18/judgements/comma_vs_semicolon_toy.jsonl
2026-03-09 11:34:52 - INFO - Results saved to /workspace/spar-team-recon/projects/ip/results/exp_5/arm_5/icl=18/judgements/comma_vs_semicolon_toy.jsonl
[icl_eval|INFO]Results saved to /workspace/spar-team-recon/projects/ip/results/exp_5/arm_5/icl=18/judgements/comma_vs_semicolon_toy.jsonl
2026-03-09 11:34:52 - INFO - ============================================================
[icl_eval|INFO]============================================================
2026-03-09 11:34:52 - INFO - Processing prompts_icl=20.jsonl (icl=20)
[icl_eval|INFO]Processing prompts_icl=20.jsonl (icl=20)
2026-03-09 11:34:52 - INFO - ============================================================
[icl_eval|INFO]============================================================
2026-03-09 11:34:52 - INFO - Loading test data from: /workspace/spar-team-recon/projects/ip/data/evals/comma_vs_semicolon_toy/icl_ip/exp_5_arm_5_ICL_IP_comma/prompts_icl=20.jsonl
[icl_eval|INFO]Loading test data from: /workspace/spar-team-recon/projects/ip/data/evals/comma_vs_semicolon_toy/icl_ip/exp_5_arm_5_ICL_IP_comma/prompts_icl=20.jsonl
2026-03-09 11:34:52 - INFO - Loaded 100 test prompts
[icl_eval|INFO]Loaded 100 test prompts
2026-03-09 11:34:52 - INFO - 100 prompts loaded
[icl_eval|INFO]100 prompts loaded
2026-03-09 11:35:27 - INFO - Rollouts done in 35.1s
[icl_eval|INFO]Rollouts done in 35.1s
2026-03-09 11:35:27 - INFO - Comma ',' tokenizes to IDs: [1044]
[icl_eval|INFO]Comma ',' tokenizes to IDs: [1044]
2026-03-09 11:35:27 - INFO - Semicolon ';' tokenizes to IDs: [1059]
[icl_eval|INFO]Semicolon ';' tokenizes to IDs: [1059]
2026-03-09 11:35:27 - INFO - Using comma_id=1044 (','), semicolon_id=1059 (';')
[icl_eval|INFO]Using comma_id=1044 (','), semicolon_id=1059 (';')
2026-03-09 11:35:27 - INFO - Processing 100 prompts
[icl_eval|INFO]Processing 100 prompts
2026-03-09 11:35:27 - INFO - Prompt 0 generated token: ','
[icl_eval|INFO]Prompt 0 generated token: ','
2026-03-09 11:35:27 - INFO - Prompt 0: comma_logit=17.1250 (prob=0.422527), semicolon_logit=10.7500 (prob=0.000720)
[icl_eval|INFO]Prompt 0: comma_logit=17.1250 (prob=0.422527), semicolon_logit=10.7500 (prob=0.000720)
2026-03-09 11:35:28 - INFO - Prompt 1 generated token: ','
[icl_eval|INFO]Prompt 1 generated token: ','
2026-03-09 11:35:28 - INFO - Prompt 1: comma_logit=16.7500 (prob=0.359063), semicolon_logit=12.7500 (prob=0.006576)
[icl_eval|INFO]Prompt 1: comma_logit=16.7500 (prob=0.359063), semicolon_logit=12.7500 (prob=0.006576)
2026-03-09 11:35:28 - INFO - Prompt 2 generated token: ','
[icl_eval|INFO]Prompt 2 generated token: ','
2026-03-09 11:35:28 - INFO - Prompt 2: comma_logit=15.4375 (prob=0.209721), semicolon_logit=11.3750 (prob=0.003608)
[icl_eval|INFO]Prompt 2: comma_logit=15.4375 (prob=0.209721), semicolon_logit=11.3750 (prob=0.003608)
2026-03-09 11:35:28 - INFO - Prompt 3 generated token: ','
[icl_eval|INFO]Prompt 3 generated token: ','
2026-03-09 11:35:28 - INFO - Prompt 3: comma_logit=15.3750 (prob=0.184092), semicolon_logit=11.5625 (prob=0.004067)
[icl_eval|INFO]Prompt 3: comma_logit=15.3750 (prob=0.184092), semicolon_logit=11.5625 (prob=0.004067)
2026-03-09 11:35:29 - INFO - Prompt 4 generated token: ','
[icl_eval|INFO]Prompt 4 generated token: ','
2026-03-09 11:35:29 - INFO - Prompt 4: comma_logit=16.8750 (prob=0.385296), semicolon_logit=11.8750 (prob=0.002596)
[icl_eval|INFO]Prompt 4: comma_logit=16.8750 (prob=0.385296), semicolon_logit=11.8750 (prob=0.002596)
2026-03-09 11:35:29 - INFO - Prompt 5 generated token: ','
[icl_eval|INFO]Prompt 5 generated token: ','
2026-03-09 11:35:29 - INFO - Prompt 5: comma_logit=17.2500 (prob=0.438442), semicolon_logit=11.6875 (prob=0.001683)
[icl_eval|INFO]Prompt 5: comma_logit=17.2500 (prob=0.438442), semicolon_logit=11.6875 (prob=0.001683)
2026-03-09 11:35:29 - INFO - Prompt 6 generated token: ','
[icl_eval|INFO]Prompt 6 generated token: ','
2026-03-09 11:35:29 - INFO - Prompt 6: comma_logit=17.0000 (prob=0.390318), semicolon_logit=10.6250 (prob=0.000665)
[icl_eval|INFO]Prompt 6: comma_logit=17.0000 (prob=0.390318), semicolon_logit=10.6250 (prob=0.000665)
2026-03-09 11:35:30 - INFO - Prompt 7 generated token: ','
[icl_eval|INFO]Prompt 7 generated token: ','
2026-03-09 11:35:30 - INFO - Prompt 7: comma_logit=17.0000 (prob=0.390007), semicolon_logit=10.8125 (prob=0.000801)
[icl_eval|INFO]Prompt 7: comma_logit=17.0000 (prob=0.390007), semicolon_logit=10.8125 (prob=0.000801)
2026-03-09 11:35:30 - INFO - Prompt 8 generated token: ','
[icl_eval|INFO]Prompt 8 generated token: ','
2026-03-09 11:35:30 - INFO - Prompt 8: comma_logit=17.0000 (prob=0.391752), semicolon_logit=11.3125 (prob=0.001327)
[icl_eval|INFO]Prompt 8: comma_logit=17.0000 (prob=0.391752), semicolon_logit=11.3125 (prob=0.001327)
2026-03-09 11:35:30 - INFO - Prompt 9 generated token: ','
[icl_eval|INFO]Prompt 9 generated token: ','
2026-03-09 11:35:30 - INFO - Prompt 9: comma_logit=16.8750 (prob=0.336937), semicolon_logit=11.3750 (prob=0.001377)
[icl_eval|INFO]Prompt 9: comma_logit=16.8750 (prob=0.336937), semicolon_logit=11.3750 (prob=0.001377)
2026-03-09 11:35:31 - INFO - Prompt 10 generated token: ','
[icl_eval|INFO]Prompt 10 generated token: ','
2026-03-09 11:35:31 - INFO - Prompt 10: comma_logit=17.0000 (prob=0.401220), semicolon_logit=12.0000 (prob=0.002703)
[icl_eval|INFO]Prompt 10: comma_logit=17.0000 (prob=0.401220), semicolon_logit=12.0000 (prob=0.002703)
2026-03-09 11:35:31 - INFO - Prompt 11 generated token: ','
[icl_eval|INFO]Prompt 11 generated token: ','
2026-03-09 11:35:31 - INFO - Prompt 11: comma_logit=16.7500 (prob=0.357423), semicolon_logit=11.3750 (prob=0.001655)
[icl_eval|INFO]Prompt 11: comma_logit=16.7500 (prob=0.357423), semicolon_logit=11.3750 (prob=0.001655)
2026-03-09 11:35:32 - INFO - Prompt 12 generated token: ','
[icl_eval|INFO]Prompt 12 generated token: ','
2026-03-09 11:35:32 - INFO - Prompt 12: comma_logit=16.2500 (prob=0.266297), semicolon_logit=11.1875 (prob=0.001686)
[icl_eval|INFO]Prompt 12: comma_logit=16.2500 (prob=0.266297), semicolon_logit=11.1875 (prob=0.001686)
2026-03-09 11:35:32 - INFO - Prompt 13 generated token: ','
[icl_eval|INFO]Prompt 13 generated token: ','
2026-03-09 11:35:32 - INFO - Prompt 13: comma_logit=17.0000 (prob=0.371284), semicolon_logit=11.5000 (prob=0.001517)
[icl_eval|INFO]Prompt 13: comma_logit=17.0000 (prob=0.371284), semicolon_logit=11.5000 (prob=0.001517)
2026-03-09 11:35:32 - INFO - Prompt 14 generated token: ','
[icl_eval|INFO]Prompt 14 generated token: ','
2026-03-09 11:35:32 - INFO - Prompt 14: comma_logit=16.0000 (prob=0.254907), semicolon_logit=12.1250 (prob=0.005290)
[icl_eval|INFO]Prompt 14: comma_logit=16.0000 (prob=0.254907), semicolon_logit=12.1250 (prob=0.005290)
2026-03-09 11:35:33 - INFO - Prompt 15 generated token: ','
[icl_eval|INFO]Prompt 15 generated token: ','
2026-03-09 11:35:33 - INFO - Prompt 15: comma_logit=16.2500 (prob=0.309681), semicolon_logit=11.0625 (prob=0.001730)
[icl_eval|INFO]Prompt 15: comma_logit=16.2500 (prob=0.309681), semicolon_logit=11.0625 (prob=0.001730)
2026-03-09 11:35:33 - INFO - Prompt 16 generated token: ','
[icl_eval|INFO]Prompt 16 generated token: ','
2026-03-09 11:35:33 - INFO - Prompt 16: comma_logit=16.2500 (prob=0.292360), semicolon_logit=11.6875 (prob=0.003051)
[icl_eval|INFO]Prompt 16: comma_logit=16.2500 (prob=0.292360), semicolon_logit=11.6875 (prob=0.003051)
2026-03-09 11:35:33 - INFO - Prompt 17 generated token: ','
[icl_eval|INFO]Prompt 17 generated token: ','
2026-03-09 11:35:33 - INFO - Prompt 17: comma_logit=17.5000 (prob=0.473345), semicolon_logit=11.3125 (prob=0.000973)
[icl_eval|INFO]Prompt 17: comma_logit=17.5000 (prob=0.473345), semicolon_logit=11.3125 (prob=0.000973)
2026-03-09 11:35:34 - INFO - Prompt 18 generated token: ','
[icl_eval|INFO]Prompt 18 generated token: ','
2026-03-09 11:35:34 - INFO - Prompt 18: comma_logit=16.6250 (prob=0.297956), semicolon_logit=11.5625 (prob=0.001886)
[icl_eval|INFO]Prompt 18: comma_logit=16.6250 (prob=0.297956), semicolon_logit=11.5625 (prob=0.001886)
2026-03-09 11:35:34 - INFO - Prompt 19 generated token: ','
[icl_eval|INFO]Prompt 19 generated token: ','
2026-03-09 11:35:34 - INFO - Prompt 19: comma_logit=17.3750 (prob=0.460377), semicolon_logit=11.1250 (prob=0.000889)
[icl_eval|INFO]Prompt 19: comma_logit=17.3750 (prob=0.460377), semicolon_logit=11.1250 (prob=0.000889)
2026-03-09 11:35:34 - INFO - Prompt 20 generated token: ','
[icl_eval|INFO]Prompt 20 generated token: ','
2026-03-09 11:35:34 - INFO - Prompt 20: comma_logit=16.7500 (prob=0.312120), semicolon_logit=12.9375 (prob=0.006896)
[icl_eval|INFO]Prompt 20: comma_logit=16.7500 (prob=0.312120), semicolon_logit=12.9375 (prob=0.006896)
2026-03-09 11:35:35 - INFO - Prompt 21 generated token: ','
[icl_eval|INFO]Prompt 21 generated token: ','
2026-03-09 11:35:35 - INFO - Prompt 21: comma_logit=16.5000 (prob=0.372545), semicolon_logit=10.7500 (prob=0.001186)
[icl_eval|INFO]Prompt 21: comma_logit=16.5000 (prob=0.372545), semicolon_logit=10.7500 (prob=0.001186)
2026-03-09 11:35:35 - INFO - Prompt 22 generated token: ','
[icl_eval|INFO]Prompt 22 generated token: ','
2026-03-09 11:35:35 - INFO - Prompt 22: comma_logit=16.6250 (prob=0.354488), semicolon_logit=11.0000 (prob=0.001278)
[icl_eval|INFO]Prompt 22: comma_logit=16.6250 (prob=0.354488), semicolon_logit=11.0000 (prob=0.001278)
2026-03-09 11:35:35 - INFO - Prompt 23 generated token: ','
[icl_eval|INFO]Prompt 23 generated token: ','
2026-03-09 11:35:35 - INFO - Prompt 23: comma_logit=15.9375 (prob=0.261263), semicolon_logit=12.8125 (prob=0.011479)
[icl_eval|INFO]Prompt 23: comma_logit=15.9375 (prob=0.261263), semicolon_logit=12.8125 (prob=0.011479)
2026-03-09 11:35:36 - INFO - Prompt 24 generated token: ','
[icl_eval|INFO]Prompt 24 generated token: ','
2026-03-09 11:35:36 - INFO - Prompt 24: comma_logit=17.1250 (prob=0.391287), semicolon_logit=11.5000 (prob=0.001411)
[icl_eval|INFO]Prompt 24: comma_logit=17.1250 (prob=0.391287), semicolon_logit=11.5000 (prob=0.001411)
2026-03-09 11:35:36 - INFO - Prompt 25 generated token: ','
[icl_eval|INFO]Prompt 25 generated token: ','
2026-03-09 11:35:36 - INFO - Prompt 25: comma_logit=17.6250 (prob=0.500144), semicolon_logit=10.3125 (prob=0.000334)
[icl_eval|INFO]Prompt 25: comma_logit=17.6250 (prob=0.500144), semicolon_logit=10.3125 (prob=0.000334)
2026-03-09 11:35:36 - INFO - Prompt 26 generated token: ','
[icl_eval|INFO]Prompt 26 generated token: ','
2026-03-09 11:35:36 - INFO - Prompt 26: comma_logit=16.8750 (prob=0.407305), semicolon_logit=11.0625 (prob=0.001218)
[icl_eval|INFO]Prompt 26: comma_logit=16.8750 (prob=0.407305), semicolon_logit=11.0625 (prob=0.001218)
2026-03-09 11:35:37 - INFO - Prompt 27 generated token: ','
[icl_eval|INFO]Prompt 27 generated token: ','
2026-03-09 11:35:37 - INFO - Prompt 27: comma_logit=16.0000 (prob=0.276352), semicolon_logit=9.7500 (prob=0.000533)
[icl_eval|INFO]Prompt 27: comma_logit=16.0000 (prob=0.276352), semicolon_logit=9.7500 (prob=0.000533)
2026-03-09 11:35:37 - INFO - Prompt 28 generated token: ','
[icl_eval|INFO]Prompt 28 generated token: ','
2026-03-09 11:35:37 - INFO - Prompt 28: comma_logit=17.1250 (prob=0.399287), semicolon_logit=11.6250 (prob=0.001632)
[icl_eval|INFO]Prompt 28: comma_logit=17.1250 (prob=0.399287), semicolon_logit=11.6250 (prob=0.001632)
2026-03-09 11:35:37 - INFO - Prompt 29 generated token: ','
[icl_eval|INFO]Prompt 29 generated token: ','
2026-03-09 11:35:37 - INFO - Prompt 29: comma_logit=17.2500 (prob=0.498753), semicolon_logit=10.8125 (prob=0.000798)
[icl_eval|INFO]Prompt 29: comma_logit=17.2500 (prob=0.498753), semicolon_logit=10.8125 (prob=0.000798)
2026-03-09 11:35:38 - INFO - Prompt 30 generated token: ','
[icl_eval|INFO]Prompt 30 generated token: ','
2026-03-09 11:35:38 - INFO - Prompt 30: comma_logit=17.0000 (prob=0.360742), semicolon_logit=12.1250 (prob=0.002754)
[icl_eval|INFO]Prompt 30: comma_logit=17.0000 (prob=0.360742), semicolon_logit=12.1250 (prob=0.002754)
2026-03-09 11:35:38 - INFO - Prompt 31 generated token: ','
[icl_eval|INFO]Prompt 31 generated token: ','
2026-03-09 11:35:38 - INFO - Prompt 31: comma_logit=17.0000 (prob=0.356867), semicolon_logit=11.3750 (prob=0.001287)
[icl_eval|INFO]Prompt 31: comma_logit=17.0000 (prob=0.356867), semicolon_logit=11.3750 (prob=0.001287)
2026-03-09 11:35:39 - INFO - Prompt 32 generated token: ','
[icl_eval|INFO]Prompt 32 generated token: ','
2026-03-09 11:35:39 - INFO - Prompt 32: comma_logit=17.3750 (prob=0.433187), semicolon_logit=11.0625 (prob=0.000786)
[icl_eval|INFO]Prompt 32: comma_logit=17.3750 (prob=0.433187), semicolon_logit=11.0625 (prob=0.000786)
2026-03-09 11:35:39 - INFO - Prompt 33 generated token: ','
[icl_eval|INFO]Prompt 33 generated token: ','
2026-03-09 11:35:39 - INFO - Prompt 33: comma_logit=17.1250 (prob=0.469153), semicolon_logit=12.6250 (prob=0.005212)
[icl_eval|INFO]Prompt 33: comma_logit=17.1250 (prob=0.469153), semicolon_logit=12.6250 (prob=0.005212)
2026-03-09 11:35:39 - INFO - Prompt 34 generated token: ','
[icl_eval|INFO]Prompt 34 generated token: ','
2026-03-09 11:35:39 - INFO - Prompt 34: comma_logit=17.2500 (prob=0.464883), semicolon_logit=12.1250 (prob=0.002764)
[icl_eval|INFO]Prompt 34: comma_logit=17.2500 (prob=0.464883), semicolon_logit=12.1250 (prob=0.002764)
2026-03-09 11:35:40 - INFO - Prompt 35 generated token: ','
[icl_eval|INFO]Prompt 35 generated token: ','
2026-03-09 11:35:40 - INFO - Prompt 35: comma_logit=17.6250 (prob=0.478105), semicolon_logit=11.9375 (prob=0.001620)
[icl_eval|INFO]Prompt 35: comma_logit=17.6250 (prob=0.478105), semicolon_logit=11.9375 (prob=0.001620)
2026-03-09 11:35:40 - INFO - Prompt 36 generated token: ','
[icl_eval|INFO]Prompt 36 generated token: ','
2026-03-09 11:35:40 - INFO - Prompt 36: comma_logit=16.8750 (prob=0.382811), semicolon_logit=11.5000 (prob=0.001773)
[icl_eval|INFO]Prompt 36: comma_logit=16.8750 (prob=0.382811), semicolon_logit=11.5000 (prob=0.001773)
2026-03-09 11:35:40 - INFO - Prompt 37 generated token: ','
[icl_eval|INFO]Prompt 37 generated token: ','
2026-03-09 11:35:40 - INFO - Prompt 37: comma_logit=17.3750 (prob=0.470755), semicolon_logit=10.8750 (prob=0.000708)
[icl_eval|INFO]Prompt 37: comma_logit=17.3750 (prob=0.470755), semicolon_logit=10.8750 (prob=0.000708)
2026-03-09 11:35:41 - INFO - Prompt 38 generated token: ','
[icl_eval|INFO]Prompt 38 generated token: ','
2026-03-09 11:35:41 - INFO - Prompt 38: comma_logit=16.3750 (prob=0.334201), semicolon_logit=13.8125 (prob=0.025771)
[icl_eval|INFO]Prompt 38: comma_logit=16.3750 (prob=0.334201), semicolon_logit=13.8125 (prob=0.025771)
2026-03-09 11:35:41 - INFO - Prompt 39 generated token: ','
[icl_eval|INFO]Prompt 39 generated token: ','
2026-03-09 11:35:41 - INFO - Prompt 39: comma_logit=16.7500 (prob=0.342695), semicolon_logit=11.6875 (prob=0.002169)
[icl_eval|INFO]Prompt 39: comma_logit=16.7500 (prob=0.342695), semicolon_logit=11.6875 (prob=0.002169)
2026-03-09 11:35:41 - INFO - Prompt 40 generated token: ','
[icl_eval|INFO]Prompt 40 generated token: ','
2026-03-09 11:35:41 - INFO - Prompt 40: comma_logit=16.3750 (prob=0.287349), semicolon_logit=12.6250 (prob=0.006758)
[icl_eval|INFO]Prompt 40: comma_logit=16.3750 (prob=0.287349), semicolon_logit=12.6250 (prob=0.006758)
2026-03-09 11:35:42 - INFO - Prompt 41 generated token: ','
[icl_eval|INFO]Prompt 41 generated token: ','
2026-03-09 11:35:42 - INFO - Prompt 41: comma_logit=16.8750 (prob=0.387742), semicolon_logit=10.2500 (prob=0.000514)
[icl_eval|INFO]Prompt 41: comma_logit=16.8750 (prob=0.387742), semicolon_logit=10.2500 (prob=0.000514)
2026-03-09 11:35:42 - INFO - Prompt 42 generated token: ','
[icl_eval|INFO]Prompt 42 generated token: ','
2026-03-09 11:35:42 - INFO - Prompt 42: comma_logit=17.3750 (prob=0.404923), semicolon_logit=11.4375 (prob=0.001068)
[icl_eval|INFO]Prompt 42: comma_logit=17.3750 (prob=0.404923), semicolon_logit=11.4375 (prob=0.001068)
2026-03-09 11:35:42 - INFO - Prompt 43 generated token: ','
[icl_eval|INFO]Prompt 43 generated token: ','
2026-03-09 11:35:42 - INFO - Prompt 43: comma_logit=17.1250 (prob=0.412889), semicolon_logit=11.0000 (prob=0.000903)
[icl_eval|INFO]Prompt 43: comma_logit=17.1250 (prob=0.412889), semicolon_logit=11.0000 (prob=0.000903)
2026-03-09 11:35:43 - INFO - Prompt 44 generated token: ','
[icl_eval|INFO]Prompt 44 generated token: ','
2026-03-09 11:35:43 - INFO - Prompt 44: comma_logit=17.1250 (prob=0.418759), semicolon_logit=11.5000 (prob=0.001510)
[icl_eval|INFO]Prompt 44: comma_logit=17.1250 (prob=0.418759), semicolon_logit=11.5000 (prob=0.001510)
2026-03-09 11:35:43 - INFO - Prompt 45 generated token: ','
[icl_eval|INFO]Prompt 45 generated token: ','
2026-03-09 11:35:43 - INFO - Prompt 45: comma_logit=16.8750 (prob=0.390594), semicolon_logit=10.9375 (prob=0.001031)
[icl_eval|INFO]Prompt 45: comma_logit=16.8750 (prob=0.390594), semicolon_logit=10.9375 (prob=0.001031)
2026-03-09 11:35:43 - INFO - Prompt 46 generated token: ','
[icl_eval|INFO]Prompt 46 generated token: ','
2026-03-09 11:35:43 - INFO - Prompt 46: comma_logit=16.3750 (prob=0.346091), semicolon_logit=10.6875 (prob=0.001173)
[icl_eval|INFO]Prompt 46: comma_logit=16.3750 (prob=0.346091), semicolon_logit=10.6875 (prob=0.001173)
2026-03-09 11:35:44 - INFO - Prompt 47 generated token: ','
[icl_eval|INFO]Prompt 47 generated token: ','
2026-03-09 11:35:44 - INFO - Prompt 47: comma_logit=16.6250 (prob=0.354796), semicolon_logit=10.8125 (prob=0.001061)
[icl_eval|INFO]Prompt 47: comma_logit=16.6250 (prob=0.354796), semicolon_logit=10.8125 (prob=0.001061)
2026-03-09 11:35:44 - INFO - Prompt 48 generated token: ','
[icl_eval|INFO]Prompt 48 generated token: ','
2026-03-09 11:35:44 - INFO - Prompt 48: comma_logit=16.6250 (prob=0.333914), semicolon_logit=11.5000 (prob=0.001986)
[icl_eval|INFO]Prompt 48: comma_logit=16.6250 (prob=0.333914), semicolon_logit=11.5000 (prob=0.001986)
2026-03-09 11:35:45 - INFO - Prompt 49 generated token: ','
[icl_eval|INFO]Prompt 49 generated token: ','
2026-03-09 11:35:45 - INFO - Prompt 49: comma_logit=17.0000 (prob=0.414344), semicolon_logit=11.5000 (prob=0.001693)
[icl_eval|INFO]Prompt 49: comma_logit=17.0000 (prob=0.414344), semicolon_logit=11.5000 (prob=0.001693)
2026-03-09 11:35:45 - INFO - Prompt 50 generated token: ','
[icl_eval|INFO]Prompt 50 generated token: ','
2026-03-09 11:35:45 - INFO - Prompt 50: comma_logit=16.8750 (prob=0.371278), semicolon_logit=10.6875 (prob=0.000763)
[icl_eval|INFO]Prompt 50: comma_logit=16.8750 (prob=0.371278), semicolon_logit=10.6875 (prob=0.000763)
2026-03-09 11:35:45 - INFO - Prompt 51 generated token: ','
[icl_eval|INFO]Prompt 51 generated token: ','
2026-03-09 11:35:45 - INFO - Prompt 51: comma_logit=16.2500 (prob=0.266122), semicolon_logit=10.8750 (prob=0.001232)
[icl_eval|INFO]Prompt 51: comma_logit=16.2500 (prob=0.266122), semicolon_logit=10.8750 (prob=0.001232)
2026-03-09 11:35:46 - INFO - Prompt 52 generated token: ','
[icl_eval|INFO]Prompt 52 generated token: ','
2026-03-09 11:35:46 - INFO - Prompt 52: comma_logit=17.5000 (prob=0.489394), semicolon_logit=10.5625 (prob=0.000475)
[icl_eval|INFO]Prompt 52: comma_logit=17.5000 (prob=0.489394), semicolon_logit=10.5625 (prob=0.000475)
2026-03-09 11:35:46 - INFO - Prompt 53 generated token: ','
[icl_eval|INFO]Prompt 53 generated token: ','
2026-03-09 11:35:46 - INFO - Prompt 53: comma_logit=17.1250 (prob=0.428003), semicolon_logit=11.2500 (prob=0.001202)
[icl_eval|INFO]Prompt 53: comma_logit=17.1250 (prob=0.428003), semicolon_logit=11.2500 (prob=0.001202)
2026-03-09 11:35:46 - INFO - Prompt 54 generated token: ','
[icl_eval|INFO]Prompt 54 generated token: ','
2026-03-09 11:35:46 - INFO - Prompt 54: comma_logit=17.2500 (prob=0.457570), semicolon_logit=11.5000 (prob=0.001456)
[icl_eval|INFO]Prompt 54: comma_logit=17.2500 (prob=0.457570), semicolon_logit=11.5000 (prob=0.001456)
2026-03-09 11:35:47 - INFO - Prompt 55 generated token: ','
[icl_eval|INFO]Prompt 55 generated token: ','
2026-03-09 11:35:47 - INFO - Prompt 55: comma_logit=16.7500 (prob=0.389000), semicolon_logit=11.3750 (prob=0.001801)
[icl_eval|INFO]Prompt 55: comma_logit=16.7500 (prob=0.389000), semicolon_logit=11.3750 (prob=0.001801)
2026-03-09 11:35:47 - INFO - Prompt 56 generated token: ','
[icl_eval|INFO]Prompt 56 generated token: ','
2026-03-09 11:35:47 - INFO - Prompt 56: comma_logit=17.0000 (prob=0.443321), semicolon_logit=10.6250 (prob=0.000755)
[icl_eval|INFO]Prompt 56: comma_logit=17.0000 (prob=0.443321), semicolon_logit=10.6250 (prob=0.000755)
2026-03-09 11:35:47 - INFO - Prompt 57 generated token: ','
[icl_eval|INFO]Prompt 57 generated token: ','
2026-03-09 11:35:47 - INFO - Prompt 57: comma_logit=17.0000 (prob=0.448824), semicolon_logit=10.8750 (prob=0.000982)
[icl_eval|INFO]Prompt 57: comma_logit=17.0000 (prob=0.448824), semicolon_logit=10.8750 (prob=0.000982)
2026-03-09 11:35:48 - INFO - Prompt 58 generated token: ','
[icl_eval|INFO]Prompt 58 generated token: ','
2026-03-09 11:35:48 - INFO - Prompt 58: comma_logit=16.0000 (prob=0.316396), semicolon_logit=11.5000 (prob=0.003515)
[icl_eval|INFO]Prompt 58: comma_logit=16.0000 (prob=0.316396), semicolon_logit=11.5000 (prob=0.003515)
2026-03-09 11:35:48 - INFO - Prompt 59 generated token: ','
[icl_eval|INFO]Prompt 59 generated token: ','
2026-03-09 11:35:48 - INFO - Prompt 59: comma_logit=17.0000 (prob=0.447188), semicolon_logit=10.6875 (prob=0.000811)
[icl_eval|INFO]Prompt 59: comma_logit=17.0000 (prob=0.447188), semicolon_logit=10.6875 (prob=0.000811)
2026-03-09 11:35:48 - INFO - Prompt 60 generated token: ','
[icl_eval|INFO]Prompt 60 generated token: ','
2026-03-09 11:35:48 - INFO - Prompt 60: comma_logit=17.1250 (prob=0.431178), semicolon_logit=11.1250 (prob=0.001069)
[icl_eval|INFO]Prompt 60: comma_logit=17.1250 (prob=0.431178), semicolon_logit=11.1250 (prob=0.001069)
2026-03-09 11:35:49 - INFO - Prompt 61 generated token: ','
[icl_eval|INFO]Prompt 61 generated token: ','
2026-03-09 11:35:49 - INFO - Prompt 61: comma_logit=16.8750 (prob=0.442736), semicolon_logit=10.3125 (prob=0.000625)
[icl_eval|INFO]Prompt 61: comma_logit=16.8750 (prob=0.442736), semicolon_logit=10.3125 (prob=0.000625)
2026-03-09 11:35:49 - INFO - Prompt 62 generated token: ','
[icl_eval|INFO]Prompt 62 generated token: ','
2026-03-09 11:35:49 - INFO - Prompt 62: comma_logit=16.6250 (prob=0.327101), semicolon_logit=11.5000 (prob=0.001945)
[icl_eval|INFO]Prompt 62: comma_logit=16.6250 (prob=0.327101), semicolon_logit=11.5000 (prob=0.001945)
2026-03-09 11:35:49 - INFO - Prompt 63 generated token: ','
[icl_eval|INFO]Prompt 63 generated token: ','
2026-03-09 11:35:49 - INFO - Prompt 63: comma_logit=17.2500 (prob=0.481312), semicolon_logit=11.5000 (prob=0.001532)
[icl_eval|INFO]Prompt 63: comma_logit=17.2500 (prob=0.481312), semicolon_logit=11.5000 (prob=0.001532)
2026-03-09 11:35:50 - INFO - Prompt 64 generated token: ','
[icl_eval|INFO]Prompt 64 generated token: ','
2026-03-09 11:35:50 - INFO - Prompt 64: comma_logit=16.8750 (prob=0.387740), semicolon_logit=11.8750 (prob=0.002613)
[icl_eval|INFO]Prompt 64: comma_logit=16.8750 (prob=0.387740), semicolon_logit=11.8750 (prob=0.002613)
2026-03-09 11:35:50 - INFO - Prompt 65 generated token: ','
[icl_eval|INFO]Prompt 65 generated token: ','
2026-03-09 11:35:50 - INFO - Prompt 65: comma_logit=17.1250 (prob=0.385275), semicolon_logit=11.1250 (prob=0.000955)
[icl_eval|INFO]Prompt 65: comma_logit=17.1250 (prob=0.385275), semicolon_logit=11.1250 (prob=0.000955)
2026-03-09 11:35:50 - INFO - Prompt 66 generated token: ','
[icl_eval|INFO]Prompt 66 generated token: ','
2026-03-09 11:35:50 - INFO - Prompt 66: comma_logit=17.3750 (prob=0.460750), semicolon_logit=12.0000 (prob=0.002134)
[icl_eval|INFO]Prompt 66: comma_logit=17.3750 (prob=0.460750), semicolon_logit=12.0000 (prob=0.002134)
2026-03-09 11:35:51 - INFO - Prompt 67 generated token: ','
[icl_eval|INFO]Prompt 67 generated token: ','
2026-03-09 11:35:51 - INFO - Prompt 67: comma_logit=17.3750 (prob=0.467211), semicolon_logit=11.6875 (prob=0.001583)
[icl_eval|INFO]Prompt 67: comma_logit=17.3750 (prob=0.467211), semicolon_logit=11.6875 (prob=0.001583)
2026-03-09 11:35:51 - INFO - Prompt 68 generated token: ','
[icl_eval|INFO]Prompt 68 generated token: ','
2026-03-09 11:35:51 - INFO - Prompt 68: comma_logit=16.7500 (prob=0.376994), semicolon_logit=12.1875 (prob=0.003934)
[icl_eval|INFO]Prompt 68: comma_logit=16.7500 (prob=0.376994), semicolon_logit=12.1875 (prob=0.003934)
2026-03-09 11:35:52 - INFO - Prompt 69 generated token: ','
[icl_eval|INFO]Prompt 69 generated token: ','
2026-03-09 11:35:52 - INFO - Prompt 69: comma_logit=17.1250 (prob=0.422677), semicolon_logit=10.8750 (prob=0.000816)
[icl_eval|INFO]Prompt 69: comma_logit=17.1250 (prob=0.422677), semicolon_logit=10.8750 (prob=0.000816)
2026-03-09 11:35:52 - INFO - Prompt 70 generated token: ','
[icl_eval|INFO]Prompt 70 generated token: ','
2026-03-09 11:35:52 - INFO - Prompt 70: comma_logit=17.1250 (prob=0.382041), semicolon_logit=10.8750 (prob=0.000738)
[icl_eval|INFO]Prompt 70: comma_logit=17.1250 (prob=0.382041), semicolon_logit=10.8750 (prob=0.000738)
2026-03-09 11:35:52 - INFO - Prompt 71 generated token: ','
[icl_eval|INFO]Prompt 71 generated token: ','
2026-03-09 11:35:52 - INFO - Prompt 71: comma_logit=16.7500 (prob=0.346148), semicolon_logit=11.0000 (prob=0.001102)
[icl_eval|INFO]Prompt 71: comma_logit=16.7500 (prob=0.346148), semicolon_logit=11.0000 (prob=0.001102)
2026-03-09 11:35:53 - INFO - Prompt 72 generated token: ','
[icl_eval|INFO]Prompt 72 generated token: ','
2026-03-09 11:35:53 - INFO - Prompt 72: comma_logit=16.6250 (prob=0.388064), semicolon_logit=11.5625 (prob=0.002456)
[icl_eval|INFO]Prompt 72: comma_logit=16.6250 (prob=0.388064), semicolon_logit=11.5625 (prob=0.002456)
2026-03-09 11:35:53 - INFO - Prompt 73 generated token: ','
[icl_eval|INFO]Prompt 73 generated token: ','
2026-03-09 11:35:53 - INFO - Prompt 73: comma_logit=17.5000 (prob=0.502410), semicolon_logit=10.3750 (prob=0.000404)
[icl_eval|INFO]Prompt 73: comma_logit=17.5000 (prob=0.502410), semicolon_logit=10.3750 (prob=0.000404)
2026-03-09 11:35:53 - INFO - Prompt 74 generated token: ','
[icl_eval|INFO]Prompt 74 generated token: ','
2026-03-09 11:35:53 - INFO - Prompt 74: comma_logit=17.1250 (prob=0.418165), semicolon_logit=11.8750 (prob=0.002194)
[icl_eval|INFO]Prompt 74: comma_logit=17.1250 (prob=0.418165), semicolon_logit=11.8750 (prob=0.002194)
2026-03-09 11:35:54 - INFO - Prompt 75 generated token: ','
[icl_eval|INFO]Prompt 75 generated token: ','
2026-03-09 11:35:54 - INFO - Prompt 75: comma_logit=16.7500 (prob=0.362883), semicolon_logit=11.4375 (prob=0.001789)
[icl_eval|INFO]Prompt 75: comma_logit=16.7500 (prob=0.362883), semicolon_logit=11.4375 (prob=0.001789)
2026-03-09 11:35:54 - INFO - Prompt 76 generated token: ','
[icl_eval|INFO]Prompt 76 generated token: ','
2026-03-09 11:35:54 - INFO - Prompt 76: comma_logit=17.2500 (prob=0.436825), semicolon_logit=10.5000 (prob=0.000511)
[icl_eval|INFO]Prompt 76: comma_logit=17.2500 (prob=0.436825), semicolon_logit=10.5000 (prob=0.000511)
2026-03-09 11:35:54 - INFO - Prompt 77 generated token: ','
[icl_eval|INFO]Prompt 77 generated token: ','
2026-03-09 11:35:54 - INFO - Prompt 77: comma_logit=17.5000 (prob=0.489466), semicolon_logit=10.8125 (prob=0.000610)
[icl_eval|INFO]Prompt 77: comma_logit=17.5000 (prob=0.489466), semicolon_logit=10.8125 (prob=0.000610)
2026-03-09 11:35:55 - INFO - Prompt 78 generated token: ','
[icl_eval|INFO]Prompt 78 generated token: ','
2026-03-09 11:35:55 - INFO - Prompt 78: comma_logit=17.0000 (prob=0.424078), semicolon_logit=11.9375 (prob=0.002684)
[icl_eval|INFO]Prompt 78: comma_logit=17.0000 (prob=0.424078), semicolon_logit=11.9375 (prob=0.002684)
2026-03-09 11:35:55 - INFO - Prompt 79 generated token: ','
[icl_eval|INFO]Prompt 79 generated token: ','
2026-03-09 11:35:55 - INFO - Prompt 79: comma_logit=16.7500 (prob=0.355383), semicolon_logit=12.6875 (prob=0.006115)
[icl_eval|INFO]Prompt 79: comma_logit=16.7500 (prob=0.355383), semicolon_logit=12.6875 (prob=0.006115)
2026-03-09 11:35:55 - INFO - Prompt 80 generated token: ','
[icl_eval|INFO]Prompt 80 generated token: ','
2026-03-09 11:35:55 - INFO - Prompt 80: comma_logit=15.8750 (prob=0.302991), semicolon_logit=9.8750 (prob=0.000751)
[icl_eval|INFO]Prompt 80: comma_logit=15.8750 (prob=0.302991), semicolon_logit=9.8750 (prob=0.000751)
2026-03-09 11:35:56 - INFO - Prompt 81 generated token: ','
[icl_eval|INFO]Prompt 81 generated token: ','
2026-03-09 11:35:56 - INFO - Prompt 81: comma_logit=17.1250 (prob=0.436371), semicolon_logit=11.5000 (prob=0.001574)
[icl_eval|INFO]Prompt 81: comma_logit=17.1250 (prob=0.436371), semicolon_logit=11.5000 (prob=0.001574)
2026-03-09 11:35:56 - INFO - Prompt 82 generated token: ','
[icl_eval|INFO]Prompt 82 generated token: ','
2026-03-09 11:35:56 - INFO - Prompt 82: comma_logit=14.9375 (prob=0.161324), semicolon_logit=11.8125 (prob=0.007088)
[icl_eval|INFO]Prompt 82: comma_logit=14.9375 (prob=0.161324), semicolon_logit=11.8125 (prob=0.007088)
2026-03-09 11:35:56 - INFO - Prompt 83 generated token: ','
[icl_eval|INFO]Prompt 83 generated token: ','
2026-03-09 11:35:56 - INFO - Prompt 83: comma_logit=17.2500 (prob=0.464994), semicolon_logit=11.3750 (prob=0.001306)
[icl_eval|INFO]Prompt 83: comma_logit=17.2500 (prob=0.464994), semicolon_logit=11.3750 (prob=0.001306)
2026-03-09 11:35:57 - INFO - Prompt 84 generated token: ','
[icl_eval|INFO]Prompt 84 generated token: ','
2026-03-09 11:35:57 - INFO - Prompt 84: comma_logit=17.0000 (prob=0.433106), semicolon_logit=10.9375 (prob=0.001009)
[icl_eval|INFO]Prompt 84: comma_logit=17.0000 (prob=0.433106), semicolon_logit=10.9375 (prob=0.001009)
2026-03-09 11:35:57 - INFO - Prompt 85 generated token: ','
[icl_eval|INFO]Prompt 85 generated token: ','
2026-03-09 11:35:57 - INFO - Prompt 85: comma_logit=17.1250 (prob=0.419934), semicolon_logit=10.6875 (prob=0.000672)
[icl_eval|INFO]Prompt 85: comma_logit=17.1250 (prob=0.419934), semicolon_logit=10.6875 (prob=0.000672)
2026-03-09 11:35:57 - INFO - Prompt 86 generated token: ','
[icl_eval|INFO]Prompt 86 generated token: ','
2026-03-09 11:35:57 - INFO - Prompt 86: comma_logit=17.1250 (prob=0.393133), semicolon_logit=10.4375 (prob=0.000490)
[icl_eval|INFO]Prompt 86: comma_logit=17.1250 (prob=0.393133), semicolon_logit=10.4375 (prob=0.000490)
2026-03-09 11:35:58 - INFO - Prompt 87 generated token: ','
[icl_eval|INFO]Prompt 87 generated token: ','
2026-03-09 11:35:58 - INFO - Prompt 87: comma_logit=16.7500 (prob=0.370505), semicolon_logit=11.3750 (prob=0.001716)
[icl_eval|INFO]Prompt 87: comma_logit=16.7500 (prob=0.370505), semicolon_logit=11.3750 (prob=0.001716)
2026-03-09 11:35:58 - INFO - Prompt 88 generated token: ','
[icl_eval|INFO]Prompt 88 generated token: ','
2026-03-09 11:35:58 - INFO - Prompt 88: comma_logit=17.2500 (prob=0.456500), semicolon_logit=11.4375 (prob=0.001365)
[icl_eval|INFO]Prompt 88: comma_logit=17.2500 (prob=0.456500), semicolon_logit=11.4375 (prob=0.001365)
2026-03-09 11:35:59 - INFO - Prompt 89 generated token: ','
[icl_eval|INFO]Prompt 89 generated token: ','
2026-03-09 11:35:59 - INFO - Prompt 89: comma_logit=16.3750 (prob=0.318517), semicolon_logit=10.5625 (prob=0.000952)
[icl_eval|INFO]Prompt 89: comma_logit=16.3750 (prob=0.318517), semicolon_logit=10.5625 (prob=0.000952)
2026-03-09 11:35:59 - INFO - Prompt 90 generated token: ','
[icl_eval|INFO]Prompt 90 generated token: ','
2026-03-09 11:35:59 - INFO - Prompt 90: comma_logit=16.5000 (prob=0.311633), semicolon_logit=11.1875 (prob=0.001536)
[icl_eval|INFO]Prompt 90: comma_logit=16.5000 (prob=0.311633), semicolon_logit=11.1875 (prob=0.001536)
2026-03-09 11:35:59 - INFO - Prompt 91 generated token: ','
[icl_eval|INFO]Prompt 91 generated token: ','
2026-03-09 11:35:59 - INFO - Prompt 91: comma_logit=17.1250 (prob=0.458856), semicolon_logit=11.5000 (prob=0.001655)
[icl_eval|INFO]Prompt 91: comma_logit=17.1250 (prob=0.458856), semicolon_logit=11.5000 (prob=0.001655)
2026-03-09 11:36:00 - INFO - Prompt 92 generated token: ','
[icl_eval|INFO]Prompt 92 generated token: ','
2026-03-09 11:36:00 - INFO - Prompt 92: comma_logit=16.6250 (prob=0.341116), semicolon_logit=11.1250 (prob=0.001394)
[icl_eval|INFO]Prompt 92: comma_logit=16.6250 (prob=0.341116), semicolon_logit=11.1250 (prob=0.001394)
2026-03-09 11:36:00 - INFO - Prompt 93 generated token: ','
[icl_eval|INFO]Prompt 93 generated token: ','
2026-03-09 11:36:00 - INFO - Prompt 93: comma_logit=16.6250 (prob=0.326636), semicolon_logit=11.1875 (prob=0.001421)
[icl_eval|INFO]Prompt 93: comma_logit=16.6250 (prob=0.326636), semicolon_logit=11.1875 (prob=0.001421)
2026-03-09 11:36:00 - INFO - Prompt 94 generated token: ','
[icl_eval|INFO]Prompt 94 generated token: ','
2026-03-09 11:36:00 - INFO - Prompt 94: comma_logit=17.0000 (prob=0.433157), semicolon_logit=11.0625 (prob=0.001143)
[icl_eval|INFO]Prompt 94: comma_logit=17.0000 (prob=0.433157), semicolon_logit=11.0625 (prob=0.001143)
2026-03-09 11:36:01 - INFO - Prompt 95 generated token: ','
[icl_eval|INFO]Prompt 95 generated token: ','
2026-03-09 11:36:01 - INFO - Prompt 95: comma_logit=16.8750 (prob=0.375307), semicolon_logit=11.3125 (prob=0.001441)
[icl_eval|INFO]Prompt 95: comma_logit=16.8750 (prob=0.375307), semicolon_logit=11.3125 (prob=0.001441)
2026-03-09 11:36:01 - INFO - Prompt 96 generated token: ','
[icl_eval|INFO]Prompt 96 generated token: ','
2026-03-09 11:36:01 - INFO - Prompt 96: comma_logit=16.5000 (prob=0.329538), semicolon_logit=11.5625 (prob=0.002364)
[icl_eval|INFO]Prompt 96: comma_logit=16.5000 (prob=0.329538), semicolon_logit=11.5625 (prob=0.002364)
2026-03-09 11:36:01 - INFO - Prompt 97 generated token: ','
[icl_eval|INFO]Prompt 97 generated token: ','
2026-03-09 11:36:01 - INFO - Prompt 97: comma_logit=16.1250 (prob=0.251051), semicolon_logit=12.0000 (prob=0.004058)
[icl_eval|INFO]Prompt 97: comma_logit=16.1250 (prob=0.251051), semicolon_logit=12.0000 (prob=0.004058)
2026-03-09 11:36:02 - INFO - Prompt 98 generated token: ','
[icl_eval|INFO]Prompt 98 generated token: ','
2026-03-09 11:36:02 - INFO - Prompt 98: comma_logit=16.7500 (prob=0.322388), semicolon_logit=11.8125 (prob=0.002312)
[icl_eval|INFO]Prompt 98: comma_logit=16.7500 (prob=0.322388), semicolon_logit=11.8125 (prob=0.002312)
2026-03-09 11:36:02 - INFO - Prompt 99 generated token: ','
[icl_eval|INFO]Prompt 99 generated token: ','
2026-03-09 11:36:02 - INFO - Prompt 99: comma_logit=17.1250 (prob=0.469090), semicolon_logit=10.6875 (prob=0.000751)
[icl_eval|INFO]Prompt 99: comma_logit=17.1250 (prob=0.469090), semicolon_logit=10.6875 (prob=0.000751)
2026-03-09 11:36:02 - INFO - Overall: mean_comma_logit=16.8431 (prob=0.383330), mean_semicolon_logit=11.3362 (prob=0.002179), comma_preferred=100/100, semicolon_preferred=0/100
[icl_eval|INFO]Overall: mean_comma_logit=16.8431 (prob=0.383330), mean_semicolon_logit=11.3362 (prob=0.002179), comma_preferred=100/100, semicolon_preferred=0/100
2026-03-09 11:36:02 - INFO - Results saved to: /workspace/spar-team-recon/projects/ip/results/exp_5/arm_5/icl=20/judgements/comma_vs_semicolon_toy.jsonl
[icl_eval|INFO]Results saved to: /workspace/spar-team-recon/projects/ip/results/exp_5/arm_5/icl=20/judgements/comma_vs_semicolon_toy.jsonl
2026-03-09 11:36:02 - INFO - Results saved to /workspace/spar-team-recon/projects/ip/results/exp_5/arm_5/icl=20/judgements/comma_vs_semicolon_toy.jsonl
[icl_eval|INFO]Results saved to /workspace/spar-team-recon/projects/ip/results/exp_5/arm_5/icl=20/judgements/comma_vs_semicolon_toy.jsonl
2026-03-09 11:36:02 - INFO - ICL eval finished
[icl_eval|INFO]ICL eval finished
